2026-06-23 11:51:27  [INFO]: Server running on port 3000
2026-06-23 11:51:27  [ERROR]: Database connection failed: Unknown database 'userdb'
2026-06-23 11:52:05  [INFO]: Server running on port 3000
2026-06-23 11:52:05  [ERROR]: Database connection failed: Unknown database 'userdb'
2026-06-23 21:20:36  [INFO]: Server running on port 3000
2026-06-23 21:20:36  [INFO]: MySQL connection pool created successfully
2026-06-23 21:27:49  [INFO]: Server running on port 3000
2026-06-23 21:27:49  [INFO]: MySQL connection pool created successfully
2026-06-23 21:28:00  [INFO]: Server running on port 3000
2026-06-23 21:28:00  [INFO]: MySQL connection pool created successfully
2026-06-23 21:31:10  [INFO]: Server running on port 3000
2026-06-23 21:31:10  [INFO]: MySQL connection pool created successfully
2026-06-23 22:24:54  [INFO]: Server running on port 3000
2026-06-23 22:24:54  [INFO]: MySQL connection pool created successfully
2026-06-23 22:32:08  [INFO]: Server running on port 3000
2026-06-23 22:32:09  [INFO]: MySQL connection pool created successfully
2026-06-23 22:32:27  [INFO]: Server running on port 3000
2026-06-23 22:32:27  [INFO]: MySQL connection pool created successfully
2026-06-23 22:35:14  [INFO]: MySQL connection pool created successfully
2026-06-24 08:51:58  [INFO]: Server running on port 3000
2026-06-24 08:51:58  [INFO]: MySQL connection pool created successfully
2026-06-24 23:42:46  [INFO]: Server running on port 3000
2026-06-24 23:42:46  [INFO]: MySQL connection pool created successfully
2026-06-25 09:18:07  [INFO]: Server running on port 3000
2026-06-25 09:18:07  [INFO]: MySQL connection pool created successfully
2026-06-25 11:20:17  [INFO]: Server running on port 3000
2026-06-25 11:20:22  [ERROR]: Database connection failed: getaddrinfo EAI_AGAIN mysql
2026-06-25 11:20:23  [INFO]: Server running on port 3000
2026-06-25 11:20:28  [ERROR]: Database connection failed: getaddrinfo EAI_AGAIN mysql
2026-06-25 11:20:29  [INFO]: Server running on port 3000
2026-06-25 11:20:34  [ERROR]: Database connection failed: getaddrinfo EAI_AGAIN mysql
2026-06-25 11:20:35  [INFO]: Server running on port 3000
2026-06-25 11:20:40  [ERROR]: Database connection failed: getaddrinfo EAI_AGAIN mysql
2026-06-25 11:20:42  [INFO]: Server running on port 3000
2026-06-25 11:20:47  [ERROR]: Database connection failed: getaddrinfo EAI_AGAIN mysql
2026-06-25 11:20:50  [INFO]: Server running on port 3000
2026-06-25 11:20:55  [ERROR]: Database connection failed: getaddrinfo EAI_AGAIN mysql
2026-06-25 11:20:59  [INFO]: Server running on port 3000
2026-06-25 11:21:04  [ERROR]: Database connection failed: getaddrinfo EAI_AGAIN mysql
2026-06-25 11:21:12  [INFO]: Server running on port 3000
2026-06-25 11:21:17  [ERROR]: Database connection failed: getaddrinfo EAI_AGAIN mysql
2026-06-25 11:21:31  [INFO]: Server running on port 3000
2026-06-25 11:21:36  [ERROR]: Database connection failed: getaddrinfo EAI_AGAIN mysql
2026-06-25 11:22:02  [INFO]: Server running on port 3000
2026-06-25 11:22:07  [ERROR]: Database connection failed: getaddrinfo EAI_AGAIN mysql
2026-06-25 12:13:30  [INFO]: Server running on port 3000
2026-06-25 12:13:35  [ERROR]: Database connection failed: getaddrinfo EAI_AGAIN mysql
2026-06-26 16:31:19  [INFO]: Server running on port 3000
2026-06-26 16:31:19  [ERROR]: Database connection failed: Access denied for user 'appuser'@'172.18.0.3' (using password: YES)
2026-06-26 16:31:21  [INFO]: Server running on port 3000
2026-06-26 16:31:21  [ERROR]: Database connection failed: Access denied for user 'appuser'@'172.18.0.3' (using password: YES)
2026-06-26 16:31:23  [INFO]: Server running on port 3000
2026-06-26 16:31:23  [ERROR]: Database connection failed: Access denied for user 'appuser'@'172.18.0.3' (using password: YES)
2026-06-26 16:31:25  [INFO]: Server running on port 3000
2026-06-26 16:31:25  [ERROR]: Database connection failed: Access denied for user 'appuser'@'172.18.0.3' (using password: YES)
2026-06-26 16:31:28  [INFO]: Server running on port 3000
2026-06-26 16:31:28  [ERROR]: Database connection failed: Access denied for user 'appuser'@'172.18.0.3' (using password: YES)
2026-06-26 16:31:31  [INFO]: Server running on port 3000
2026-06-26 16:31:31  [ERROR]: Database connection failed: Access denied for user 'appuser'@'172.18.0.3' (using password: YES)
2026-06-26 16:31:36  [INFO]: Server running on port 3000
2026-06-26 16:31:36  [ERROR]: Database connection failed: Access denied for user 'appuser'@'172.18.0.3' (using password: YES)
2026-06-27 19:59:42  [INFO]: Server running on port 3000
2026-06-27 19:59:47  [ERROR]: Database connection failed: getaddrinfo EAI_AGAIN mysql
2026-06-27 19:59:50  [INFO]: Server running on port 3000
2026-06-27 19:59:55  [ERROR]: Database connection failed: getaddrinfo EAI_AGAIN mysql
2026-06-27 19:59:56  [INFO]: Server running on port 3000
2026-06-27 20:00:01  [ERROR]: Database connection failed: getaddrinfo EAI_AGAIN mysql
2026-06-27 20:00:03  [INFO]: Server running on port 3000
2026-06-27 20:00:08  [ERROR]: Database connection failed: getaddrinfo EAI_AGAIN mysql
2026-06-27 20:00:10  [INFO]: Server running on port 3000
2026-06-27 20:00:15  [ERROR]: Database connection failed: getaddrinfo EAI_AGAIN mysql
2026-06-27 20:00:18  [INFO]: Server running on port 3000
2026-06-27 20:00:23  [ERROR]: Database connection failed: getaddrinfo EAI_AGAIN mysql
2026-06-27 20:00:27  [INFO]: Server running on port 3000
2026-06-27 20:00:32  [ERROR]: Database connection failed: getaddrinfo EAI_AGAIN mysql
2026-06-27 20:00:40  [INFO]: Server running on port 3000
2026-06-27 20:00:45  [ERROR]: Database connection failed: getaddrinfo EAI_AGAIN mysql
2026-06-27 20:00:59  [INFO]: Server running on port 3000
2026-06-27 20:01:04  [ERROR]: Database connection failed: getaddrinfo EAI_AGAIN mysql
2026-06-27 20:01:31  [INFO]: Server running on port 3000
2026-06-27 20:01:36  [ERROR]: Database connection failed: getaddrinfo EAI_AGAIN mysql
2026-06-27 20:02:28  [INFO]: Server running on port 3000
2026-06-27 20:02:33  [ERROR]: Database connection failed: getaddrinfo EAI_AGAIN mysql
2026-06-27 20:03:35  [INFO]: Server running on port 3000
2026-06-27 20:03:40  [ERROR]: Database connection failed: getaddrinfo EAI_AGAIN mysql
2026-06-27 20:04:42  [INFO]: Server running on port 3000
2026-06-27 20:04:47  [ERROR]: Database connection failed: getaddrinfo EAI_AGAIN mysql
2026-06-28 08:05:39  [INFO]: Server running on port 3000
2026-06-28 08:05:44  [ERROR]: Database connection failed: getaddrinfo EAI_AGAIN mysql
2026-06-28 08:05:46  [INFO]: Server running on port 3000
2026-06-28 08:05:51  [ERROR]: Database connection failed: getaddrinfo EAI_AGAIN mysql
2026-06-28 08:05:53  [INFO]: Server running on port 3000
2026-06-28 08:05:58  [ERROR]: Database connection failed: getaddrinfo EAI_AGAIN mysql
2026-06-28 08:05:59  [INFO]: Server running on port 3000
2026-06-28 08:06:04  [ERROR]: Database connection failed: getaddrinfo EAI_AGAIN mysql
2026-06-28 08:06:06  [INFO]: Server running on port 3000
2026-06-28 08:06:11  [ERROR]: Database connection failed: getaddrinfo EAI_AGAIN mysql
2026-06-28 08:06:14  [INFO]: Server running on port 3000
2026-06-28 08:06:19  [ERROR]: Database connection failed: getaddrinfo EAI_AGAIN mysql
2026-06-28 08:06:24  [INFO]: Server running on port 3000
2026-06-28 08:06:29  [ERROR]: Database connection failed: getaddrinfo EAI_AGAIN mysql
2026-06-28 08:06:37  [INFO]: Server running on port 3000
2026-06-28 08:06:42  [ERROR]: Database connection failed: getaddrinfo EAI_AGAIN mysql
2026-06-28 08:06:56  [INFO]: Server running on port 3000
2026-06-28 08:07:01  [ERROR]: Database connection failed: getaddrinfo EAI_AGAIN mysql
2026-06-28 12:05:58  [INFO]: Server running on port 3000
2026-06-28 12:06:03  [ERROR]: Database connection failed: getaddrinfo EAI_AGAIN mysql
2026-06-28 12:06:06  [INFO]: Server running on port 3000
2026-06-28 12:06:11  [ERROR]: Database connection failed: getaddrinfo EAI_AGAIN mysql
2026-06-28 12:06:13  [INFO]: Server running on port 3000
2026-06-28 12:06:18  [ERROR]: Database connection failed: getaddrinfo EAI_AGAIN mysql
2026-06-28 12:06:21  [INFO]: Server running on port 3000
2026-06-28 12:06:26  [ERROR]: Database connection failed: getaddrinfo EAI_AGAIN mysql
2026-06-28 12:06:28  [INFO]: Server running on port 3000
2026-06-28 12:06:33  [ERROR]: Database connection failed: getaddrinfo EAI_AGAIN mysql
2026-06-28 12:06:37  [INFO]: Server running on port 3000
2026-06-28 12:06:42  [ERROR]: Database connection failed: getaddrinfo EAI_AGAIN mysql
2026-06-28 12:06:47  [INFO]: Server running on port 3000
2026-06-28 12:06:52  [ERROR]: Database connection failed: getaddrinfo EAI_AGAIN mysql
2026-06-28 12:07:01  [INFO]: Server running on port 3000
2026-06-28 12:07:06  [ERROR]: Database connection failed: getaddrinfo EAI_AGAIN mysql
2026-06-28 12:07:20  [INFO]: Server running on port 3000
2026-06-28 12:07:25  [ERROR]: Database connection failed: getaddrinfo EAI_AGAIN mysql
2026-06-28 12:07:53  [INFO]: Server running on port 3000
2026-06-28 12:07:58  [ERROR]: Database connection failed: getaddrinfo EAI_AGAIN mysql
2026-06-28 12:08:51  [INFO]: Server running on port 3000
2026-06-28 12:08:56  [ERROR]: Database connection failed: getaddrinfo EAI_AGAIN mysql
2026-06-28 12:09:58  [INFO]: Server running on port 3000
2026-06-28 12:10:03  [ERROR]: Database connection failed: getaddrinfo EAI_AGAIN mysql
2026-06-28 12:11:06  [INFO]: Server running on port 3000
2026-06-28 12:11:11  [ERROR]: Database connection failed: getaddrinfo EAI_AGAIN mysql
2026-06-28 12:12:13  [INFO]: Server running on port 3000
2026-06-28 12:12:18  [ERROR]: Database connection failed: getaddrinfo EAI_AGAIN mysql
2026-06-28 12:13:19  [INFO]: Server running on port 3000
2026-06-28 12:13:24  [ERROR]: Database connection failed: getaddrinfo EAI_AGAIN mysql
2026-06-28 12:14:26  [INFO]: Server running on port 3000
2026-06-28 12:14:31  [ERROR]: Database connection failed: getaddrinfo EAI_AGAIN mysql
2026-06-28 12:15:32  [INFO]: Server running on port 3000
2026-06-28 12:15:37  [ERROR]: Database connection failed: getaddrinfo EAI_AGAIN mysql
2026-06-28 12:16:39  [INFO]: Server running on port 3000
2026-06-28 12:16:44  [ERROR]: Database connection failed: getaddrinfo EAI_AGAIN mysql
2026-06-28 12:17:46  [INFO]: Server running on port 3000
2026-06-28 12:17:51  [ERROR]: Database connection failed: getaddrinfo EAI_AGAIN mysql
2026-06-28 12:18:52  [INFO]: Server running on port 3000
2026-06-28 12:18:57  [ERROR]: Database connection failed: getaddrinfo EAI_AGAIN mysql
2026-06-28 12:20:00  [INFO]: Server running on port 3000
2026-06-28 12:20:05  [ERROR]: Database connection failed: getaddrinfo EAI_AGAIN mysql
2026-06-28 12:21:12  [INFO]: Server running on port 3000
2026-06-28 12:21:17  [ERROR]: Database connection failed: getaddrinfo EAI_AGAIN mysql
2026-06-28 12:21:23  [INFO]: Server running on port 3000
2026-06-28 12:21:28  [ERROR]: Database connection failed: getaddrinfo EAI_AGAIN mysql
2026-06-28 12:21:31  [INFO]: Server running on port 3000
2026-06-28 12:21:36  [ERROR]: Database connection failed: getaddrinfo EAI_AGAIN mysql
2026-06-28 12:21:39  [INFO]: Server running on port 3000
2026-06-28 12:21:44  [ERROR]: Database connection failed: getaddrinfo EAI_AGAIN mysql
2026-06-28 12:21:47  [INFO]: Server running on port 3000
2026-06-28 12:21:52  [ERROR]: Database connection failed: getaddrinfo EAI_AGAIN mysql
2026-06-28 12:21:56  [INFO]: Server running on port 3000
2026-06-28 12:22:01  [ERROR]: Database connection failed: getaddrinfo EAI_AGAIN mysql
2026-06-28 12:22:07  [INFO]: Server running on port 3000
2026-06-28 12:22:12  [ERROR]: Database connection failed: getaddrinfo EAI_AGAIN mysql
2026-06-28 12:22:20  [INFO]: Server running on port 3000
2026-06-28 12:22:25  [ERROR]: Database connection failed: getaddrinfo EAI_AGAIN mysql
2026-06-28 12:22:43  [INFO]: Server running on port 3000
2026-06-28 12:22:48  [ERROR]: Database connection failed: getaddrinfo EAI_AGAIN mysql
2026-06-28 12:23:16  [INFO]: Server running on port 3000
2026-06-28 12:23:21  [ERROR]: Database connection failed: getaddrinfo EAI_AGAIN mysql
2026-06-28 12:24:15  [INFO]: Server running on port 3000
2026-06-28 12:24:20  [ERROR]: Database connection failed: getaddrinfo EAI_AGAIN mysql
2026-06-28 12:25:26  [INFO]: Server running on port 3000
2026-06-28 12:25:31  [ERROR]: Database connection failed: getaddrinfo EAI_AGAIN mysql
2026-06-28 12:25:34  [INFO]: Server running on port 3000
2026-06-28 12:25:39  [ERROR]: Database connection failed: getaddrinfo EAI_AGAIN mysql
2026-06-28 12:25:40  [INFO]: Server running on port 3000
2026-06-28 12:25:45  [ERROR]: Database connection failed: getaddrinfo EAI_AGAIN mysql
2026-06-28 12:25:47  [INFO]: Server running on port 3000
2026-06-28 12:25:52  [ERROR]: Database connection failed: getaddrinfo EAI_AGAIN mysql
2026-06-28 12:25:55  [INFO]: Server running on port 3000
2026-06-28 12:26:00  [ERROR]: Database connection failed: getaddrinfo EAI_AGAIN mysql
2026-06-28 12:26:04  [INFO]: Server running on port 3000
2026-06-28 12:26:09  [ERROR]: Database connection failed: getaddrinfo EAI_AGAIN mysql
2026-06-28 12:26:15  [INFO]: Server running on port 3000
2026-06-28 12:26:20  [ERROR]: Database connection failed: getaddrinfo EAI_AGAIN mysql
2026-06-28 12:26:32  [INFO]: Server running on port 3000
2026-06-28 12:26:37  [ERROR]: Database connection failed: getaddrinfo EAI_AGAIN mysql
2026-06-28 12:26:41  [INFO]: Server running on port 3000
2026-06-28 12:26:46  [ERROR]: Database connection failed: getaddrinfo EAI_AGAIN mysql
2026-06-28 12:26:49  [INFO]: Server running on port 3000
2026-06-28 12:26:54  [ERROR]: Database connection failed: getaddrinfo EAI_AGAIN mysql
2026-06-28 12:26:57  [INFO]: Server running on port 3000
2026-06-28 12:27:02  [ERROR]: Database connection failed: getaddrinfo EAI_AGAIN mysql
2026-06-28 12:27:06  [INFO]: Server running on port 3000
2026-06-28 12:27:11  [ERROR]: Database connection failed: getaddrinfo EAI_AGAIN mysql
2026-06-28 12:27:15  [INFO]: Server running on port 3000
2026-06-28 12:27:20  [ERROR]: Database connection failed: getaddrinfo EAI_AGAIN mysql
2026-06-28 12:27:26  [INFO]: Server running on port 3000
2026-06-28 12:27:30  [ERROR]: Database connection failed: getaddrinfo EAI_AGAIN mysql
2026-06-28 12:27:38  [INFO]: Server running on port 3000
2026-06-28 12:27:43  [ERROR]: Database connection failed: getaddrinfo EAI_AGAIN mysql
2026-06-28 12:27:58  [INFO]: Server running on port 3000
2026-06-28 12:28:03  [ERROR]: Database connection failed: getaddrinfo EAI_AGAIN mysql
2026-06-28 12:28:30  [INFO]: Server running on port 3000
2026-06-28 12:28:35  [ERROR]: Database connection failed: getaddrinfo EAI_AGAIN mysql
2026-06-28 12:29:30  [INFO]: Server running on port 3000
2026-06-28 12:29:35  [ERROR]: Database connection failed: getaddrinfo EAI_AGAIN mysql
2026-06-28 12:30:37  [INFO]: Server running on port 3000
2026-06-28 12:30:42  [ERROR]: Database connection failed: getaddrinfo EAI_AGAIN mysql
2026-06-28 12:31:44  [INFO]: Server running on port 3000
2026-06-28 12:31:49  [ERROR]: Database connection failed: getaddrinfo EAI_AGAIN mysql
2026-06-28 12:32:51  [INFO]: Server running on port 3000
2026-06-28 12:32:56  [ERROR]: Database connection failed: getaddrinfo EAI_AGAIN mysql
2026-06-28 12:33:58  [INFO]: Server running on port 3000
2026-06-28 12:34:03  [ERROR]: Database connection failed: getaddrinfo EAI_AGAIN mysql
2026-06-28 12:35:05  [INFO]: Server running on port 3000
2026-06-28 12:35:10  [ERROR]: Database connection failed: getaddrinfo EAI_AGAIN mysql
2026-06-28 12:36:12  [INFO]: Server running on port 3000
2026-06-28 12:36:17  [ERROR]: Database connection failed: getaddrinfo EAI_AGAIN mysql
2026-06-28 12:37:18  [INFO]: Server running on port 3000
2026-06-28 12:37:23  [ERROR]: Database connection failed: getaddrinfo EAI_AGAIN mysql
2026-06-28 12:38:25  [INFO]: Server running on port 3000
2026-06-28 12:38:30  [ERROR]: Database connection failed: getaddrinfo EAI_AGAIN mysql
2026-06-28 12:39:31  [INFO]: Server running on port 3000
2026-06-28 12:39:36  [ERROR]: Database connection failed: getaddrinfo EAI_AGAIN mysql
2026-06-28 12:40:38  [INFO]: Server running on port 3000
2026-06-28 12:40:43  [ERROR]: Database connection failed: getaddrinfo EAI_AGAIN mysql
2026-06-28 12:41:45  [INFO]: Server running on port 3000
2026-06-28 12:41:50  [ERROR]: Database connection failed: getaddrinfo EAI_AGAIN mysql
2026-06-28 12:42:51  [INFO]: Server running on port 3000
2026-06-28 12:42:56  [ERROR]: Database connection failed: getaddrinfo EAI_AGAIN mysql
2026-06-28 12:46:25  [INFO]: Server running on port 3000
2026-06-28 12:46:30  [ERROR]: Database connection failed: getaddrinfo EAI_AGAIN mysql
2026-06-28 12:47:31  [INFO]: Server running on port 3000
2026-06-28 12:47:36  [ERROR]: Database connection failed: getaddrinfo EAI_AGAIN mysql
2026-06-28 12:48:39  [INFO]: Server running on port 3000
2026-06-28 12:48:44  [ERROR]: Database connection failed: getaddrinfo EAI_AGAIN mysql
2026-06-28 12:49:46  [INFO]: Server running on port 3000
2026-06-28 12:49:51  [ERROR]: Database connection failed: getaddrinfo EAI_AGAIN mysql
2026-06-28 12:50:52  [INFO]: Server running on port 3000
2026-06-28 12:50:57  [ERROR]: Database connection failed: getaddrinfo EAI_AGAIN mysql
2026-06-28 12:51:58  [INFO]: Server running on port 3000
2026-06-28 12:52:03  [ERROR]: Database connection failed: getaddrinfo EAI_AGAIN mysql
2026-06-28 12:53:03  [INFO]: Server running on port 3000
2026-06-28 12:53:09  [ERROR]: Database connection failed: getaddrinfo EAI_AGAIN mysql
2026-06-28 12:54:09  [INFO]: Server running on port 3000
2026-06-28 12:54:14  [ERROR]: Database connection failed: getaddrinfo EAI_AGAIN mysql
2026-06-28 12:55:15  [INFO]: Server running on port 3000
2026-06-28 12:55:20  [ERROR]: Database connection failed: getaddrinfo EAI_AGAIN mysql
2026-06-28 12:56:21  [INFO]: Server running on port 3000
2026-06-28 12:56:26  [ERROR]: Database connection failed: getaddrinfo EAI_AGAIN mysql
2026-06-28 12:57:28  [INFO]: Server running on port 3000
2026-06-28 12:57:33  [ERROR]: Database connection failed: getaddrinfo EAI_AGAIN mysql
2026-06-28 12:58:34  [INFO]: Server running on port 3000
2026-06-28 12:58:39  [ERROR]: Database connection failed: getaddrinfo EAI_AGAIN mysql
2026-06-28 12:59:40  [INFO]: Server running on port 3000
2026-06-28 12:59:45  [ERROR]: Database connection failed: getaddrinfo EAI_AGAIN mysql
2026-06-28 13:00:46  [INFO]: Server running on port 3000
2026-06-28 13:00:51  [ERROR]: Database connection failed: getaddrinfo EAI_AGAIN mysql
2026-06-28 13:01:52  [INFO]: Server running on port 3000
2026-06-28 13:01:57  [ERROR]: Database connection failed: getaddrinfo EAI_AGAIN mysql
2026-06-28 13:02:58  [INFO]: Server running on port 3000
2026-06-28 13:03:03  [ERROR]: Database connection failed: getaddrinfo EAI_AGAIN mysql
2026-06-28 13:04:04  [INFO]: Server running on port 3000
2026-06-28 13:04:09  [ERROR]: Database connection failed: getaddrinfo EAI_AGAIN mysql
2026-06-28 13:05:10  [INFO]: Server running on port 3000
2026-06-28 13:05:15  [ERROR]: Database connection failed: getaddrinfo EAI_AGAIN mysql
2026-06-28 13:06:16  [INFO]: Server running on port 3000
2026-06-28 13:06:21  [ERROR]: Database connection failed: getaddrinfo EAI_AGAIN mysql
2026-06-28 13:07:22  [INFO]: Server running on port 3000
2026-06-28 13:07:27  [ERROR]: Database connection failed: getaddrinfo EAI_AGAIN mysql
2026-06-28 13:08:28  [INFO]: Server running on port 3000
2026-06-28 13:08:33  [ERROR]: Database connection failed: getaddrinfo EAI_AGAIN mysql
2026-06-28 13:09:34  [INFO]: Server running on port 3000
2026-06-28 13:09:39  [ERROR]: Database connection failed: getaddrinfo EAI_AGAIN mysql
2026-06-28 13:10:40  [INFO]: Server running on port 3000
2026-06-28 13:10:45  [ERROR]: Database connection failed: getaddrinfo EAI_AGAIN mysql
2026-06-28 13:11:46  [INFO]: Server running on port 3000
2026-06-28 13:11:51  [ERROR]: Database connection failed: getaddrinfo EAI_AGAIN mysql
2026-06-28 13:12:52  [INFO]: Server running on port 3000
2026-06-28 13:12:57  [ERROR]: Database connection failed: getaddrinfo EAI_AGAIN mysql
2026-06-28 13:13:58  [INFO]: Server running on port 3000
2026-06-28 13:14:03  [ERROR]: Database connection failed: getaddrinfo EAI_AGAIN mysql
2026-06-28 13:15:06  [INFO]: Server running on port 3000
2026-06-28 13:15:11  [ERROR]: Database connection failed: getaddrinfo EAI_AGAIN mysql
2026-06-28 13:16:13  [INFO]: Server running on port 3000
2026-06-28 13:16:18  [ERROR]: Database connection failed: getaddrinfo EAI_AGAIN mysql
2026-06-28 13:17:20  [INFO]: Server running on port 3000
2026-06-28 13:17:25  [ERROR]: Database connection failed: getaddrinfo EAI_AGAIN mysql
2026-06-28 13:18:27  [INFO]: Server running on port 3000
2026-06-28 13:18:32  [ERROR]: Database connection failed: getaddrinfo EAI_AGAIN mysql
2026-06-28 13:19:34  [INFO]: Server running on port 3000
2026-06-28 13:19:39  [ERROR]: Database connection failed: getaddrinfo EAI_AGAIN mysql
2026-06-28 13:20:42  [INFO]: Server running on port 3000
2026-06-28 13:20:47  [ERROR]: Database connection failed: getaddrinfo EAI_AGAIN mysql
2026-06-28 13:21:50  [INFO]: Server running on port 3000
2026-06-28 13:21:55  [ERROR]: Database connection failed: getaddrinfo EAI_AGAIN mysql
2026-06-28 13:22:57  [INFO]: Server running on port 3000
2026-06-28 13:23:02  [ERROR]: Database connection failed: getaddrinfo EAI_AGAIN mysql
2026-06-28 13:24:04  [INFO]: Server running on port 3000
2026-06-28 13:24:09  [ERROR]: Database connection failed: getaddrinfo EAI_AGAIN mysql
2026-06-28 13:25:10  [INFO]: Server running on port 3000
2026-06-28 13:25:15  [ERROR]: Database connection failed: getaddrinfo EAI_AGAIN mysql
2026-06-28 13:26:17  [INFO]: Server running on port 3000
2026-06-28 13:26:22  [ERROR]: Database connection failed: getaddrinfo EAI_AGAIN mysql
2026-06-28 13:27:24  [INFO]: Server running on port 3000
2026-06-28 13:27:29  [ERROR]: Database connection failed: getaddrinfo EAI_AGAIN mysql
2026-06-28 13:28:30  [INFO]: Server running on port 3000
2026-06-28 13:28:35  [ERROR]: Database connection failed: getaddrinfo EAI_AGAIN mysql
2026-06-28 13:29:38  [INFO]: Server running on port 3000
2026-06-28 13:29:43  [ERROR]: Database connection failed: getaddrinfo EAI_AGAIN mysql
2026-06-28 13:30:44  [INFO]: Server running on port 3000
2026-06-28 13:30:49  [ERROR]: Database connection failed: getaddrinfo EAI_AGAIN mysql
2026-06-28 13:31:50  [INFO]: Server running on port 3000
2026-06-28 13:31:55  [ERROR]: Database connection failed: getaddrinfo EAI_AGAIN mysql
2026-06-28 13:32:57  [INFO]: Server running on port 3000
2026-06-28 13:33:02  [ERROR]: Database connection failed: getaddrinfo EAI_AGAIN mysql
2026-06-28 13:34:03  [INFO]: Server running on port 3000
2026-06-28 13:34:08  [ERROR]: Database connection failed: getaddrinfo EAI_AGAIN mysql
2026-06-28 13:35:10  [INFO]: Server running on port 3000
2026-06-28 13:35:15  [ERROR]: Database connection failed: getaddrinfo EAI_AGAIN mysql
2026-06-28 13:36:18  [INFO]: Server running on port 3000
2026-06-28 13:36:23  [ERROR]: Database connection failed: getaddrinfo EAI_AGAIN mysql
2026-06-28 13:37:26  [INFO]: Server running on port 3000
2026-06-28 13:37:31  [ERROR]: Database connection failed: getaddrinfo EAI_AGAIN mysql
2026-06-29 06:32:35  [INFO]: Server running on port 3000
2026-06-29 06:32:40  [ERROR]: Database connection failed: getaddrinfo EAI_AGAIN mysql
2026-06-29 06:32:41  [INFO]: Server running on port 3000
2026-06-29 06:32:46  [ERROR]: Database connection failed: getaddrinfo EAI_AGAIN mysql
2026-06-29 06:32:47  [INFO]: Server running on port 3000
2026-06-29 06:32:52  [ERROR]: Database connection failed: getaddrinfo EAI_AGAIN mysql
2026-06-29 06:32:53  [INFO]: Server running on port 3000
2026-06-29 06:32:58  [ERROR]: Database connection failed: getaddrinfo EAI_AGAIN mysql
2026-06-29 06:33:00  [INFO]: Server running on port 3000
2026-06-29 06:33:05  [ERROR]: Database connection failed: getaddrinfo EAI_AGAIN mysql
2026-06-29 06:33:07  [INFO]: Server running on port 3000
2026-06-29 06:33:12  [ERROR]: Database connection failed: getaddrinfo EAI_AGAIN mysql
2026-06-29 06:33:16  [INFO]: Server running on port 3000
2026-06-29 06:33:21  [ERROR]: Database connection failed: getaddrinfo EAI_AGAIN mysql
2026-06-29 06:33:28  [INFO]: Server running on port 3000
2026-06-29 06:33:33  [ERROR]: Database connection failed: getaddrinfo EAI_AGAIN mysql
2026-06-29 06:33:47  [INFO]: Server running on port 3000
2026-06-29 06:33:52  [ERROR]: Database connection failed: getaddrinfo EAI_AGAIN mysql
2026-06-29 06:34:18  [INFO]: Server running on port 3000
2026-06-29 06:34:23  [ERROR]: Database connection failed: getaddrinfo EAI_AGAIN mysql
2026-06-29 06:35:15  [INFO]: Server running on port 3000
2026-06-29 06:35:20  [ERROR]: Database connection failed: getaddrinfo EAI_AGAIN mysql
2026-06-29 06:36:21  [INFO]: Server running on port 3000
2026-06-29 06:36:26  [ERROR]: Database connection failed: getaddrinfo EAI_AGAIN mysql
2026-06-29 06:37:27  [INFO]: Server running on port 3000
2026-06-29 06:37:32  [ERROR]: Database connection failed: getaddrinfo EAI_AGAIN mysql
2026-06-29 06:38:33  [INFO]: Server running on port 3000
2026-06-29 06:38:38  [ERROR]: Database connection failed: getaddrinfo EAI_AGAIN mysql
2026-06-29 06:39:38  [INFO]: Server running on port 3000
2026-06-29 06:39:43  [ERROR]: Database connection failed: getaddrinfo EAI_AGAIN mysql
2026-06-29 06:40:44  [INFO]: Server running on port 3000
2026-06-29 06:40:49  [ERROR]: Database connection failed: getaddrinfo EAI_AGAIN mysql
2026-06-29 06:41:50  [INFO]: Server running on port 3000
2026-06-29 06:41:55  [ERROR]: Database connection failed: getaddrinfo EAI_AGAIN mysql
2026-06-29 06:42:56  [INFO]: Server running on port 3000
2026-06-29 06:43:01  [ERROR]: Database connection failed: getaddrinfo EAI_AGAIN mysql
2026-06-29 06:44:02  [INFO]: Server running on port 3000
2026-06-29 06:44:07  [ERROR]: Database connection failed: getaddrinfo EAI_AGAIN mysql
2026-06-29 06:45:07  [INFO]: Server running on port 3000
2026-06-29 06:45:12  [ERROR]: Database connection failed: getaddrinfo EAI_AGAIN mysql
2026-06-29 06:46:13  [INFO]: Server running on port 3000
2026-06-29 06:46:18  [ERROR]: Database connection failed: getaddrinfo EAI_AGAIN mysql
2026-06-29 06:47:19  [INFO]: Server running on port 3000
2026-06-29 06:47:24  [ERROR]: Database connection failed: getaddrinfo EAI_AGAIN mysql
2026-06-29 06:48:25  [INFO]: Server running on port 3000
2026-06-29 06:48:30  [ERROR]: Database connection failed: getaddrinfo EAI_AGAIN mysql
2026-06-29 06:49:31  [INFO]: Server running on port 3000
2026-06-29 06:49:36  [ERROR]: Database connection failed: getaddrinfo EAI_AGAIN mysql
2026-06-29 06:50:36  [INFO]: Server running on port 3000
2026-06-29 06:50:41  [ERROR]: Database connection failed: getaddrinfo EAI_AGAIN mysql
2026-06-29 06:51:42  [INFO]: Server running on port 3000
2026-06-29 06:51:47  [ERROR]: Database connection failed: getaddrinfo EAI_AGAIN mysql
2026-06-29 06:52:48  [INFO]: Server running on port 3000
2026-06-29 06:52:53  [ERROR]: Database connection failed: getaddrinfo EAI_AGAIN mysql
2026-06-29 06:53:54  [INFO]: Server running on port 3000
2026-06-29 06:53:59  [ERROR]: Database connection failed: getaddrinfo EAI_AGAIN mysql
2026-06-29 06:55:00  [INFO]: Server running on port 3000
2026-06-29 06:55:05  [ERROR]: Database connection failed: getaddrinfo EAI_AGAIN mysql
2026-06-29 06:56:06  [INFO]: Server running on port 3000
2026-06-29 06:56:11  [ERROR]: Database connection failed: getaddrinfo EAI_AGAIN mysql
2026-06-29 06:57:13  [INFO]: Server running on port 3000
2026-06-29 06:57:18  [ERROR]: Database connection failed: getaddrinfo EAI_AGAIN mysql
2026-06-29 06:58:19  [INFO]: Server running on port 3000
2026-06-29 06:58:24  [ERROR]: Database connection failed: getaddrinfo EAI_AGAIN mysql
2026-06-29 06:59:25  [INFO]: Server running on port 3000
2026-06-29 06:59:30  [ERROR]: Database connection failed: getaddrinfo EAI_AGAIN mysql
2026-06-29 07:00:31  [INFO]: Server running on port 3000
2026-06-29 07:00:36  [ERROR]: Database connection failed: getaddrinfo EAI_AGAIN mysql
2026-06-29 07:01:37  [INFO]: Server running on port 3000
2026-06-29 07:01:42  [ERROR]: Database connection failed: getaddrinfo EAI_AGAIN mysql
2026-06-29 07:02:43  [INFO]: Server running on port 3000
2026-06-29 07:02:48  [ERROR]: Database connection failed: getaddrinfo EAI_AGAIN mysql
2026-06-29 07:03:49  [INFO]: Server running on port 3000
2026-06-29 07:03:54  [ERROR]: Database connection failed: getaddrinfo EAI_AGAIN mysql
2026-06-29 07:04:55  [INFO]: Server running on port 3000
2026-06-29 07:05:00  [ERROR]: Database connection failed: getaddrinfo EAI_AGAIN mysql
2026-06-29 07:06:01  [INFO]: Server running on port 3000
2026-06-29 07:06:06  [ERROR]: Database connection failed: getaddrinfo EAI_AGAIN mysql
2026-06-29 07:07:07  [INFO]: Server running on port 3000
2026-06-29 07:07:12  [ERROR]: Database connection failed: getaddrinfo EAI_AGAIN mysql
2026-06-29 07:08:14  [INFO]: Server running on port 3000
2026-06-29 07:08:19  [ERROR]: Database connection failed: getaddrinfo EAI_AGAIN mysql
2026-06-29 07:09:21  [INFO]: Server running on port 3000
2026-06-29 07:09:26  [ERROR]: Database connection failed: getaddrinfo EAI_AGAIN mysql
2026-06-29 07:10:28  [INFO]: Server running on port 3000
2026-06-29 07:10:33  [ERROR]: Database connection failed: getaddrinfo EAI_AGAIN mysql
2026-06-29 07:11:35  [INFO]: Server running on port 3000
2026-06-29 07:11:40  [ERROR]: Database connection failed: getaddrinfo EAI_AGAIN mysql
2026-06-29 07:12:42  [INFO]: Server running on port 3000
2026-06-29 07:12:47  [ERROR]: Database connection failed: getaddrinfo EAI_AGAIN mysql
2026-06-29 07:13:48  [INFO]: Server running on port 3000
2026-06-29 07:13:53  [ERROR]: Database connection failed: getaddrinfo EAI_AGAIN mysql
2026-06-29 07:14:55  [INFO]: Server running on port 3000
2026-06-29 07:15:00  [ERROR]: Database connection failed: getaddrinfo EAI_AGAIN mysql
2026-06-29 07:16:02  [INFO]: Server running on port 3000
2026-06-29 07:16:07  [ERROR]: Database connection failed: getaddrinfo EAI_AGAIN mysql
2026-06-29 07:17:09  [INFO]: Server running on port 3000
2026-06-29 07:17:14  [ERROR]: Database connection failed: getaddrinfo EAI_AGAIN mysql
2026-06-29 07:18:15  [INFO]: Server running on port 3000
2026-06-29 07:18:20  [ERROR]: Database connection failed: getaddrinfo EAI_AGAIN mysql
2026-06-29 07:19:22  [INFO]: Server running on port 3000
2026-06-29 07:19:27  [ERROR]: Database connection failed: getaddrinfo EAI_AGAIN mysql
2026-06-29 07:20:29  [INFO]: Server running on port 3000
2026-06-29 07:20:34  [ERROR]: Database connection failed: getaddrinfo EAI_AGAIN mysql
2026-06-29 08:09:41  [INFO]: Server running on port 3000
2026-06-29 08:09:46  [ERROR]: Database connection failed: getaddrinfo EAI_AGAIN mysql
2026-06-29 08:11:40  [INFO]: Server running on port 3000
2026-06-29 08:11:45  [ERROR]: Database connection failed: getaddrinfo EAI_AGAIN mysql
2026-06-29 08:12:47  [INFO]: Server running on port 3000
2026-06-29 08:12:52  [ERROR]: Database connection failed: getaddrinfo EAI_AGAIN mysql
2026-06-29 08:13:54  [INFO]: Server running on port 3000
2026-06-29 08:13:59  [ERROR]: Database connection failed: getaddrinfo EAI_AGAIN mysql
2026-06-29 08:15:00  [INFO]: Server running on port 3000
2026-06-29 08:15:05  [ERROR]: Database connection failed: getaddrinfo EAI_AGAIN mysql
2026-06-29 08:16:07  [INFO]: Server running on port 3000
2026-06-29 08:16:12  [ERROR]: Database connection failed: getaddrinfo EAI_AGAIN mysql
2026-06-29 08:17:15  [INFO]: Server running on port 3000
2026-06-29 08:17:20  [ERROR]: Database connection failed: getaddrinfo EAI_AGAIN mysql
2026-06-29 08:18:23  [INFO]: Server running on port 3000
2026-06-29 08:18:28  [ERROR]: Database connection failed: getaddrinfo EAI_AGAIN mysql
2026-06-29 08:19:30  [INFO]: Server running on port 3000
2026-06-29 08:19:35  [ERROR]: Database connection failed: getaddrinfo EAI_AGAIN mysql
2026-06-29 08:20:37  [INFO]: Server running on port 3000
2026-06-29 08:20:42  [ERROR]: Database connection failed: getaddrinfo EAI_AGAIN mysql
2026-06-29 08:21:43  [INFO]: Server running on port 3000
2026-06-29 08:21:48  [ERROR]: Database connection failed: getaddrinfo EAI_AGAIN mysql
2026-06-29 08:22:50  [INFO]: Server running on port 3000
2026-06-29 08:22:55  [ERROR]: Database connection failed: getaddrinfo EAI_AGAIN mysql
2026-06-29 08:23:57  [INFO]: Server running on port 3000
2026-06-29 08:24:02  [ERROR]: Database connection failed: getaddrinfo EAI_AGAIN mysql
2026-06-29 08:25:04  [INFO]: Server running on port 3000
2026-06-29 08:25:09  [ERROR]: Database connection failed: getaddrinfo EAI_AGAIN mysql
2026-06-29 08:26:10  [INFO]: Server running on port 3000
2026-06-29 08:26:15  [ERROR]: Database connection failed: getaddrinfo EAI_AGAIN mysql
2026-06-29 08:27:17  [INFO]: Server running on port 3000
2026-06-29 08:27:22  [ERROR]: Database connection failed: getaddrinfo EAI_AGAIN mysql
2026-06-29 08:28:24  [INFO]: Server running on port 3000
2026-06-29 08:28:29  [ERROR]: Database connection failed: getaddrinfo EAI_AGAIN mysql
2026-06-29 08:29:30  [INFO]: Server running on port 3000
2026-06-29 08:29:35  [ERROR]: Database connection failed: getaddrinfo EAI_AGAIN mysql
2026-06-29 08:30:37  [INFO]: Server running on port 3000
2026-06-29 08:30:42  [ERROR]: Database connection failed: getaddrinfo EAI_AGAIN mysql
2026-06-29 08:31:44  [INFO]: Server running on port 3000
2026-06-29 08:31:49  [ERROR]: Database connection failed: getaddrinfo EAI_AGAIN mysql
2026-06-29 08:32:50  [INFO]: Server running on port 3000
2026-06-29 08:32:55  [ERROR]: Database connection failed: getaddrinfo EAI_AGAIN mysql
2026-06-29 08:33:57  [INFO]: Server running on port 3000
2026-06-29 08:34:02  [ERROR]: Database connection failed: getaddrinfo EAI_AGAIN mysql
2026-06-29 08:35:04  [INFO]: Server running on port 3000
2026-06-29 08:35:09  [ERROR]: Database connection failed: getaddrinfo EAI_AGAIN mysql
2026-06-29 08:36:11  [INFO]: Server running on port 3000
2026-06-29 08:36:16  [ERROR]: Database connection failed: getaddrinfo EAI_AGAIN mysql
2026-06-29 08:37:18  [INFO]: Server running on port 3000
2026-06-29 08:37:23  [ERROR]: Database connection failed: getaddrinfo EAI_AGAIN mysql
2026-06-29 08:38:25  [INFO]: Server running on port 3000
2026-06-29 08:38:30  [ERROR]: Database connection failed: getaddrinfo EAI_AGAIN mysql
2026-06-29 08:39:31  [INFO]: Server running on port 3000
2026-06-29 08:39:36  [ERROR]: Database connection failed: getaddrinfo EAI_AGAIN mysql
2026-06-29 08:40:38  [INFO]: Server running on port 3000
2026-06-29 08:40:43  [ERROR]: Database connection failed: getaddrinfo EAI_AGAIN mysql
2026-06-29 08:41:46  [INFO]: Server running on port 3000
2026-06-29 08:41:51  [ERROR]: Database connection failed: getaddrinfo EAI_AGAIN mysql
2026-06-29 08:42:53  [INFO]: Server running on port 3000
2026-06-29 08:42:58  [ERROR]: Database connection failed: getaddrinfo EAI_AGAIN mysql
2026-06-29 08:43:59  [INFO]: Server running on port 3000
2026-06-29 08:44:04  [ERROR]: Database connection failed: getaddrinfo EAI_AGAIN mysql
2026-06-29 08:45:06  [INFO]: Server running on port 3000
2026-06-29 08:45:11  [ERROR]: Database connection failed: getaddrinfo EAI_AGAIN mysql
2026-06-29 08:46:13  [INFO]: Server running on port 3000
2026-06-29 08:46:18  [ERROR]: Database connection failed: getaddrinfo EAI_AGAIN mysql
2026-06-29 08:47:21  [INFO]: Server running on port 3000
2026-06-29 08:47:26  [ERROR]: Database connection failed: getaddrinfo EAI_AGAIN mysql
2026-06-29 08:48:28  [INFO]: Server running on port 3000
2026-06-29 08:48:33  [ERROR]: Database connection failed: getaddrinfo EAI_AGAIN mysql
2026-06-29 08:49:35  [INFO]: Server running on port 3000
2026-06-29 08:49:40  [ERROR]: Database connection failed: getaddrinfo EAI_AGAIN mysql
2026-06-29 08:50:41  [INFO]: Server running on port 3000
2026-06-29 08:50:46  [ERROR]: Database connection failed: getaddrinfo EAI_AGAIN mysql
2026-06-29 08:51:48  [INFO]: Server running on port 3000
2026-06-29 08:51:53  [ERROR]: Database connection failed: getaddrinfo EAI_AGAIN mysql
2026-06-29 09:27:13  [INFO]: Server running on port 3000
2026-06-29 09:27:18  [ERROR]: Database connection failed: getaddrinfo EAI_AGAIN mysql
2026-06-29 09:28:20  [INFO]: Server running on port 3000
2026-06-29 09:28:25  [ERROR]: Database connection failed: getaddrinfo EAI_AGAIN mysql
2026-06-29 09:29:27  [INFO]: Server running on port 3000
2026-06-29 09:29:32  [ERROR]: Database connection failed: getaddrinfo EAI_AGAIN mysql
2026-06-29 09:30:34  [INFO]: Server running on port 3000
2026-06-29 09:30:39  [ERROR]: Database connection failed: getaddrinfo EAI_AGAIN mysql
2026-06-29 09:31:41  [INFO]: Server running on port 3000
2026-06-29 09:31:46  [ERROR]: Database connection failed: getaddrinfo EAI_AGAIN mysql
2026-06-29 09:32:48  [INFO]: Server running on port 3000
2026-06-29 09:32:53  [ERROR]: Database connection failed: getaddrinfo EAI_AGAIN mysql
2026-06-29 09:33:54  [INFO]: Server running on port 3000
2026-06-29 09:33:59  [ERROR]: Database connection failed: getaddrinfo EAI_AGAIN mysql
2026-06-29 10:45:09  [INFO]: Server running on port 3000
2026-06-29 10:45:14  [ERROR]: Database connection failed: getaddrinfo EAI_AGAIN mysql
2026-06-29 10:46:15  [INFO]: Server running on port 3000
2026-06-29 10:46:20  [ERROR]: Database connection failed: getaddrinfo EAI_AGAIN mysql
2026-06-29 10:47:23  [INFO]: Server running on port 3000
2026-06-29 10:47:28  [ERROR]: Database connection failed: getaddrinfo EAI_AGAIN mysql
2026-06-29 10:48:30  [INFO]: Server running on port 3000
2026-06-29 10:48:35  [ERROR]: Database connection failed: getaddrinfo EAI_AGAIN mysql
2026-06-29 10:49:37  [INFO]: Server running on port 3000
2026-06-29 10:49:42  [ERROR]: Database connection failed: getaddrinfo EAI_AGAIN mysql
2026-06-29 10:50:44  [INFO]: Server running on port 3000
2026-06-29 10:50:49  [ERROR]: Database connection failed: getaddrinfo EAI_AGAIN mysql
2026-06-29 10:51:51  [INFO]: Server running on port 3000
2026-06-29 10:51:56  [ERROR]: Database connection failed: getaddrinfo EAI_AGAIN mysql
2026-06-29 10:52:57  [INFO]: Server running on port 3000
2026-06-29 10:53:02  [ERROR]: Database connection failed: getaddrinfo EAI_AGAIN mysql
2026-06-29 10:54:07  [INFO]: Server running on port 3000
2026-06-29 10:54:12  [ERROR]: Database connection failed: getaddrinfo EAI_AGAIN mysql
2026-06-29 10:55:13  [INFO]: Server running on port 3000
2026-06-29 10:55:18  [ERROR]: Database connection failed: getaddrinfo EAI_AGAIN mysql
2026-06-29 10:56:20  [INFO]: Server running on port 3000
2026-06-29 10:56:25  [ERROR]: Database connection failed: getaddrinfo EAI_AGAIN mysql
2026-06-29 10:57:26  [INFO]: Server running on port 3000
2026-06-29 10:57:31  [ERROR]: Database connection failed: getaddrinfo EAI_AGAIN mysql
2026-06-29 10:58:33  [INFO]: Server running on port 3000
2026-06-29 10:58:38  [ERROR]: Database connection failed: getaddrinfo EAI_AGAIN mysql
2026-06-29 10:59:39  [INFO]: Server running on port 3000
2026-06-29 10:59:44  [ERROR]: Database connection failed: getaddrinfo EAI_AGAIN mysql
2026-06-29 11:00:45  [INFO]: Server running on port 3000
2026-06-29 11:00:50  [ERROR]: Database connection failed: getaddrinfo EAI_AGAIN mysql
2026-06-29 11:01:52  [INFO]: Server running on port 3000
2026-06-29 11:01:57  [ERROR]: Database connection failed: getaddrinfo EAI_AGAIN mysql
2026-06-29 11:02:59  [INFO]: Server running on port 3000
2026-06-29 11:03:04  [ERROR]: Database connection failed: getaddrinfo EAI_AGAIN mysql
2026-06-29 11:04:05  [INFO]: Server running on port 3000
2026-06-29 11:04:10  [ERROR]: Database connection failed: getaddrinfo EAI_AGAIN mysql
2026-06-29 11:05:11  [INFO]: Server running on port 3000
2026-06-29 11:05:16  [ERROR]: Database connection failed: getaddrinfo EAI_AGAIN mysql
2026-06-29 11:20:23  [INFO]: Server running on port 3000
2026-06-29 11:20:28  [ERROR]: Database connection failed: getaddrinfo EAI_AGAIN mysql
2026-06-29 18:41:21  [INFO]: Server running on port 3000
2026-06-29 18:41:26  [ERROR]: Database connection failed: getaddrinfo EAI_AGAIN mysql
2026-06-29 18:42:28  [INFO]: Server running on port 3000
2026-06-29 18:42:33  [ERROR]: Database connection failed: getaddrinfo EAI_AGAIN mysql
2026-06-29 18:43:34  [INFO]: Server running on port 3000
2026-06-29 18:43:39  [ERROR]: Database connection failed: getaddrinfo EAI_AGAIN mysql
2026-06-29 18:44:41  [INFO]: Server running on port 3000
2026-06-29 18:44:46  [ERROR]: Database connection failed: getaddrinfo EAI_AGAIN mysql
2026-06-29 18:45:47  [INFO]: Server running on port 3000
2026-06-29 18:45:52  [ERROR]: Database connection failed: getaddrinfo EAI_AGAIN mysql
2026-06-29 18:46:54  [INFO]: Server running on port 3000
2026-06-30 02:17:57  [ERROR]: Database connection failed: getaddrinfo EAI_AGAIN mysql
2026-06-30 02:17:58  [INFO]: Server running on port 3000
2026-06-30 02:18:03  [ERROR]: Database connection failed: getaddrinfo EAI_AGAIN mysql
2026-06-30 02:18:05  [INFO]: Server running on port 3000
2026-06-30 02:18:10  [ERROR]: Database connection failed: getaddrinfo EAI_AGAIN mysql
2026-06-30 02:18:12  [INFO]: Server running on port 3000
2026-06-30 02:18:17  [ERROR]: Database connection failed: getaddrinfo EAI_AGAIN mysql
2026-06-30 02:18:19  [INFO]: Server running on port 3000
2026-06-30 02:18:24  [ERROR]: Database connection failed: getaddrinfo EAI_AGAIN mysql
2026-06-30 02:18:27  [INFO]: Server running on port 3000
2026-06-30 02:18:32  [ERROR]: Database connection failed: getaddrinfo EAI_AGAIN mysql
2026-06-30 02:18:37  [INFO]: Server running on port 3000
2026-06-30 02:18:42  [ERROR]: Database connection failed: getaddrinfo EAI_AGAIN mysql
2026-06-30 02:18:49  [INFO]: Server running on port 3000
2026-06-30 02:18:54  [ERROR]: Database connection failed: getaddrinfo EAI_AGAIN mysql
2026-06-30 02:19:09  [INFO]: Server running on port 3000
2026-06-30 02:19:14  [ERROR]: Database connection failed: getaddrinfo EAI_AGAIN mysql
2026-06-30 02:19:41  [INFO]: Server running on port 3000
2026-06-30 02:19:46  [ERROR]: Database connection failed: getaddrinfo EAI_AGAIN mysql
2026-06-30 02:20:38  [INFO]: Server running on port 3000
2026-06-30 02:20:43  [ERROR]: Database connection failed: getaddrinfo EAI_AGAIN mysql
2026-06-30 02:21:45  [INFO]: Server running on port 3000
2026-06-30 02:21:50  [ERROR]: Database connection failed: getaddrinfo EAI_AGAIN mysql
2026-06-30 02:22:51  [INFO]: Server running on port 3000
2026-06-30 02:22:56  [ERROR]: Database connection failed: getaddrinfo EAI_AGAIN mysql
2026-06-30 02:23:57  [INFO]: Server running on port 3000
2026-06-30 02:24:02  [ERROR]: Database connection failed: getaddrinfo EAI_AGAIN mysql
2026-06-30 02:25:03  [INFO]: Server running on port 3000
2026-06-30 02:25:08  [ERROR]: Database connection failed: getaddrinfo EAI_AGAIN mysql
2026-06-30 02:26:08  [INFO]: Server running on port 3000
2026-06-30 02:26:13  [ERROR]: Database connection failed: getaddrinfo EAI_AGAIN mysql
2026-06-30 02:27:14  [INFO]: Server running on port 3000
2026-06-30 02:27:19  [ERROR]: Database connection failed: getaddrinfo EAI_AGAIN mysql
2026-06-30 02:28:20  [INFO]: Server running on port 3000
2026-06-30 02:28:25  [ERROR]: Database connection failed: getaddrinfo EAI_AGAIN mysql
2026-06-30 02:29:26  [INFO]: Server running on port 3000
2026-06-30 02:29:31  [ERROR]: Database connection failed: getaddrinfo EAI_AGAIN mysql
2026-06-30 02:30:32  [INFO]: Server running on port 3000
2026-06-30 02:30:37  [ERROR]: Database connection failed: getaddrinfo EAI_AGAIN mysql
2026-06-30 06:03:58  [INFO]: Server running on port 3000
2026-06-30 06:04:03  [ERROR]: Database connection failed: getaddrinfo EAI_AGAIN mysql
2026-06-30 06:04:05  [INFO]: Server running on port 3000
2026-06-30 06:04:10  [ERROR]: Database connection failed: getaddrinfo EAI_AGAIN mysql
2026-06-30 06:04:12  [INFO]: Server running on port 3000
2026-06-30 06:04:17  [ERROR]: Database connection failed: getaddrinfo EAI_AGAIN mysql
2026-06-30 06:04:19  [INFO]: Server running on port 3000
2026-06-30 06:04:24  [ERROR]: Database connection failed: getaddrinfo EAI_AGAIN mysql
2026-06-30 06:04:26  [INFO]: Server running on port 3000
2026-06-30 06:04:31  [ERROR]: Database connection failed: getaddrinfo EAI_AGAIN mysql
2026-06-30 06:04:34  [INFO]: Server running on port 3000
2026-06-30 06:04:39  [ERROR]: Database connection failed: getaddrinfo EAI_AGAIN mysql
2026-06-30 06:04:44  [INFO]: Server running on port 3000
2026-06-30 06:04:49  [ERROR]: Database connection failed: getaddrinfo EAI_AGAIN mysql
2026-06-30 06:04:56  [INFO]: Server running on port 3000
2026-06-30 06:05:01  [ERROR]: Database connection failed: getaddrinfo EAI_AGAIN mysql
2026-06-30 06:05:15  [INFO]: Server running on port 3000
2026-06-30 06:05:20  [ERROR]: Database connection failed: getaddrinfo EAI_AGAIN mysql
2026-06-30 06:05:47  [INFO]: Server running on port 3000
2026-06-30 06:05:52  [ERROR]: Database connection failed: getaddrinfo EAI_AGAIN mysql
2026-06-30 06:06:44  [INFO]: Server running on port 3000
2026-06-30 06:06:49  [ERROR]: Database connection failed: getaddrinfo EAI_AGAIN mysql
2026-06-30 06:07:50  [INFO]: Server running on port 3000
2026-06-30 06:07:55  [ERROR]: Database connection failed: getaddrinfo EAI_AGAIN mysql
2026-06-30 06:08:56  [INFO]: Server running on port 3000
2026-06-30 06:09:01  [ERROR]: Database connection failed: getaddrinfo EAI_AGAIN mysql
2026-06-30 06:10:03  [INFO]: Server running on port 3000
2026-06-30 06:10:08  [ERROR]: Database connection failed: getaddrinfo EAI_AGAIN mysql
2026-06-30 06:11:11  [INFO]: Server running on port 3000
2026-06-30 06:11:16  [ERROR]: Database connection failed: getaddrinfo EAI_AGAIN mysql
2026-06-30 06:12:12  [INFO]: Server running on port 3000
2026-06-30 06:12:17  [ERROR]: Database connection failed: getaddrinfo EAI_AGAIN mysql
2026-06-30 06:12:18  [INFO]: Server running on port 3000
2026-06-30 06:12:23  [ERROR]: Database connection failed: getaddrinfo EAI_AGAIN mysql
2026-06-30 06:12:24  [INFO]: Server running on port 3000
2026-06-30 06:12:29  [ERROR]: Database connection failed: getaddrinfo EAI_AGAIN mysql
2026-06-30 06:12:32  [INFO]: Server running on port 3000
2026-06-30 06:12:37  [ERROR]: Database connection failed: getaddrinfo EAI_AGAIN mysql
2026-06-30 06:12:39  [INFO]: Server running on port 3000
2026-06-30 06:12:44  [ERROR]: Database connection failed: getaddrinfo EAI_AGAIN mysql
2026-06-30 06:12:46  [INFO]: Server running on port 3000
2026-06-30 06:12:51  [ERROR]: Database connection failed: getaddrinfo EAI_AGAIN mysql
2026-06-30 06:12:55  [INFO]: Server running on port 3000
2026-06-30 06:13:00  [ERROR]: Database connection failed: getaddrinfo EAI_AGAIN mysql
2026-06-30 06:13:08  [INFO]: Server running on port 3000
2026-06-30 06:13:13  [ERROR]: Database connection failed: getaddrinfo EAI_AGAIN mysql
2026-06-30 06:13:26  [INFO]: Server running on port 3000
2026-06-30 06:13:31  [ERROR]: Database connection failed: getaddrinfo EAI_AGAIN mysql
2026-06-30 06:13:58  [INFO]: Server running on port 3000
2026-06-30 06:14:03  [ERROR]: Database connection failed: getaddrinfo EAI_AGAIN mysql
2026-06-30 06:14:56  [INFO]: Server running on port 3000
2026-06-30 06:15:01  [ERROR]: Database connection failed: getaddrinfo EAI_AGAIN mysql
2026-06-30 06:16:02  [INFO]: Server running on port 3000
2026-06-30 06:16:07  [ERROR]: Database connection failed: getaddrinfo EAI_AGAIN mysql
2026-06-30 06:17:14  [INFO]: Server running on port 3000
2026-06-30 06:17:19  [ERROR]: Database connection failed: getaddrinfo EAI_AGAIN mysql
2026-06-30 06:18:20  [INFO]: Server running on port 3000
2026-06-30 06:18:25  [ERROR]: Database connection failed: getaddrinfo EAI_AGAIN mysql
2026-06-30 06:19:27  [INFO]: Server running on port 3000
2026-06-30 06:19:32  [ERROR]: Database connection failed: getaddrinfo EAI_AGAIN mysql
2026-06-30 06:20:33  [INFO]: Server running on port 3000
2026-06-30 06:20:38  [ERROR]: Database connection failed: getaddrinfo EAI_AGAIN mysql
2026-06-30 06:21:39  [INFO]: Server running on port 3000
2026-06-30 06:21:44  [ERROR]: Database connection failed: getaddrinfo EAI_AGAIN mysql
2026-06-30 06:22:46  [INFO]: Server running on port 3000
2026-06-30 06:22:51  [ERROR]: Database connection failed: getaddrinfo EAI_AGAIN mysql
2026-06-30 06:23:53  [INFO]: Server running on port 3000
2026-06-30 06:23:58  [ERROR]: Database connection failed: getaddrinfo EAI_AGAIN mysql
2026-06-30 06:24:59  [INFO]: Server running on port 3000
2026-06-30 06:25:04  [ERROR]: Database connection failed: getaddrinfo EAI_AGAIN mysql
2026-06-30 06:26:05  [INFO]: Server running on port 3000
2026-06-30 06:26:10  [ERROR]: Database connection failed: getaddrinfo EAI_AGAIN mysql
2026-06-30 06:27:11  [INFO]: Server running on port 3000
2026-06-30 06:27:16  [ERROR]: Database connection failed: getaddrinfo EAI_AGAIN mysql
2026-06-30 06:28:17  [INFO]: Server running on port 3000
2026-06-30 06:28:22  [ERROR]: Database connection failed: getaddrinfo EAI_AGAIN mysql
2026-06-30 06:29:23  [INFO]: Server running on port 3000
2026-06-30 06:29:28  [ERROR]: Database connection failed: getaddrinfo EAI_AGAIN mysql
2026-06-30 06:30:29  [INFO]: Server running on port 3000
2026-06-30 06:30:34  [ERROR]: Database connection failed: getaddrinfo EAI_AGAIN mysql
2026-06-30 06:31:35  [INFO]: Server running on port 3000
2026-06-30 06:31:40  [ERROR]: Database connection failed: getaddrinfo EAI_AGAIN mysql
2026-06-30 06:32:42  [INFO]: Server running on port 3000
2026-06-30 06:32:47  [ERROR]: Database connection failed: getaddrinfo EAI_AGAIN mysql
2026-06-30 06:33:48  [INFO]: Server running on port 3000
2026-06-30 06:33:53  [ERROR]: Database connection failed: getaddrinfo EAI_AGAIN mysql
2026-06-30 06:34:54  [INFO]: Server running on port 3000
2026-06-30 06:34:59  [ERROR]: Database connection failed: getaddrinfo EAI_AGAIN mysql
2026-06-30 06:36:00  [INFO]: Server running on port 3000
2026-06-30 06:36:05  [ERROR]: Database connection failed: getaddrinfo EAI_AGAIN mysql
2026-06-30 06:37:06  [INFO]: Server running on port 3000
2026-06-30 06:37:11  [ERROR]: Database connection failed: getaddrinfo EAI_AGAIN mysql
2026-06-30 06:38:12  [INFO]: Server running on port 3000
2026-06-30 06:38:17  [ERROR]: Database connection failed: getaddrinfo EAI_AGAIN mysql
2026-06-30 06:39:18  [INFO]: Server running on port 3000
2026-06-30 06:39:23  [ERROR]: Database connection failed: getaddrinfo EAI_AGAIN mysql
2026-06-30 06:40:24  [INFO]: Server running on port 3000
2026-06-30 06:40:29  [ERROR]: Database connection failed: getaddrinfo EAI_AGAIN mysql
2026-06-30 06:41:31  [INFO]: Server running on port 3000
2026-06-30 06:41:36  [ERROR]: Database connection failed: getaddrinfo EAI_AGAIN mysql
2026-06-30 06:42:37  [INFO]: Server running on port 3000
2026-06-30 06:42:42  [ERROR]: Database connection failed: getaddrinfo EAI_AGAIN mysql
2026-06-30 06:43:43  [INFO]: Server running on port 3000
2026-06-30 06:43:48  [ERROR]: Database connection failed: getaddrinfo EAI_AGAIN mysql
2026-06-30 06:44:50  [INFO]: Server running on port 3000
2026-06-30 06:44:55  [ERROR]: Database connection failed: getaddrinfo EAI_AGAIN mysql
2026-06-30 06:45:56  [INFO]: Server running on port 3000
2026-06-30 06:46:01  [ERROR]: Database connection failed: getaddrinfo EAI_AGAIN mysql
2026-06-30 06:47:02  [INFO]: Server running on port 3000
2026-06-30 06:47:07  [ERROR]: Database connection failed: getaddrinfo EAI_AGAIN mysql
2026-06-30 06:48:08  [INFO]: Server running on port 3000
2026-06-30 06:48:13  [ERROR]: Database connection failed: getaddrinfo EAI_AGAIN mysql
2026-06-30 06:49:15  [INFO]: Server running on port 3000
2026-06-30 06:49:20  [ERROR]: Database connection failed: getaddrinfo EAI_AGAIN mysql
2026-06-30 06:50:21  [INFO]: Server running on port 3000
2026-06-30 06:50:26  [ERROR]: Database connection failed: getaddrinfo EAI_AGAIN mysql
2026-06-30 06:51:27  [INFO]: Server running on port 3000
2026-06-30 06:51:32  [ERROR]: Database connection failed: getaddrinfo EAI_AGAIN mysql
2026-06-30 06:52:33  [INFO]: Server running on port 3000
2026-06-30 06:52:38  [ERROR]: Database connection failed: getaddrinfo EAI_AGAIN mysql
2026-06-30 06:53:39  [INFO]: Server running on port 3000
2026-06-30 06:53:44  [ERROR]: Database connection failed: getaddrinfo EAI_AGAIN mysql
2026-06-30 06:54:45  [INFO]: Server running on port 3000
2026-06-30 06:54:50  [ERROR]: Database connection failed: getaddrinfo EAI_AGAIN mysql
2026-06-30 06:55:51  [INFO]: Server running on port 3000
2026-06-30 06:55:56  [ERROR]: Database connection failed: getaddrinfo EAI_AGAIN mysql
2026-06-30 06:56:57  [INFO]: Server running on port 3000
2026-06-30 06:57:02  [ERROR]: Database connection failed: getaddrinfo EAI_AGAIN mysql
2026-06-30 06:58:04  [INFO]: Server running on port 3000
2026-06-30 06:58:09  [ERROR]: Database connection failed: getaddrinfo EAI_AGAIN mysql
2026-06-30 06:59:10  [INFO]: Server running on port 3000
2026-06-30 06:59:15  [ERROR]: Database connection failed: getaddrinfo EAI_AGAIN mysql
2026-06-30 07:00:16  [INFO]: Server running on port 3000
2026-06-30 07:00:21  [ERROR]: Database connection failed: getaddrinfo EAI_AGAIN mysql
2026-06-30 07:01:23  [INFO]: Server running on port 3000
2026-06-30 07:01:28  [ERROR]: Database connection failed: getaddrinfo EAI_AGAIN mysql
2026-06-30 07:02:29  [INFO]: Server running on port 3000
2026-06-30 07:02:34  [ERROR]: Database connection failed: getaddrinfo EAI_AGAIN mysql
2026-06-30 07:03:35  [INFO]: Server running on port 3000
2026-06-30 07:03:40  [ERROR]: Database connection failed: getaddrinfo EAI_AGAIN mysql
2026-06-30 07:04:41  [INFO]: Server running on port 3000
2026-06-30 07:04:46  [ERROR]: Database connection failed: getaddrinfo EAI_AGAIN mysql
2026-06-30 07:05:47  [INFO]: Server running on port 3000
2026-06-30 07:05:52  [ERROR]: Database connection failed: getaddrinfo EAI_AGAIN mysql
2026-06-30 07:06:53  [INFO]: Server running on port 3000
2026-06-30 07:06:58  [ERROR]: Database connection failed: getaddrinfo EAI_AGAIN mysql
2026-06-30 07:07:59  [INFO]: Server running on port 3000
2026-06-30 07:08:04  [ERROR]: Database connection failed: getaddrinfo EAI_AGAIN mysql
2026-06-30 07:09:05  [INFO]: Server running on port 3000
2026-06-30 07:09:10  [ERROR]: Database connection failed: getaddrinfo EAI_AGAIN mysql
2026-06-30 07:10:12  [INFO]: Server running on port 3000
2026-06-30 07:10:17  [ERROR]: Database connection failed: getaddrinfo EAI_AGAIN mysql
2026-06-30 07:11:18  [INFO]: Server running on port 3000
2026-06-30 07:11:23  [ERROR]: Database connection failed: getaddrinfo EAI_AGAIN mysql
2026-06-30 07:12:25  [INFO]: Server running on port 3000
2026-06-30 07:12:30  [ERROR]: Database connection failed: getaddrinfo EAI_AGAIN mysql
2026-06-30 07:13:31  [INFO]: Server running on port 3000
2026-06-30 07:13:36  [ERROR]: Database connection failed: getaddrinfo EAI_AGAIN mysql
2026-06-30 07:14:37  [INFO]: Server running on port 3000
2026-06-30 07:14:42  [ERROR]: Database connection failed: getaddrinfo EAI_AGAIN mysql
2026-06-30 07:15:43  [INFO]: Server running on port 3000
2026-06-30 07:15:48  [ERROR]: Database connection failed: getaddrinfo EAI_AGAIN mysql
2026-06-30 07:16:49  [INFO]: Server running on port 3000
2026-06-30 07:16:54  [ERROR]: Database connection failed: getaddrinfo EAI_AGAIN mysql
2026-06-30 07:17:55  [INFO]: Server running on port 3000
2026-06-30 07:18:00  [ERROR]: Database connection failed: getaddrinfo EAI_AGAIN mysql
2026-06-30 07:19:01  [INFO]: Server running on port 3000
2026-06-30 07:19:06  [ERROR]: Database connection failed: getaddrinfo EAI_AGAIN mysql
2026-06-30 07:20:07  [INFO]: Server running on port 3000
2026-06-30 07:20:12  [ERROR]: Database connection failed: getaddrinfo EAI_AGAIN mysql
2026-06-30 07:21:14  [INFO]: Server running on port 3000
2026-06-30 07:21:19  [ERROR]: Database connection failed: getaddrinfo EAI_AGAIN mysql
2026-06-30 07:22:20  [INFO]: Server running on port 3000
2026-06-30 07:22:25  [ERROR]: Database connection failed: getaddrinfo EAI_AGAIN mysql
2026-06-30 07:23:26  [INFO]: Server running on port 3000
2026-06-30 07:23:31  [ERROR]: Database connection failed: getaddrinfo EAI_AGAIN mysql
2026-06-30 07:24:32  [INFO]: Server running on port 3000
2026-06-30 07:24:37  [ERROR]: Database connection failed: getaddrinfo EAI_AGAIN mysql
2026-06-30 07:25:38  [INFO]: Server running on port 3000
2026-06-30 07:25:43  [ERROR]: Database connection failed: getaddrinfo EAI_AGAIN mysql
2026-06-30 07:26:44  [INFO]: Server running on port 3000
2026-06-30 07:26:49  [ERROR]: Database connection failed: getaddrinfo EAI_AGAIN mysql
2026-06-30 07:27:51  [INFO]: Server running on port 3000
2026-06-30 07:27:56  [ERROR]: Database connection failed: getaddrinfo EAI_AGAIN mysql
2026-06-30 07:28:57  [INFO]: Server running on port 3000
2026-06-30 07:29:02  [ERROR]: Database connection failed: getaddrinfo EAI_AGAIN mysql
2026-06-30 07:30:03  [INFO]: Server running on port 3000
2026-06-30 07:30:08  [ERROR]: Database connection failed: getaddrinfo EAI_AGAIN mysql
2026-06-30 07:31:09  [INFO]: Server running on port 3000
2026-06-30 07:31:14  [ERROR]: Database connection failed: getaddrinfo EAI_AGAIN mysql
2026-06-30 07:32:15  [INFO]: Server running on port 3000
2026-06-30 07:32:20  [ERROR]: Database connection failed: getaddrinfo EAI_AGAIN mysql
2026-06-30 07:33:21  [INFO]: Server running on port 3000
2026-06-30 07:33:26  [ERROR]: Database connection failed: getaddrinfo EAI_AGAIN mysql
2026-06-30 07:34:28  [INFO]: Server running on port 3000
2026-06-30 07:34:33  [ERROR]: Database connection failed: getaddrinfo EAI_AGAIN mysql
2026-06-30 07:35:34  [INFO]: Server running on port 3000
2026-06-30 07:35:39  [ERROR]: Database connection failed: getaddrinfo EAI_AGAIN mysql
2026-06-30 07:36:41  [INFO]: Server running on port 3000
2026-06-30 07:36:46  [ERROR]: Database connection failed: getaddrinfo EAI_AGAIN mysql
2026-06-30 07:37:47  [INFO]: Server running on port 3000
2026-06-30 07:37:52  [ERROR]: Database connection failed: getaddrinfo EAI_AGAIN mysql
2026-06-30 07:38:53  [INFO]: Server running on port 3000
2026-06-30 07:38:58  [ERROR]: Database connection failed: getaddrinfo EAI_AGAIN mysql
2026-06-30 07:39:59  [INFO]: Server running on port 3000
2026-06-30 07:40:04  [ERROR]: Database connection failed: getaddrinfo EAI_AGAIN mysql
2026-06-30 07:41:05  [INFO]: Server running on port 3000
2026-06-30 07:41:10  [ERROR]: Database connection failed: getaddrinfo EAI_AGAIN mysql
2026-06-30 07:42:11  [INFO]: Server running on port 3000
2026-06-30 07:42:16  [ERROR]: Database connection failed: getaddrinfo EAI_AGAIN mysql
2026-06-30 07:43:17  [INFO]: Server running on port 3000
2026-06-30 07:43:22  [ERROR]: Database connection failed: getaddrinfo EAI_AGAIN mysql
2026-06-30 07:44:23  [INFO]: Server running on port 3000
2026-06-30 07:44:28  [ERROR]: Database connection failed: getaddrinfo EAI_AGAIN mysql
2026-06-30 07:45:30  [INFO]: Server running on port 3000
2026-06-30 07:45:35  [ERROR]: Database connection failed: getaddrinfo EAI_AGAIN mysql
2026-06-30 07:46:36  [INFO]: Server running on port 3000
2026-06-30 07:46:41  [ERROR]: Database connection failed: getaddrinfo EAI_AGAIN mysql
2026-06-30 07:47:42  [INFO]: Server running on port 3000
2026-06-30 07:47:47  [ERROR]: Database connection failed: getaddrinfo EAI_AGAIN mysql
2026-06-30 07:48:48  [INFO]: Server running on port 3000
2026-06-30 07:48:53  [ERROR]: Database connection failed: getaddrinfo EAI_AGAIN mysql
2026-06-30 07:49:54  [INFO]: Server running on port 3000
2026-06-30 07:49:59  [ERROR]: Database connection failed: getaddrinfo EAI_AGAIN mysql
2026-06-30 07:51:00  [INFO]: Server running on port 3000
2026-06-30 07:51:05  [ERROR]: Database connection failed: getaddrinfo EAI_AGAIN mysql
2026-06-30 07:52:07  [INFO]: Server running on port 3000
2026-06-30 07:52:12  [ERROR]: Database connection failed: getaddrinfo EAI_AGAIN mysql
2026-06-30 07:53:13  [INFO]: Server running on port 3000
2026-06-30 07:53:18  [ERROR]: Database connection failed: getaddrinfo EAI_AGAIN mysql
2026-06-30 07:54:19  [INFO]: Server running on port 3000
2026-06-30 07:54:24  [ERROR]: Database connection failed: getaddrinfo EAI_AGAIN mysql
2026-06-30 07:55:25  [INFO]: Server running on port 3000
2026-06-30 07:55:30  [ERROR]: Database connection failed: getaddrinfo EAI_AGAIN mysql
2026-06-30 07:56:31  [INFO]: Server running on port 3000
2026-06-30 07:56:36  [ERROR]: Database connection failed: getaddrinfo EAI_AGAIN mysql
2026-06-30 07:57:37  [INFO]: Server running on port 3000
2026-06-30 07:57:42  [ERROR]: Database connection failed: getaddrinfo EAI_AGAIN mysql
2026-06-30 07:58:44  [INFO]: Server running on port 3000
2026-06-30 07:58:49  [ERROR]: Database connection failed: getaddrinfo EAI_AGAIN mysql
2026-06-30 07:59:50  [INFO]: Server running on port 3000
2026-06-30 07:59:55  [ERROR]: Database connection failed: getaddrinfo EAI_AGAIN mysql
2026-06-30 08:00:56  [INFO]: Server running on port 3000
2026-06-30 08:01:01  [ERROR]: Database connection failed: getaddrinfo EAI_AGAIN mysql
2026-06-30 08:02:02  [INFO]: Server running on port 3000
2026-06-30 08:02:07  [ERROR]: Database connection failed: getaddrinfo EAI_AGAIN mysql
2026-06-30 08:03:08  [INFO]: Server running on port 3000
2026-06-30 08:03:13  [ERROR]: Database connection failed: getaddrinfo EAI_AGAIN mysql
2026-06-30 08:04:14  [INFO]: Server running on port 3000
2026-06-30 08:04:19  [ERROR]: Database connection failed: getaddrinfo EAI_AGAIN mysql
2026-06-30 08:05:21  [INFO]: Server running on port 3000
2026-06-30 08:05:26  [ERROR]: Database connection failed: getaddrinfo EAI_AGAIN mysql
2026-06-30 08:06:28  [INFO]: Server running on port 3000
2026-06-30 08:06:33  [ERROR]: Database connection failed: getaddrinfo EAI_AGAIN mysql
2026-06-30 08:07:34  [INFO]: Server running on port 3000
2026-06-30 08:07:39  [ERROR]: Database connection failed: getaddrinfo EAI_AGAIN mysql
2026-06-30 08:08:42  [INFO]: Server running on port 3000
2026-06-30 08:08:47  [ERROR]: Database connection failed: getaddrinfo EAI_AGAIN mysql
2026-06-30 08:09:50  [INFO]: Server running on port 3000
2026-06-30 08:09:55  [ERROR]: Database connection failed: getaddrinfo EAI_AGAIN mysql
2026-06-30 08:10:57  [INFO]: Server running on port 3000
2026-06-30 08:11:02  [ERROR]: Database connection failed: getaddrinfo EAI_AGAIN mysql
2026-06-30 08:12:04  [INFO]: Server running on port 3000
2026-06-30 08:12:09  [ERROR]: Database connection failed: getaddrinfo EAI_AGAIN mysql
2026-06-30 08:13:12  [INFO]: Server running on port 3000
2026-06-30 08:13:17  [ERROR]: Database connection failed: getaddrinfo EAI_AGAIN mysql
2026-06-30 08:14:18  [INFO]: Server running on port 3000
2026-06-30 08:14:23  [ERROR]: Database connection failed: getaddrinfo EAI_AGAIN mysql
2026-06-30 08:15:25  [INFO]: Server running on port 3000
2026-06-30 08:15:30  [ERROR]: Database connection failed: getaddrinfo EAI_AGAIN mysql
2026-06-30 08:16:32  [INFO]: Server running on port 3000
2026-06-30 08:16:37  [ERROR]: Database connection failed: getaddrinfo EAI_AGAIN mysql
2026-06-30 08:17:38  [INFO]: Server running on port 3000
2026-06-30 08:17:43  [ERROR]: Database connection failed: getaddrinfo EAI_AGAIN mysql
2026-06-30 08:18:45  [INFO]: Server running on port 3000
2026-06-30 08:18:50  [ERROR]: Database connection failed: getaddrinfo EAI_AGAIN mysql
2026-06-30 08:19:52  [INFO]: Server running on port 3000
2026-06-30 08:19:57  [ERROR]: Database connection failed: getaddrinfo EAI_AGAIN mysql
2026-06-30 08:20:59  [INFO]: Server running on port 3000
2026-06-30 08:21:04  [ERROR]: Database connection failed: getaddrinfo EAI_AGAIN mysql
2026-06-30 08:22:05  [INFO]: Server running on port 3000
2026-06-30 08:22:10  [ERROR]: Database connection failed: getaddrinfo EAI_AGAIN mysql
2026-06-30 08:23:12  [INFO]: Server running on port 3000
2026-06-30 08:23:17  [ERROR]: Database connection failed: getaddrinfo EAI_AGAIN mysql
2026-06-30 08:24:19  [INFO]: Server running on port 3000
2026-06-30 08:24:24  [ERROR]: Database connection failed: getaddrinfo EAI_AGAIN mysql
2026-06-30 08:25:26  [INFO]: Server running on port 3000
2026-06-30 08:25:31  [ERROR]: Database connection failed: getaddrinfo EAI_AGAIN mysql
2026-06-30 08:26:32  [INFO]: Server running on port 3000
2026-06-30 08:26:37  [ERROR]: Database connection failed: getaddrinfo EAI_AGAIN mysql
2026-06-30 08:27:39  [INFO]: Server running on port 3000
2026-06-30 08:27:44  [ERROR]: Database connection failed: getaddrinfo EAI_AGAIN mysql
2026-06-30 08:28:45  [INFO]: Server running on port 3000
2026-06-30 08:28:50  [ERROR]: Database connection failed: getaddrinfo EAI_AGAIN mysql
2026-06-30 08:29:51  [INFO]: Server running on port 3000
2026-06-30 08:29:56  [ERROR]: Database connection failed: getaddrinfo EAI_AGAIN mysql
2026-06-30 08:30:57  [INFO]: Server running on port 3000
2026-06-30 08:31:02  [ERROR]: Database connection failed: getaddrinfo EAI_AGAIN mysql
2026-06-30 08:32:04  [INFO]: Server running on port 3000
2026-06-30 08:32:09  [ERROR]: Database connection failed: getaddrinfo EAI_AGAIN mysql
2026-06-30 08:33:10  [INFO]: Server running on port 3000
2026-06-30 08:33:15  [ERROR]: Database connection failed: getaddrinfo EAI_AGAIN mysql
2026-06-30 08:52:54  [INFO]: Server running on port 3000
2026-06-30 08:52:59  [ERROR]: Database connection failed: getaddrinfo EAI_AGAIN mysql
2026-06-30 08:54:00  [INFO]: Server running on port 3000
2026-06-30 08:54:05  [ERROR]: Database connection failed: getaddrinfo EAI_AGAIN mysql
2026-06-30 08:55:06  [INFO]: Server running on port 3000
2026-06-30 08:55:11  [ERROR]: Database connection failed: getaddrinfo EAI_AGAIN mysql
2026-06-30 08:56:13  [INFO]: Server running on port 3000
2026-06-30 08:56:18  [ERROR]: Database connection failed: getaddrinfo EAI_AGAIN mysql
2026-06-30 08:57:19  [INFO]: Server running on port 3000
2026-06-30 08:57:24  [ERROR]: Database connection failed: getaddrinfo EAI_AGAIN mysql
2026-06-30 08:58:25  [INFO]: Server running on port 3000
2026-06-30 08:58:30  [ERROR]: Database connection failed: getaddrinfo EAI_AGAIN mysql
2026-06-30 08:59:31  [INFO]: Server running on port 3000
2026-06-30 08:59:36  [ERROR]: Database connection failed: getaddrinfo EAI_AGAIN mysql
2026-06-30 09:00:38  [INFO]: Server running on port 3000
2026-06-30 09:00:43  [ERROR]: Database connection failed: getaddrinfo EAI_AGAIN mysql
2026-06-30 09:01:44  [INFO]: Server running on port 3000
2026-06-30 09:01:49  [ERROR]: Database connection failed: getaddrinfo EAI_AGAIN mysql
2026-06-30 09:02:50  [INFO]: Server running on port 3000
2026-06-30 09:02:55  [ERROR]: Database connection failed: getaddrinfo EAI_AGAIN mysql
2026-06-30 09:03:58  [INFO]: Server running on port 3000
2026-06-30 09:04:03  [ERROR]: Database connection failed: getaddrinfo EAI_AGAIN mysql
2026-06-30 09:05:06  [INFO]: Server running on port 3000
2026-06-30 09:05:11  [ERROR]: Database connection failed: getaddrinfo EAI_AGAIN mysql
2026-06-30 09:06:12  [INFO]: Server running on port 3000
2026-06-30 09:06:17  [ERROR]: Database connection failed: getaddrinfo EAI_AGAIN mysql
2026-06-30 09:07:19  [INFO]: Server running on port 3000
2026-06-30 09:07:24  [ERROR]: Database connection failed: getaddrinfo EAI_AGAIN mysql
2026-06-30 09:08:25  [INFO]: Server running on port 3000
2026-06-30 09:08:30  [ERROR]: Database connection failed: getaddrinfo EAI_AGAIN mysql
2026-06-30 09:09:31  [INFO]: Server running on port 3000
2026-06-30 09:09:36  [ERROR]: Database connection failed: getaddrinfo EAI_AGAIN mysql
2026-06-30 09:10:38  [INFO]: Server running on port 3000
2026-06-30 09:10:43  [ERROR]: Database connection failed: getaddrinfo EAI_AGAIN mysql
2026-06-30 09:11:44  [INFO]: Server running on port 3000
2026-06-30 09:11:49  [ERROR]: Database connection failed: getaddrinfo EAI_AGAIN mysql
2026-06-30 09:12:50  [INFO]: Server running on port 3000
2026-06-30 09:12:55  [ERROR]: Database connection failed: getaddrinfo EAI_AGAIN mysql
2026-06-30 09:13:56  [INFO]: Server running on port 3000
2026-06-30 09:14:01  [ERROR]: Database connection failed: getaddrinfo EAI_AGAIN mysql
2026-06-30 09:15:02  [INFO]: Server running on port 3000
2026-06-30 09:15:07  [ERROR]: Database connection failed: getaddrinfo EAI_AGAIN mysql
2026-06-30 09:16:09  [INFO]: Server running on port 3000
2026-06-30 09:16:14  [ERROR]: Database connection failed: getaddrinfo EAI_AGAIN mysql
2026-06-30 09:17:15  [INFO]: Server running on port 3000
2026-06-30 09:17:20  [ERROR]: Database connection failed: getaddrinfo EAI_AGAIN mysql
2026-06-30 09:18:21  [INFO]: Server running on port 3000
2026-06-30 09:18:26  [ERROR]: Database connection failed: getaddrinfo EAI_AGAIN mysql
2026-06-30 09:19:27  [INFO]: Server running on port 3000
2026-06-30 09:19:32  [ERROR]: Database connection failed: getaddrinfo EAI_AGAIN mysql
2026-06-30 09:20:33  [INFO]: Server running on port 3000
2026-06-30 09:20:38  [ERROR]: Database connection failed: getaddrinfo EAI_AGAIN mysql
2026-06-30 09:21:39  [INFO]: Server running on port 3000
2026-06-30 09:21:44  [ERROR]: Database connection failed: getaddrinfo EAI_AGAIN mysql
2026-06-30 09:22:46  [INFO]: Server running on port 3000
2026-06-30 09:22:51  [ERROR]: Database connection failed: getaddrinfo EAI_AGAIN mysql
2026-06-30 09:23:52  [INFO]: Server running on port 3000
2026-06-30 09:23:57  [ERROR]: Database connection failed: getaddrinfo EAI_AGAIN mysql
2026-06-30 09:24:58  [INFO]: Server running on port 3000
2026-06-30 09:25:03  [ERROR]: Database connection failed: getaddrinfo EAI_AGAIN mysql
2026-06-30 09:26:05  [INFO]: Server running on port 3000
2026-06-30 09:26:10  [ERROR]: Database connection failed: getaddrinfo EAI_AGAIN mysql
2026-06-30 09:27:11  [INFO]: Server running on port 3000
2026-06-30 09:27:16  [ERROR]: Database connection failed: getaddrinfo EAI_AGAIN mysql
2026-06-30 09:28:17  [INFO]: Server running on port 3000
2026-06-30 09:28:22  [ERROR]: Database connection failed: getaddrinfo EAI_AGAIN mysql
2026-06-30 09:29:23  [INFO]: Server running on port 3000
2026-06-30 09:29:28  [ERROR]: Database connection failed: getaddrinfo EAI_AGAIN mysql
2026-06-30 09:30:29  [INFO]: Server running on port 3000
2026-06-30 09:30:34  [ERROR]: Database connection failed: getaddrinfo EAI_AGAIN mysql
2026-06-30 09:31:35  [INFO]: Server running on port 3000
2026-06-30 09:31:40  [ERROR]: Database connection failed: getaddrinfo EAI_AGAIN mysql
2026-06-30 09:32:42  [INFO]: Server running on port 3000
2026-06-30 09:32:47  [ERROR]: Database connection failed: getaddrinfo EAI_AGAIN mysql
2026-06-30 09:33:48  [INFO]: Server running on port 3000
2026-06-30 09:33:53  [ERROR]: Database connection failed: getaddrinfo EAI_AGAIN mysql
2026-06-30 09:34:54  [INFO]: Server running on port 3000
2026-06-30 09:34:59  [ERROR]: Database connection failed: getaddrinfo EAI_AGAIN mysql
2026-06-30 09:36:00  [INFO]: Server running on port 3000
2026-06-30 09:36:05  [ERROR]: Database connection failed: getaddrinfo EAI_AGAIN mysql
2026-06-30 09:37:06  [INFO]: Server running on port 3000
2026-06-30 09:37:11  [ERROR]: Database connection failed: getaddrinfo EAI_AGAIN mysql
2026-06-30 09:38:13  [INFO]: Server running on port 3000
2026-06-30 09:38:18  [ERROR]: Database connection failed: getaddrinfo EAI_AGAIN mysql
2026-06-30 09:39:19  [INFO]: Server running on port 3000
2026-06-30 09:39:24  [ERROR]: Database connection failed: getaddrinfo EAI_AGAIN mysql
2026-06-30 09:40:25  [INFO]: Server running on port 3000
2026-06-30 09:40:30  [ERROR]: Database connection failed: getaddrinfo EAI_AGAIN mysql
2026-06-30 09:41:31  [INFO]: Server running on port 3000
2026-06-30 09:41:36  [ERROR]: Database connection failed: getaddrinfo EAI_AGAIN mysql
2026-06-30 09:42:37  [INFO]: Server running on port 3000
2026-06-30 09:42:42  [ERROR]: Database connection failed: getaddrinfo EAI_AGAIN mysql
2026-06-30 09:43:43  [INFO]: Server running on port 3000
2026-06-30 09:43:48  [ERROR]: Database connection failed: getaddrinfo EAI_AGAIN mysql
2026-06-30 09:44:50  [INFO]: Server running on port 3000
2026-06-30 09:44:55  [ERROR]: Database connection failed: getaddrinfo EAI_AGAIN mysql
2026-06-30 09:45:56  [INFO]: Server running on port 3000
2026-06-30 09:46:01  [ERROR]: Database connection failed: getaddrinfo EAI_AGAIN mysql
2026-06-30 09:54:32  [INFO]: Server running on port 3000
2026-06-30 09:54:37  [ERROR]: Database connection failed: getaddrinfo EAI_AGAIN mysql
2026-06-30 09:55:39  [INFO]: Server running on port 3000
2026-06-30 09:55:44  [ERROR]: Database connection failed: getaddrinfo EAI_AGAIN mysql
2026-06-30 09:56:45  [INFO]: Server running on port 3000
2026-06-30 09:56:50  [ERROR]: Database connection failed: getaddrinfo EAI_AGAIN mysql
2026-06-30 09:57:51  [INFO]: Server running on port 3000
2026-06-30 09:57:56  [ERROR]: Database connection failed: getaddrinfo EAI_AGAIN mysql
2026-06-30 09:58:57  [INFO]: Server running on port 3000
2026-06-30 09:59:02  [ERROR]: Database connection failed: getaddrinfo EAI_AGAIN mysql
2026-06-30 10:00:04  [INFO]: Server running on port 3000
2026-06-30 10:00:09  [ERROR]: Database connection failed: getaddrinfo EAI_AGAIN mysql
2026-06-30 10:01:10  [INFO]: Server running on port 3000
2026-06-30 10:01:15  [ERROR]: Database connection failed: getaddrinfo EAI_AGAIN mysql
2026-06-30 10:02:16  [INFO]: Server running on port 3000
2026-06-30 10:02:21  [ERROR]: Database connection failed: getaddrinfo EAI_AGAIN mysql
2026-06-30 10:03:22  [INFO]: Server running on port 3000
2026-06-30 10:03:27  [ERROR]: Database connection failed: getaddrinfo EAI_AGAIN mysql
2026-06-30 10:04:28  [INFO]: Server running on port 3000
2026-06-30 10:04:33  [ERROR]: Database connection failed: getaddrinfo EAI_AGAIN mysql
2026-06-30 10:05:34  [INFO]: Server running on port 3000
2026-06-30 10:05:39  [ERROR]: Database connection failed: getaddrinfo EAI_AGAIN mysql
2026-06-30 10:06:41  [INFO]: Server running on port 3000
2026-06-30 10:06:46  [ERROR]: Database connection failed: getaddrinfo EAI_AGAIN mysql
2026-06-30 10:07:47  [INFO]: Server running on port 3000
2026-06-30 10:07:52  [ERROR]: Database connection failed: getaddrinfo EAI_AGAIN mysql
2026-06-30 10:08:53  [INFO]: Server running on port 3000
2026-06-30 10:08:58  [ERROR]: Database connection failed: getaddrinfo EAI_AGAIN mysql
2026-06-30 10:09:59  [INFO]: Server running on port 3000
2026-06-30 10:10:04  [ERROR]: Database connection failed: getaddrinfo EAI_AGAIN mysql
2026-06-30 10:11:05  [INFO]: Server running on port 3000
2026-06-30 10:11:10  [ERROR]: Database connection failed: getaddrinfo EAI_AGAIN mysql
2026-06-30 10:12:11  [INFO]: Server running on port 3000
2026-06-30 10:12:16  [ERROR]: Database connection failed: getaddrinfo EAI_AGAIN mysql
2026-06-30 10:13:17  [INFO]: Server running on port 3000
2026-06-30 10:13:22  [ERROR]: Database connection failed: getaddrinfo EAI_AGAIN mysql
2026-06-30 10:14:23  [INFO]: Server running on port 3000
2026-06-30 10:14:28  [ERROR]: Database connection failed: getaddrinfo EAI_AGAIN mysql
2026-06-30 10:15:30  [INFO]: Server running on port 3000
2026-06-30 10:15:35  [ERROR]: Database connection failed: getaddrinfo EAI_AGAIN mysql
2026-06-30 10:16:36  [INFO]: Server running on port 3000
2026-06-30 10:16:41  [ERROR]: Database connection failed: getaddrinfo EAI_AGAIN mysql
2026-06-30 10:31:03  [INFO]: Server running on port 3000
2026-06-30 10:31:08  [ERROR]: Database connection failed: getaddrinfo EAI_AGAIN mysql
2026-06-30 10:32:09  [INFO]: Server running on port 3000
2026-06-30 10:32:14  [ERROR]: Database connection failed: getaddrinfo EAI_AGAIN mysql
2026-06-30 10:33:15  [INFO]: Server running on port 3000
2026-06-30 10:33:20  [ERROR]: Database connection failed: getaddrinfo EAI_AGAIN mysql
2026-06-30 10:34:21  [INFO]: Server running on port 3000
2026-06-30 10:34:26  [ERROR]: Database connection failed: getaddrinfo EAI_AGAIN mysql
2026-06-30 10:35:27  [INFO]: Server running on port 3000
2026-06-30 10:35:32  [ERROR]: Database connection failed: getaddrinfo EAI_AGAIN mysql
2026-06-30 10:36:33  [INFO]: Server running on port 3000
2026-06-30 10:36:38  [ERROR]: Database connection failed: getaddrinfo EAI_AGAIN mysql
2026-06-30 10:37:39  [INFO]: Server running on port 3000
2026-06-30 10:37:44  [ERROR]: Database connection failed: getaddrinfo EAI_AGAIN mysql
2026-06-30 10:38:45  [INFO]: Server running on port 3000
2026-06-30 10:38:50  [ERROR]: Database connection failed: getaddrinfo EAI_AGAIN mysql
2026-06-30 10:39:51  [INFO]: Server running on port 3000
2026-06-30 10:39:56  [ERROR]: Database connection failed: getaddrinfo EAI_AGAIN mysql
2026-06-30 10:40:57  [INFO]: Server running on port 3000
2026-06-30 10:41:02  [ERROR]: Database connection failed: getaddrinfo EAI_AGAIN mysql
2026-06-30 10:42:03  [INFO]: Server running on port 3000
2026-06-30 10:42:08  [ERROR]: Database connection failed: getaddrinfo EAI_AGAIN mysql
2026-06-30 10:43:09  [INFO]: Server running on port 3000
2026-06-30 10:43:14  [ERROR]: Database connection failed: getaddrinfo EAI_AGAIN mysql
2026-06-30 10:44:15  [INFO]: Server running on port 3000
2026-06-30 10:44:20  [ERROR]: Database connection failed: getaddrinfo EAI_AGAIN mysql
2026-06-30 10:45:20  [INFO]: Server running on port 3000
2026-06-30 10:45:25  [ERROR]: Database connection failed: getaddrinfo EAI_AGAIN mysql
2026-06-30 10:46:26  [INFO]: Server running on port 3000
2026-06-30 10:46:31  [ERROR]: Database connection failed: getaddrinfo EAI_AGAIN mysql
2026-06-30 10:47:32  [INFO]: Server running on port 3000
2026-06-30 10:47:37  [ERROR]: Database connection failed: getaddrinfo EAI_AGAIN mysql
2026-06-30 10:48:38  [INFO]: Server running on port 3000
2026-06-30 10:48:43  [ERROR]: Database connection failed: getaddrinfo EAI_AGAIN mysql
2026-06-30 10:49:44  [INFO]: Server running on port 3000
2026-06-30 10:49:49  [ERROR]: Database connection failed: getaddrinfo EAI_AGAIN mysql
2026-06-30 10:50:49  [INFO]: Server running on port 3000
2026-06-30 10:50:54  [ERROR]: Database connection failed: getaddrinfo EAI_AGAIN mysql
2026-06-30 10:51:55  [INFO]: Server running on port 3000
2026-06-30 10:52:00  [ERROR]: Database connection failed: getaddrinfo EAI_AGAIN mysql
2026-06-30 10:53:01  [INFO]: Server running on port 3000
2026-06-30 10:53:06  [ERROR]: Database connection failed: getaddrinfo EAI_AGAIN mysql
2026-06-30 10:54:07  [INFO]: Server running on port 3000
2026-06-30 10:54:12  [ERROR]: Database connection failed: getaddrinfo EAI_AGAIN mysql
2026-06-30 10:55:13  [INFO]: Server running on port 3000
2026-06-30 10:55:18  [ERROR]: Database connection failed: getaddrinfo EAI_AGAIN mysql
2026-06-30 10:56:18  [INFO]: Server running on port 3000
2026-06-30 10:56:23  [ERROR]: Database connection failed: getaddrinfo EAI_AGAIN mysql
2026-06-30 10:57:24  [INFO]: Server running on port 3000
2026-06-30 10:57:29  [ERROR]: Database connection failed: getaddrinfo EAI_AGAIN mysql
2026-06-30 10:58:30  [INFO]: Server running on port 3000
2026-06-30 10:58:35  [ERROR]: Database connection failed: getaddrinfo EAI_AGAIN mysql
2026-06-30 10:59:36  [INFO]: Server running on port 3000
2026-06-30 10:59:41  [ERROR]: Database connection failed: getaddrinfo EAI_AGAIN mysql
2026-06-30 11:00:42  [INFO]: Server running on port 3000
2026-06-30 11:00:47  [ERROR]: Database connection failed: getaddrinfo EAI_AGAIN mysql
2026-06-30 11:01:47  [INFO]: Server running on port 3000
2026-06-30 11:01:52  [ERROR]: Database connection failed: getaddrinfo EAI_AGAIN mysql
2026-06-30 11:02:53  [INFO]: Server running on port 3000
2026-06-30 11:02:58  [ERROR]: Database connection failed: getaddrinfo EAI_AGAIN mysql
2026-06-30 11:03:59  [INFO]: Server running on port 3000
2026-06-30 11:04:04  [ERROR]: Database connection failed: getaddrinfo EAI_AGAIN mysql
2026-06-30 11:05:05  [INFO]: Server running on port 3000
2026-06-30 11:05:10  [ERROR]: Database connection failed: getaddrinfo EAI_AGAIN mysql
2026-06-30 11:06:11  [INFO]: Server running on port 3000
2026-06-30 11:06:16  [ERROR]: Database connection failed: getaddrinfo EAI_AGAIN mysql
2026-06-30 11:07:16  [INFO]: Server running on port 3000
2026-06-30 11:07:21  [ERROR]: Database connection failed: getaddrinfo EAI_AGAIN mysql
2026-06-30 11:08:22  [INFO]: Server running on port 3000
2026-06-30 11:08:27  [ERROR]: Database connection failed: getaddrinfo EAI_AGAIN mysql
2026-06-30 11:09:28  [INFO]: Server running on port 3000
2026-06-30 11:09:33  [ERROR]: Database connection failed: getaddrinfo EAI_AGAIN mysql
2026-06-30 11:10:34  [INFO]: Server running on port 3000
2026-06-30 11:10:39  [ERROR]: Database connection failed: getaddrinfo EAI_AGAIN mysql
2026-06-30 11:11:40  [INFO]: Server running on port 3000
2026-06-30 11:11:45  [ERROR]: Database connection failed: getaddrinfo EAI_AGAIN mysql
2026-06-30 11:12:46  [INFO]: Server running on port 3000
2026-06-30 11:12:51  [ERROR]: Database connection failed: getaddrinfo EAI_AGAIN mysql
2026-06-30 11:13:52  [INFO]: Server running on port 3000
2026-06-30 11:13:57  [ERROR]: Database connection failed: getaddrinfo EAI_AGAIN mysql
2026-06-30 11:14:58  [INFO]: Server running on port 3000
2026-06-30 11:15:03  [ERROR]: Database connection failed: getaddrinfo EAI_AGAIN mysql
2026-06-30 11:16:03  [INFO]: Server running on port 3000
2026-06-30 11:16:08  [ERROR]: Database connection failed: getaddrinfo EAI_AGAIN mysql
2026-06-30 11:17:09  [INFO]: Server running on port 3000
2026-06-30 11:17:14  [ERROR]: Database connection failed: getaddrinfo EAI_AGAIN mysql
2026-06-30 11:18:15  [INFO]: Server running on port 3000
2026-06-30 11:18:20  [ERROR]: Database connection failed: getaddrinfo EAI_AGAIN mysql
2026-06-30 11:19:21  [INFO]: Server running on port 3000
2026-06-30 11:19:26  [ERROR]: Database connection failed: getaddrinfo EAI_AGAIN mysql
2026-06-30 11:20:27  [INFO]: Server running on port 3000
2026-06-30 11:20:32  [ERROR]: Database connection failed: getaddrinfo EAI_AGAIN mysql
2026-06-30 11:21:34  [INFO]: Server running on port 3000
2026-06-30 11:21:39  [ERROR]: Database connection failed: getaddrinfo EAI_AGAIN mysql
2026-06-30 11:22:41  [INFO]: Server running on port 3000
2026-06-30 11:22:46  [ERROR]: Database connection failed: getaddrinfo EAI_AGAIN mysql
2026-06-30 11:23:48  [INFO]: Server running on port 3000
2026-06-30 11:23:53  [ERROR]: Database connection failed: getaddrinfo EAI_AGAIN mysql
2026-06-30 11:24:55  [INFO]: Server running on port 3000
2026-06-30 11:25:00  [ERROR]: Database connection failed: getaddrinfo EAI_AGAIN mysql
2026-06-30 11:26:02  [INFO]: Server running on port 3000
2026-06-30 11:26:07  [ERROR]: Database connection failed: getaddrinfo EAI_AGAIN mysql
2026-06-30 11:27:08  [INFO]: Server running on port 3000
2026-06-30 11:27:13  [ERROR]: Database connection failed: getaddrinfo EAI_AGAIN mysql
2026-06-30 11:28:14  [INFO]: Server running on port 3000
2026-06-30 11:28:19  [ERROR]: Database connection failed: getaddrinfo EAI_AGAIN mysql
2026-06-30 11:29:21  [INFO]: Server running on port 3000
2026-06-30 11:29:26  [ERROR]: Database connection failed: getaddrinfo EAI_AGAIN mysql
2026-06-30 11:30:27  [INFO]: Server running on port 3000
2026-06-30 11:30:32  [ERROR]: Database connection failed: getaddrinfo EAI_AGAIN mysql
2026-06-30 11:31:33  [INFO]: Server running on port 3000
2026-06-30 11:31:38  [ERROR]: Database connection failed: getaddrinfo EAI_AGAIN mysql
2026-06-30 11:32:39  [INFO]: Server running on port 3000
2026-06-30 11:32:44  [ERROR]: Database connection failed: getaddrinfo EAI_AGAIN mysql
2026-06-30 11:33:45  [INFO]: Server running on port 3000
2026-06-30 11:33:50  [ERROR]: Database connection failed: getaddrinfo EAI_AGAIN mysql
2026-06-30 11:34:52  [INFO]: Server running on port 3000
2026-06-30 11:34:57  [ERROR]: Database connection failed: getaddrinfo EAI_AGAIN mysql
2026-06-30 11:35:58  [INFO]: Server running on port 3000
2026-06-30 11:36:03  [ERROR]: Database connection failed: getaddrinfo EAI_AGAIN mysql
2026-06-30 11:37:04  [INFO]: Server running on port 3000
2026-06-30 11:37:09  [ERROR]: Database connection failed: getaddrinfo EAI_AGAIN mysql
2026-06-30 11:38:10  [INFO]: Server running on port 3000
2026-06-30 11:38:15  [ERROR]: Database connection failed: getaddrinfo EAI_AGAIN mysql
2026-06-30 11:39:16  [INFO]: Server running on port 3000
2026-06-30 11:39:21  [ERROR]: Database connection failed: getaddrinfo EAI_AGAIN mysql
2026-06-30 11:40:23  [INFO]: Server running on port 3000
2026-06-30 11:40:28  [ERROR]: Database connection failed: getaddrinfo EAI_AGAIN mysql
2026-06-30 11:41:29  [INFO]: Server running on port 3000
2026-06-30 11:41:34  [ERROR]: Database connection failed: getaddrinfo EAI_AGAIN mysql
2026-06-30 11:42:35  [INFO]: Server running on port 3000
2026-06-30 11:42:40  [ERROR]: Database connection failed: getaddrinfo EAI_AGAIN mysql
2026-06-30 11:43:42  [INFO]: Server running on port 3000
2026-06-30 11:43:47  [ERROR]: Database connection failed: getaddrinfo EAI_AGAIN mysql
2026-06-30 11:44:48  [INFO]: Server running on port 3000
2026-06-30 11:44:53  [ERROR]: Database connection failed: getaddrinfo EAI_AGAIN mysql
2026-06-30 11:45:55  [INFO]: Server running on port 3000
2026-06-30 11:46:00  [ERROR]: Database connection failed: getaddrinfo EAI_AGAIN mysql
2026-06-30 11:47:01  [INFO]: Server running on port 3000
2026-06-30 11:47:06  [ERROR]: Database connection failed: getaddrinfo EAI_AGAIN mysql
2026-06-30 11:48:07  [INFO]: Server running on port 3000
2026-06-30 11:48:12  [ERROR]: Database connection failed: getaddrinfo EAI_AGAIN mysql
2026-06-30 11:49:14  [INFO]: Server running on port 3000
2026-06-30 11:49:19  [ERROR]: Database connection failed: getaddrinfo EAI_AGAIN mysql
2026-06-30 11:50:21  [INFO]: Server running on port 3000
2026-06-30 11:50:26  [ERROR]: Database connection failed: getaddrinfo EAI_AGAIN mysql
2026-06-30 11:51:27  [INFO]: Server running on port 3000
2026-06-30 11:51:32  [ERROR]: Database connection failed: getaddrinfo EAI_AGAIN mysql
2026-06-30 11:52:34  [INFO]: Server running on port 3000
2026-06-30 11:52:39  [ERROR]: Database connection failed: getaddrinfo EAI_AGAIN mysql
2026-06-30 11:53:40  [INFO]: Server running on port 3000
2026-06-30 11:53:45  [ERROR]: Database connection failed: getaddrinfo EAI_AGAIN mysql
2026-06-30 11:54:46  [INFO]: Server running on port 3000
2026-06-30 11:54:51  [ERROR]: Database connection failed: getaddrinfo EAI_AGAIN mysql
2026-06-30 11:55:53  [INFO]: Server running on port 3000
2026-06-30 11:55:58  [ERROR]: Database connection failed: getaddrinfo EAI_AGAIN mysql
2026-06-30 11:56:59  [INFO]: Server running on port 3000
2026-06-30 11:57:04  [ERROR]: Database connection failed: getaddrinfo EAI_AGAIN mysql
2026-06-30 11:58:05  [INFO]: Server running on port 3000
2026-06-30 11:58:10  [ERROR]: Database connection failed: getaddrinfo EAI_AGAIN mysql
2026-06-30 11:59:11  [INFO]: Server running on port 3000
2026-06-30 11:59:16  [ERROR]: Database connection failed: getaddrinfo EAI_AGAIN mysql
2026-06-30 12:00:18  [INFO]: Server running on port 3000
2026-06-30 12:00:23  [ERROR]: Database connection failed: getaddrinfo EAI_AGAIN mysql
2026-06-30 12:01:24  [INFO]: Server running on port 3000
2026-06-30 12:01:29  [ERROR]: Database connection failed: getaddrinfo EAI_AGAIN mysql
2026-06-30 12:02:32  [INFO]: Server running on port 3000
2026-06-30 12:02:37  [ERROR]: Database connection failed: getaddrinfo EAI_AGAIN mysql
2026-06-30 12:03:45  [INFO]: Server running on port 3000
2026-06-30 12:03:50  [ERROR]: Database connection failed: getaddrinfo EAI_AGAIN mysql
2026-06-30 12:03:56  [INFO]: Server running on port 3000
2026-06-30 12:04:01  [ERROR]: Database connection failed: getaddrinfo EAI_AGAIN mysql
2026-06-30 12:04:03  [INFO]: Server running on port 3000
2026-06-30 12:04:08  [ERROR]: Database connection failed: getaddrinfo EAI_AGAIN mysql
2026-06-30 12:04:10  [INFO]: Server running on port 3000
2026-06-30 12:04:15  [ERROR]: Database connection failed: getaddrinfo EAI_AGAIN mysql
2026-06-30 12:04:18  [INFO]: Server running on port 3000
2026-06-30 12:04:23  [ERROR]: Database connection failed: getaddrinfo EAI_AGAIN mysql
2026-06-30 12:04:25  [INFO]: Server running on port 3000
2026-06-30 12:04:30  [ERROR]: Database connection failed: getaddrinfo EAI_AGAIN mysql
2026-06-30 12:04:35  [INFO]: Server running on port 3000
2026-06-30 12:04:40  [ERROR]: Database connection failed: getaddrinfo EAI_AGAIN mysql
2026-06-30 12:04:48  [INFO]: Server running on port 3000
2026-06-30 12:04:53  [ERROR]: Database connection failed: getaddrinfo EAI_AGAIN mysql
2026-06-30 12:05:08  [INFO]: Server running on port 3000
2026-06-30 12:05:13  [ERROR]: Database connection failed: getaddrinfo EAI_AGAIN mysql
2026-06-30 12:05:39  [INFO]: Server running on port 3000
2026-06-30 12:05:44  [ERROR]: Database connection failed: getaddrinfo EAI_AGAIN mysql
2026-06-30 12:06:37  [INFO]: Server running on port 3000
2026-06-30 12:06:42  [ERROR]: Database connection failed: getaddrinfo EAI_AGAIN mysql
2026-06-30 12:07:43  [INFO]: Server running on port 3000
2026-06-30 12:07:48  [ERROR]: Database connection failed: getaddrinfo EAI_AGAIN mysql
2026-06-30 12:08:50  [INFO]: Server running on port 3000
2026-06-30 12:08:55  [ERROR]: Database connection failed: getaddrinfo EAI_AGAIN mysql
2026-06-30 12:09:56  [INFO]: Server running on port 3000
2026-06-30 12:10:01  [ERROR]: Database connection failed: getaddrinfo EAI_AGAIN mysql
2026-06-30 12:11:03  [INFO]: Server running on port 3000
2026-06-30 12:11:08  [ERROR]: Database connection failed: getaddrinfo EAI_AGAIN mysql
2026-06-30 12:12:09  [INFO]: Server running on port 3000
2026-06-30 12:12:14  [ERROR]: Database connection failed: getaddrinfo EAI_AGAIN mysql
2026-06-30 12:13:16  [INFO]: Server running on port 3000
2026-06-30 12:13:21  [ERROR]: Database connection failed: getaddrinfo EAI_AGAIN mysql
2026-06-30 12:14:22  [INFO]: Server running on port 3000
2026-06-30 12:14:27  [ERROR]: Database connection failed: getaddrinfo EAI_AGAIN mysql
2026-06-30 12:15:28  [INFO]: Server running on port 3000
2026-06-30 12:15:33  [ERROR]: Database connection failed: getaddrinfo EAI_AGAIN mysql
2026-06-30 12:16:34  [INFO]: Server running on port 3000
2026-06-30 12:16:39  [ERROR]: Database connection failed: getaddrinfo EAI_AGAIN mysql
2026-06-30 12:17:42  [INFO]: Server running on port 3000
2026-06-30 12:17:47  [ERROR]: Database connection failed: getaddrinfo EAI_AGAIN mysql
2026-06-30 12:18:49  [INFO]: Server running on port 3000
2026-06-30 12:18:54  [ERROR]: Database connection failed: getaddrinfo EAI_AGAIN mysql
2026-06-30 12:19:55  [INFO]: Server running on port 3000
2026-06-30 12:20:00  [ERROR]: Database connection failed: getaddrinfo EAI_AGAIN mysql
2026-06-30 12:21:02  [INFO]: Server running on port 3000
2026-06-30 12:21:07  [ERROR]: Database connection failed: getaddrinfo EAI_AGAIN mysql
2026-06-30 12:22:08  [INFO]: Server running on port 3000
2026-06-30 12:22:13  [ERROR]: Database connection failed: getaddrinfo EAI_AGAIN mysql
2026-06-30 12:24:26  [INFO]: Server running on port 3000
2026-06-30 12:24:31  [ERROR]: Database connection failed: getaddrinfo EAI_AGAIN mysql
2026-06-30 12:24:32  [INFO]: Server running on port 3000
2026-06-30 12:24:37  [ERROR]: Database connection failed: getaddrinfo EAI_AGAIN mysql
2026-06-30 12:24:38  [INFO]: Server running on port 3000
2026-06-30 12:24:43  [ERROR]: Database connection failed: getaddrinfo EAI_AGAIN mysql
2026-06-30 12:24:45  [INFO]: Server running on port 3000
2026-06-30 12:24:50  [ERROR]: Database connection failed: getaddrinfo EAI_AGAIN mysql
2026-06-30 12:24:51  [INFO]: Server running on port 3000
2026-06-30 12:24:56  [ERROR]: Database connection failed: getaddrinfo EAI_AGAIN mysql
2026-06-30 12:24:59  [INFO]: Server running on port 3000
2026-06-30 12:25:04  [ERROR]: Database connection failed: getaddrinfo EAI_AGAIN mysql
2026-06-30 12:25:08  [INFO]: Server running on port 3000
2026-06-30 12:25:13  [ERROR]: Database connection failed: getaddrinfo EAI_AGAIN mysql
2026-06-30 12:25:20  [INFO]: Server running on port 3000
2026-06-30 12:25:25  [ERROR]: Database connection failed: getaddrinfo EAI_AGAIN mysql
2026-06-30 12:25:39  [INFO]: Server running on port 3000
2026-06-30 12:25:44  [ERROR]: Database connection failed: getaddrinfo EAI_AGAIN mysql
2026-06-30 12:26:11  [INFO]: Server running on port 3000
2026-06-30 12:26:16  [ERROR]: Database connection failed: getaddrinfo EAI_AGAIN mysql
2026-06-30 12:27:08  [INFO]: Server running on port 3000
2026-06-30 12:27:13  [ERROR]: Database connection failed: getaddrinfo EAI_AGAIN mysql
2026-06-30 12:28:13  [INFO]: Server running on port 3000
2026-06-30 12:28:18  [ERROR]: Database connection failed: getaddrinfo EAI_AGAIN mysql
2026-06-30 12:29:19  [INFO]: Server running on port 3000
2026-06-30 12:29:24  [ERROR]: Database connection failed: getaddrinfo EAI_AGAIN mysql
2026-06-30 12:30:25  [INFO]: Server running on port 3000
2026-06-30 12:30:30  [ERROR]: Database connection failed: getaddrinfo EAI_AGAIN mysql
2026-06-30 12:31:31  [INFO]: Server running on port 3000
2026-06-30 12:31:36  [ERROR]: Database connection failed: getaddrinfo EAI_AGAIN mysql
2026-06-30 12:32:37  [INFO]: Server running on port 3000
2026-06-30 12:32:42  [ERROR]: Database connection failed: getaddrinfo EAI_AGAIN mysql
2026-06-30 12:33:43  [INFO]: Server running on port 3000
2026-06-30 12:33:48  [ERROR]: Database connection failed: getaddrinfo EAI_AGAIN mysql
2026-06-30 12:34:48  [INFO]: Server running on port 3000
2026-06-30 12:34:53  [ERROR]: Database connection failed: getaddrinfo EAI_AGAIN mysql
2026-06-30 12:35:54  [INFO]: Server running on port 3000
2026-06-30 12:35:59  [ERROR]: Database connection failed: getaddrinfo EAI_AGAIN mysql
2026-06-30 12:37:00  [INFO]: Server running on port 3000
2026-06-30 12:37:05  [ERROR]: Database connection failed: getaddrinfo EAI_AGAIN mysql
2026-06-30 12:38:06  [INFO]: Server running on port 3000
2026-06-30 12:38:11  [ERROR]: Database connection failed: getaddrinfo EAI_AGAIN mysql
2026-06-30 12:39:12  [INFO]: Server running on port 3000
2026-06-30 12:39:17  [ERROR]: Database connection failed: getaddrinfo EAI_AGAIN mysql
2026-06-30 12:40:18  [INFO]: Server running on port 3000
2026-06-30 12:40:23  [ERROR]: Database connection failed: getaddrinfo EAI_AGAIN mysql
2026-06-30 12:41:24  [INFO]: Server running on port 3000
2026-06-30 12:41:29  [ERROR]: Database connection failed: getaddrinfo EAI_AGAIN mysql
2026-06-30 12:42:29  [INFO]: Server running on port 3000
2026-06-30 12:42:34  [ERROR]: Database connection failed: getaddrinfo EAI_AGAIN mysql
2026-06-30 12:43:35  [INFO]: Server running on port 3000
2026-06-30 12:43:40  [ERROR]: Database connection failed: getaddrinfo EAI_AGAIN mysql
2026-06-30 12:44:41  [INFO]: Server running on port 3000
2026-06-30 12:44:46  [ERROR]: Database connection failed: getaddrinfo EAI_AGAIN mysql
2026-06-30 12:45:47  [INFO]: Server running on port 3000
2026-06-30 12:45:52  [ERROR]: Database connection failed: getaddrinfo EAI_AGAIN mysql
2026-06-30 12:46:53  [INFO]: Server running on port 3000
2026-06-30 12:46:58  [ERROR]: Database connection failed: getaddrinfo EAI_AGAIN mysql
2026-06-30 12:47:59  [INFO]: Server running on port 3000
2026-06-30 12:48:04  [ERROR]: Database connection failed: getaddrinfo EAI_AGAIN mysql
2026-06-30 12:49:04  [INFO]: Server running on port 3000
2026-06-30 12:49:09  [ERROR]: Database connection failed: getaddrinfo EAI_AGAIN mysql
2026-06-30 12:50:10  [INFO]: Server running on port 3000
2026-06-30 12:50:15  [ERROR]: Database connection failed: getaddrinfo EAI_AGAIN mysql
2026-06-30 12:51:16  [INFO]: Server running on port 3000
2026-06-30 12:51:21  [ERROR]: Database connection failed: getaddrinfo EAI_AGAIN mysql
2026-06-30 12:52:22  [INFO]: Server running on port 3000
2026-06-30 12:52:27  [ERROR]: Database connection failed: getaddrinfo EAI_AGAIN mysql
2026-06-30 12:53:28  [INFO]: Server running on port 3000
2026-06-30 12:53:33  [ERROR]: Database connection failed: getaddrinfo EAI_AGAIN mysql
2026-06-30 12:54:34  [INFO]: Server running on port 3000
2026-06-30 12:54:39  [ERROR]: Database connection failed: getaddrinfo EAI_AGAIN mysql
2026-06-30 12:55:40  [INFO]: Server running on port 3000
2026-06-30 12:55:45  [ERROR]: Database connection failed: getaddrinfo EAI_AGAIN mysql
2026-06-30 12:56:45  [INFO]: Server running on port 3000
2026-06-30 12:56:50  [ERROR]: Database connection failed: getaddrinfo EAI_AGAIN mysql
2026-06-30 12:57:51  [INFO]: Server running on port 3000
2026-06-30 12:57:56  [ERROR]: Database connection failed: getaddrinfo EAI_AGAIN mysql
2026-06-30 12:58:57  [INFO]: Server running on port 3000
2026-06-30 12:59:02  [ERROR]: Database connection failed: getaddrinfo EAI_AGAIN mysql
2026-06-30 13:00:03  [INFO]: Server running on port 3000
2026-06-30 13:00:08  [ERROR]: Database connection failed: getaddrinfo EAI_AGAIN mysql
2026-06-30 13:01:08  [INFO]: Server running on port 3000
2026-06-30 13:01:13  [ERROR]: Database connection failed: getaddrinfo EAI_AGAIN mysql
2026-06-30 13:02:14  [INFO]: Server running on port 3000
2026-06-30 13:02:19  [ERROR]: Database connection failed: getaddrinfo EAI_AGAIN mysql
2026-06-30 13:03:20  [INFO]: Server running on port 3000
2026-06-30 13:03:25  [ERROR]: Database connection failed: getaddrinfo EAI_AGAIN mysql
2026-06-30 13:04:26  [INFO]: Server running on port 3000
2026-06-30 13:04:31  [ERROR]: Database connection failed: getaddrinfo EAI_AGAIN mysql
2026-06-30 13:05:31  [INFO]: Server running on port 3000
2026-06-30 13:05:36  [ERROR]: Database connection failed: getaddrinfo EAI_AGAIN mysql
2026-07-01 06:00:28  [INFO]: Server running on port 3000
2026-07-01 06:00:33  [ERROR]: Database connection failed: getaddrinfo EAI_AGAIN mysql
2026-07-01 06:00:34  [INFO]: Server running on port 3000
2026-07-01 06:00:39  [ERROR]: Database connection failed: getaddrinfo EAI_AGAIN mysql
2026-07-01 06:00:40  [INFO]: Server running on port 3000
2026-07-01 06:00:45  [ERROR]: Database connection failed: getaddrinfo EAI_AGAIN mysql
2026-07-01 06:00:47  [INFO]: Server running on port 3000
2026-07-01 06:00:52  [ERROR]: Database connection failed: getaddrinfo EAI_AGAIN mysql
2026-07-01 06:00:53  [INFO]: Server running on port 3000
2026-07-01 06:00:58  [ERROR]: Database connection failed: getaddrinfo EAI_AGAIN mysql
2026-07-01 06:01:01  [INFO]: Server running on port 3000
2026-07-01 06:01:06  [ERROR]: Database connection failed: getaddrinfo EAI_AGAIN mysql
2026-07-01 06:01:10  [INFO]: Server running on port 3000
2026-07-01 06:01:15  [ERROR]: Database connection failed: getaddrinfo EAI_AGAIN mysql
2026-07-01 06:01:22  [INFO]: Server running on port 3000
2026-07-01 06:01:27  [ERROR]: Database connection failed: getaddrinfo EAI_AGAIN mysql
2026-07-01 06:01:41  [INFO]: Server running on port 3000
2026-07-01 06:01:46  [ERROR]: Database connection failed: getaddrinfo EAI_AGAIN mysql
2026-07-01 06:02:12  [INFO]: Server running on port 3000
2026-07-01 06:02:17  [ERROR]: Database connection failed: getaddrinfo EAI_AGAIN mysql
2026-07-01 06:03:10  [INFO]: Server running on port 3000
2026-07-01 06:03:15  [ERROR]: Database connection failed: getaddrinfo EAI_AGAIN mysql
2026-07-01 06:04:16  [INFO]: Server running on port 3000
2026-07-01 06:04:21  [ERROR]: Database connection failed: getaddrinfo EAI_AGAIN mysql
2026-07-01 06:05:22  [INFO]: Server running on port 3000
2026-07-01 06:05:27  [ERROR]: Database connection failed: getaddrinfo EAI_AGAIN mysql
2026-07-01 06:06:28  [INFO]: Server running on port 3000
2026-07-01 06:06:30  [INFO]: SIGTERM received, closing server...
2026-07-01 06:08:03  [INFO]: Server running on port 3000
2026-07-01 06:08:08  [ERROR]: Database connection failed: getaddrinfo EAI_AGAIN mysql
2026-07-01 06:08:10  [INFO]: Server running on port 3000
2026-07-01 06:08:15  [ERROR]: Database connection failed: getaddrinfo EAI_AGAIN mysql
2026-07-01 06:08:17  [INFO]: Server running on port 3000
2026-07-01 06:08:22  [ERROR]: Database connection failed: getaddrinfo EAI_AGAIN mysql
2026-07-01 06:08:25  [INFO]: Server running on port 3000
2026-07-01 06:08:30  [ERROR]: Database connection failed: getaddrinfo EAI_AGAIN mysql
2026-07-01 06:08:32  [INFO]: Server running on port 3000
2026-07-01 06:08:37  [ERROR]: Database connection failed: getaddrinfo EAI_AGAIN mysql
2026-07-01 06:08:40  [INFO]: Server running on port 3000
2026-07-01 06:08:45  [ERROR]: Database connection failed: getaddrinfo EAI_AGAIN mysql
2026-07-01 06:08:49  [INFO]: Server running on port 3000
2026-07-01 06:08:54  [ERROR]: Database connection failed: getaddrinfo EAI_AGAIN mysql
2026-07-01 06:09:02  [INFO]: Server running on port 3000
2026-07-01 06:09:07  [ERROR]: Database connection failed: getaddrinfo EAI_AGAIN mysql
2026-07-01 06:09:20  [INFO]: Server running on port 3000
2026-07-01 06:09:25  [ERROR]: Database connection failed: getaddrinfo EAI_AGAIN mysql
2026-07-01 06:09:53  [INFO]: Server running on port 3000
2026-07-01 06:09:58  [ERROR]: Database connection failed: getaddrinfo EAI_AGAIN mysql
2026-07-01 06:10:50  [INFO]: Server running on port 3000
2026-07-01 06:10:55  [ERROR]: Database connection failed: getaddrinfo EAI_AGAIN mysql
2026-07-01 06:11:56  [INFO]: Server running on port 3000
2026-07-01 06:12:01  [ERROR]: Database connection failed: getaddrinfo EAI_AGAIN mysql
2026-07-01 06:13:02  [INFO]: Server running on port 3000
2026-07-01 06:13:07  [ERROR]: Database connection failed: getaddrinfo EAI_AGAIN mysql
2026-07-01 06:14:08  [INFO]: Server running on port 3000
2026-07-01 06:14:13  [ERROR]: Database connection failed: getaddrinfo EAI_AGAIN mysql
2026-07-01 06:15:13  [INFO]: Server running on port 3000
2026-07-01 06:15:18  [ERROR]: Database connection failed: getaddrinfo EAI_AGAIN mysql
2026-07-01 06:16:19  [INFO]: Server running on port 3000
2026-07-01 06:16:24  [ERROR]: Database connection failed: getaddrinfo EAI_AGAIN mysql
2026-07-01 06:17:25  [INFO]: Server running on port 3000
2026-07-01 06:17:30  [ERROR]: Database connection failed: getaddrinfo EAI_AGAIN mysql
2026-07-01 06:18:31  [INFO]: Server running on port 3000
2026-07-01 06:18:36  [ERROR]: Database connection failed: getaddrinfo EAI_AGAIN mysql
2026-07-01 06:19:37  [INFO]: Server running on port 3000
2026-07-01 06:19:42  [ERROR]: Database connection failed: getaddrinfo EAI_AGAIN mysql
2026-07-01 06:20:43  [INFO]: Server running on port 3000
2026-07-01 06:20:48  [ERROR]: Database connection failed: getaddrinfo EAI_AGAIN mysql
2026-07-01 06:21:48  [INFO]: Server running on port 3000
2026-07-01 06:21:53  [ERROR]: Database connection failed: getaddrinfo EAI_AGAIN mysql
2026-07-01 06:22:54  [INFO]: Server running on port 3000
2026-07-01 06:22:59  [ERROR]: Database connection failed: getaddrinfo EAI_AGAIN mysql
2026-07-01 06:24:00  [INFO]: Server running on port 3000
2026-07-01 06:24:05  [ERROR]: Database connection failed: getaddrinfo EAI_AGAIN mysql
2026-07-01 06:25:06  [INFO]: Server running on port 3000
2026-07-01 06:25:11  [ERROR]: Database connection failed: getaddrinfo EAI_AGAIN mysql
2026-07-01 06:26:12  [INFO]: Server running on port 3000
2026-07-01 06:26:17  [ERROR]: Database connection failed: getaddrinfo EAI_AGAIN mysql
2026-07-01 06:27:18  [INFO]: Server running on port 3000
2026-07-01 06:27:23  [ERROR]: Database connection failed: getaddrinfo EAI_AGAIN mysql
2026-07-01 06:28:25  [INFO]: Server running on port 3000
2026-07-01 06:28:30  [ERROR]: Database connection failed: getaddrinfo EAI_AGAIN mysql
2026-07-01 06:29:31  [INFO]: Server running on port 3000
2026-07-01 06:29:36  [ERROR]: Database connection failed: getaddrinfo EAI_AGAIN mysql
2026-07-01 06:30:38  [INFO]: Server running on port 3000
2026-07-01 06:30:43  [ERROR]: Database connection failed: getaddrinfo EAI_AGAIN mysql
2026-07-01 06:31:45  [INFO]: Server running on port 3000
2026-07-01 06:31:50  [ERROR]: Database connection failed: getaddrinfo EAI_AGAIN mysql
2026-07-01 06:32:52  [INFO]: Server running on port 3000
2026-07-01 06:32:57  [ERROR]: Database connection failed: getaddrinfo EAI_AGAIN mysql
2026-07-01 06:33:58  [INFO]: Server running on port 3000
2026-07-01 06:34:03  [ERROR]: Database connection failed: getaddrinfo EAI_AGAIN mysql
2026-07-01 06:35:05  [INFO]: Server running on port 3000
2026-07-01 06:35:10  [ERROR]: Database connection failed: getaddrinfo EAI_AGAIN mysql
2026-07-01 06:36:12  [INFO]: Server running on port 3000
2026-07-01 06:36:17  [ERROR]: Database connection failed: getaddrinfo EAI_AGAIN mysql
2026-07-01 06:37:19  [INFO]: Server running on port 3000
2026-07-01 06:37:24  [ERROR]: Database connection failed: getaddrinfo EAI_AGAIN mysql
2026-07-01 06:38:25  [INFO]: Server running on port 3000
2026-07-01 06:38:30  [ERROR]: Database connection failed: getaddrinfo EAI_AGAIN mysql
2026-07-01 06:39:32  [INFO]: Server running on port 3000
2026-07-01 06:39:37  [ERROR]: Database connection failed: getaddrinfo EAI_AGAIN mysql
2026-07-01 06:40:39  [INFO]: Server running on port 3000
2026-07-01 06:40:44  [ERROR]: Database connection failed: getaddrinfo EAI_AGAIN mysql
2026-07-01 06:41:46  [INFO]: Server running on port 3000
2026-07-01 06:41:51  [ERROR]: Database connection failed: getaddrinfo EAI_AGAIN mysql
2026-07-01 06:42:53  [INFO]: Server running on port 3000
2026-07-01 06:42:58  [ERROR]: Database connection failed: getaddrinfo EAI_AGAIN mysql
2026-07-01 06:44:00  [INFO]: Server running on port 3000
2026-07-01 06:44:05  [ERROR]: Database connection failed: getaddrinfo EAI_AGAIN mysql
2026-07-01 06:45:06  [INFO]: Server running on port 3000
2026-07-01 06:45:11  [ERROR]: Database connection failed: getaddrinfo EAI_AGAIN mysql
2026-07-01 06:46:13  [INFO]: Server running on port 3000
2026-07-01 06:46:18  [ERROR]: Database connection failed: getaddrinfo EAI_AGAIN mysql
2026-07-01 06:47:20  [INFO]: Server running on port 3000
2026-07-01 06:47:25  [ERROR]: Database connection failed: getaddrinfo EAI_AGAIN mysql
2026-07-01 06:48:26  [INFO]: Server running on port 3000
2026-07-01 06:48:31  [ERROR]: Database connection failed: getaddrinfo EAI_AGAIN mysql
2026-07-01 06:49:33  [INFO]: Server running on port 3000
2026-07-01 06:49:38  [ERROR]: Database connection failed: getaddrinfo EAI_AGAIN mysql
2026-07-01 06:50:40  [INFO]: Server running on port 3000
2026-07-01 06:50:45  [ERROR]: Database connection failed: getaddrinfo EAI_AGAIN mysql
2026-07-01 06:51:47  [INFO]: Server running on port 3000
2026-07-01 06:51:52  [ERROR]: Database connection failed: getaddrinfo EAI_AGAIN mysql
2026-07-01 06:52:54  [INFO]: Server running on port 3000
2026-07-01 06:52:59  [ERROR]: Database connection failed: getaddrinfo EAI_AGAIN mysql
2026-07-01 06:54:01  [INFO]: Server running on port 3000
2026-07-01 06:54:06  [ERROR]: Database connection failed: getaddrinfo EAI_AGAIN mysql
2026-07-01 06:55:07  [INFO]: Server running on port 3000
2026-07-01 06:55:12  [ERROR]: Database connection failed: getaddrinfo EAI_AGAIN mysql
2026-07-01 06:56:13  [INFO]: Server running on port 3000
2026-07-01 06:56:18  [ERROR]: Database connection failed: getaddrinfo EAI_AGAIN mysql
2026-07-01 06:57:19  [INFO]: Server running on port 3000
2026-07-01 06:57:24  [ERROR]: Database connection failed: getaddrinfo EAI_AGAIN mysql
2026-07-01 06:58:25  [INFO]: Server running on port 3000
2026-07-01 06:58:30  [ERROR]: Database connection failed: getaddrinfo EAI_AGAIN mysql
2026-07-01 06:59:32  [INFO]: Server running on port 3000
2026-07-01 06:59:37  [ERROR]: Database connection failed: getaddrinfo EAI_AGAIN mysql
2026-07-01 07:00:38  [INFO]: Server running on port 3000
2026-07-01 07:00:43  [ERROR]: Database connection failed: getaddrinfo EAI_AGAIN mysql
2026-07-01 07:01:44  [INFO]: Server running on port 3000
2026-07-01 07:01:49  [ERROR]: Database connection failed: getaddrinfo EAI_AGAIN mysql
2026-07-01 07:02:50  [INFO]: Server running on port 3000
2026-07-01 07:02:55  [ERROR]: Database connection failed: getaddrinfo EAI_AGAIN mysql
2026-07-01 07:03:57  [INFO]: Server running on port 3000
2026-07-01 07:04:02  [ERROR]: Database connection failed: getaddrinfo EAI_AGAIN mysql
2026-07-01 07:05:03  [INFO]: Server running on port 3000
2026-07-01 07:05:08  [ERROR]: Database connection failed: getaddrinfo EAI_AGAIN mysql
2026-07-01 07:06:10  [INFO]: Server running on port 3000
2026-07-01 07:06:15  [ERROR]: Database connection failed: getaddrinfo EAI_AGAIN mysql
2026-07-01 07:07:16  [INFO]: Server running on port 3000
2026-07-01 07:07:21  [ERROR]: Database connection failed: getaddrinfo EAI_AGAIN mysql
2026-07-01 07:08:22  [INFO]: Server running on port 3000
2026-07-01 07:08:27  [ERROR]: Database connection failed: getaddrinfo EAI_AGAIN mysql
2026-07-01 07:09:29  [INFO]: Server running on port 3000
2026-07-01 07:09:34  [ERROR]: Database connection failed: getaddrinfo EAI_AGAIN mysql
2026-07-01 07:10:36  [INFO]: Server running on port 3000
2026-07-01 07:10:41  [ERROR]: Database connection failed: getaddrinfo EAI_AGAIN mysql
2026-07-01 07:11:42  [INFO]: Server running on port 3000
2026-07-01 07:11:47  [ERROR]: Database connection failed: getaddrinfo EAI_AGAIN mysql
2026-07-01 07:12:49  [INFO]: Server running on port 3000
2026-07-01 07:12:54  [ERROR]: Database connection failed: getaddrinfo EAI_AGAIN mysql
2026-07-01 07:13:55  [INFO]: Server running on port 3000
2026-07-01 07:14:00  [ERROR]: Database connection failed: getaddrinfo EAI_AGAIN mysql
2026-07-01 07:15:02  [INFO]: Server running on port 3000
2026-07-01 07:15:07  [ERROR]: Database connection failed: getaddrinfo EAI_AGAIN mysql
2026-07-01 07:16:08  [INFO]: Server running on port 3000
2026-07-01 07:16:13  [ERROR]: Database connection failed: getaddrinfo EAI_AGAIN mysql
2026-07-01 07:17:15  [INFO]: Server running on port 3000
2026-07-01 07:17:20  [ERROR]: Database connection failed: getaddrinfo EAI_AGAIN mysql
2026-07-01 07:18:21  [INFO]: Server running on port 3000
2026-07-01 07:18:26  [ERROR]: Database connection failed: getaddrinfo EAI_AGAIN mysql
2026-07-01 07:19:28  [INFO]: Server running on port 3000
2026-07-01 07:19:33  [ERROR]: Database connection failed: getaddrinfo EAI_AGAIN mysql
2026-07-01 07:20:35  [INFO]: Server running on port 3000
2026-07-01 07:20:40  [ERROR]: Database connection failed: getaddrinfo EAI_AGAIN mysql
2026-07-01 07:21:42  [INFO]: Server running on port 3000
2026-07-01 07:21:47  [ERROR]: Database connection failed: getaddrinfo EAI_AGAIN mysql
2026-07-01 07:22:49  [INFO]: Server running on port 3000
2026-07-01 07:22:54  [ERROR]: Database connection failed: getaddrinfo EAI_AGAIN mysql
2026-07-01 07:23:55  [INFO]: Server running on port 3000
2026-07-01 07:24:00  [ERROR]: Database connection failed: getaddrinfo EAI_AGAIN mysql
2026-07-01 07:25:02  [INFO]: Server running on port 3000
2026-07-01 07:25:07  [ERROR]: Database connection failed: getaddrinfo EAI_AGAIN mysql
2026-07-01 07:26:08  [INFO]: Server running on port 3000
2026-07-01 07:26:13  [ERROR]: Database connection failed: getaddrinfo EAI_AGAIN mysql
2026-07-01 07:27:14  [INFO]: Server running on port 3000
2026-07-01 07:27:19  [ERROR]: Database connection failed: getaddrinfo EAI_AGAIN mysql
2026-07-01 07:28:20  [INFO]: Server running on port 3000
2026-07-01 07:28:25  [ERROR]: Database connection failed: getaddrinfo EAI_AGAIN mysql
2026-07-01 07:29:27  [INFO]: Server running on port 3000
2026-07-01 07:29:32  [ERROR]: Database connection failed: getaddrinfo EAI_AGAIN mysql
2026-07-01 07:30:34  [INFO]: Server running on port 3000
2026-07-01 07:30:38  [ERROR]: Database connection failed: getaddrinfo EAI_AGAIN mysql
2026-07-01 07:31:40  [INFO]: Server running on port 3000
2026-07-01 07:31:45  [ERROR]: Database connection failed: getaddrinfo EAI_AGAIN mysql
2026-07-01 07:32:47  [INFO]: Server running on port 3000
2026-07-01 07:32:52  [ERROR]: Database connection failed: getaddrinfo EAI_AGAIN mysql
2026-07-01 07:33:54  [INFO]: Server running on port 3000
2026-07-01 07:33:59  [ERROR]: Database connection failed: getaddrinfo EAI_AGAIN mysql
2026-07-01 07:35:00  [INFO]: Server running on port 3000
2026-07-01 07:35:05  [ERROR]: Database connection failed: getaddrinfo EAI_AGAIN mysql
2026-07-01 07:36:06  [INFO]: Server running on port 3000
2026-07-01 07:36:11  [ERROR]: Database connection failed: getaddrinfo EAI_AGAIN mysql
2026-07-01 07:37:13  [INFO]: Server running on port 3000
2026-07-01 07:37:18  [ERROR]: Database connection failed: getaddrinfo EAI_AGAIN mysql
2026-07-01 07:38:19  [INFO]: Server running on port 3000
2026-07-01 07:38:24  [ERROR]: Database connection failed: getaddrinfo EAI_AGAIN mysql
2026-07-01 07:39:25  [INFO]: Server running on port 3000
2026-07-01 07:39:30  [ERROR]: Database connection failed: getaddrinfo EAI_AGAIN mysql
2026-07-01 07:40:31  [INFO]: Server running on port 3000
2026-07-01 07:40:36  [ERROR]: Database connection failed: getaddrinfo EAI_AGAIN mysql
2026-07-01 07:41:38  [INFO]: Server running on port 3000
2026-07-01 07:41:43  [ERROR]: Database connection failed: getaddrinfo EAI_AGAIN mysql
2026-07-01 07:42:44  [INFO]: Server running on port 3000
2026-07-01 07:42:49  [ERROR]: Database connection failed: getaddrinfo EAI_AGAIN mysql
2026-07-01 07:43:50  [INFO]: Server running on port 3000
2026-07-01 07:43:55  [ERROR]: Database connection failed: getaddrinfo EAI_AGAIN mysql
2026-07-01 07:44:56  [INFO]: Server running on port 3000
2026-07-01 07:45:01  [ERROR]: Database connection failed: getaddrinfo EAI_AGAIN mysql
2026-07-01 07:46:03  [INFO]: Server running on port 3000
2026-07-01 07:46:08  [ERROR]: Database connection failed: getaddrinfo EAI_AGAIN mysql
2026-07-01 07:47:09  [INFO]: Server running on port 3000
2026-07-01 07:47:14  [ERROR]: Database connection failed: getaddrinfo EAI_AGAIN mysql
2026-07-01 07:48:15  [INFO]: Server running on port 3000
2026-07-01 07:48:20  [ERROR]: Database connection failed: getaddrinfo EAI_AGAIN mysql
2026-07-01 07:49:21  [INFO]: Server running on port 3000
2026-07-01 07:49:26  [ERROR]: Database connection failed: getaddrinfo EAI_AGAIN mysql
2026-07-01 07:50:27  [INFO]: Server running on port 3000
2026-07-01 07:50:32  [ERROR]: Database connection failed: getaddrinfo EAI_AGAIN mysql
2026-07-01 07:51:34  [INFO]: Server running on port 3000
2026-07-01 07:51:39  [ERROR]: Database connection failed: getaddrinfo EAI_AGAIN mysql
2026-07-01 07:52:40  [INFO]: Server running on port 3000
2026-07-01 07:52:45  [ERROR]: Database connection failed: getaddrinfo EAI_AGAIN mysql
2026-07-01 07:53:47  [INFO]: Server running on port 3000
2026-07-01 07:53:52  [ERROR]: Database connection failed: getaddrinfo EAI_AGAIN mysql
2026-07-01 07:54:54  [INFO]: Server running on port 3000
2026-07-01 07:54:59  [ERROR]: Database connection failed: getaddrinfo EAI_AGAIN mysql
2026-07-01 07:56:00  [INFO]: Server running on port 3000
2026-07-01 07:56:05  [ERROR]: Database connection failed: getaddrinfo EAI_AGAIN mysql
2026-07-01 07:57:07  [INFO]: Server running on port 3000
2026-07-01 07:57:12  [ERROR]: Database connection failed: getaddrinfo EAI_AGAIN mysql
2026-07-01 07:58:14  [INFO]: Server running on port 3000
2026-07-01 07:58:19  [ERROR]: Database connection failed: getaddrinfo EAI_AGAIN mysql
2026-07-01 07:59:20  [INFO]: Server running on port 3000
2026-07-01 07:59:25  [ERROR]: Database connection failed: getaddrinfo EAI_AGAIN mysql
2026-07-01 08:00:27  [INFO]: Server running on port 3000
2026-07-01 08:00:32  [ERROR]: Database connection failed: getaddrinfo EAI_AGAIN mysql
2026-07-01 08:01:34  [INFO]: Server running on port 3000
2026-07-01 08:01:39  [ERROR]: Database connection failed: getaddrinfo EAI_AGAIN mysql
2026-07-01 08:02:41  [INFO]: Server running on port 3000
2026-07-01 08:02:46  [ERROR]: Database connection failed: getaddrinfo EAI_AGAIN mysql
2026-07-01 08:03:49  [INFO]: Server running on port 3000
2026-07-01 08:03:54  [ERROR]: Database connection failed: getaddrinfo EAI_AGAIN mysql
2026-07-01 08:04:59  [INFO]: Server running on port 3000
2026-07-01 08:05:04  [ERROR]: Database connection failed: getaddrinfo EAI_AGAIN mysql
2026-07-01 08:06:08  [INFO]: Server running on port 3000
2026-07-01 08:06:13  [ERROR]: Database connection failed: getaddrinfo EAI_AGAIN mysql
2026-07-01 08:07:21  [INFO]: Server running on port 3000
2026-07-01 08:07:26  [ERROR]: Database connection failed: getaddrinfo EAI_AGAIN mysql
2026-07-01 08:07:50  [INFO]: Server running on port 3000
2026-07-01 08:07:55  [ERROR]: Database connection failed: getaddrinfo EAI_AGAIN mysql
2026-07-01 08:08:19  [INFO]: Server running on port 3000
2026-07-01 08:08:24  [ERROR]: Database connection failed: getaddrinfo EAI_AGAIN mysql
2026-07-01 08:08:48  [INFO]: Server running on port 3000
2026-07-01 08:08:53  [ERROR]: Database connection failed: getaddrinfo EAI_AGAIN mysql
2026-07-01 08:08:59  [INFO]: Server running on port 3000
2026-07-01 08:09:04  [ERROR]: Database connection failed: getaddrinfo EAI_AGAIN mysql
2026-07-01 08:09:47  [INFO]: Server running on port 3000
2026-07-01 08:09:52  [ERROR]: Database connection failed: getaddrinfo EAI_AGAIN mysql
2026-07-01 08:10:12  [INFO]: Server running on port 3000
2026-07-01 08:10:17  [ERROR]: Database connection failed: getaddrinfo EAI_AGAIN mysql
2026-07-01 08:10:39  [INFO]: Server running on port 3000
2026-07-01 08:10:44  [ERROR]: Database connection failed: getaddrinfo EAI_AGAIN mysql
2026-07-01 08:11:02  [INFO]: Server running on port 3000
2026-07-01 08:11:07  [ERROR]: Database connection failed: getaddrinfo EAI_AGAIN mysql
2026-07-01 08:11:31  [INFO]: Server running on port 3000
2026-07-01 08:11:36  [ERROR]: Database connection failed: getaddrinfo EAI_AGAIN mysql
2026-07-01 08:11:56  [INFO]: Server running on port 3000
2026-07-01 08:12:01  [ERROR]: Database connection failed: getaddrinfo EAI_AGAIN mysql
2026-07-01 08:12:20  [INFO]: Server running on port 3000
2026-07-01 08:12:25  [ERROR]: Database connection failed: getaddrinfo EAI_AGAIN mysql
2026-07-01 08:12:40  [INFO]: Server running on port 3000
2026-07-01 08:12:45  [ERROR]: Database connection failed: getaddrinfo EAI_AGAIN mysql
2026-07-01 08:12:59  [INFO]: Server running on port 3000
2026-07-01 08:13:04  [ERROR]: Database connection failed: getaddrinfo EAI_AGAIN mysql
2026-07-01 08:13:31  [INFO]: Server running on port 3000
2026-07-01 08:13:36  [ERROR]: Database connection failed: getaddrinfo EAI_AGAIN mysql
2026-07-01 08:14:29  [INFO]: Server running on port 3000
2026-07-01 08:14:34  [ERROR]: Database connection failed: getaddrinfo EAI_AGAIN mysql
2026-07-01 08:15:36  [INFO]: Server running on port 3000
2026-07-01 08:15:41  [ERROR]: Database connection failed: getaddrinfo EAI_AGAIN mysql
2026-07-01 08:16:42  [INFO]: Server running on port 3000
2026-07-01 08:16:47  [ERROR]: Database connection failed: getaddrinfo EAI_AGAIN mysql
2026-07-01 08:17:49  [INFO]: Server running on port 3000
2026-07-01 08:17:54  [ERROR]: Database connection failed: getaddrinfo EAI_AGAIN mysql
2026-07-01 08:18:56  [INFO]: Server running on port 3000
2026-07-01 08:19:01  [ERROR]: Database connection failed: getaddrinfo EAI_AGAIN mysql
2026-07-01 08:20:02  [INFO]: Server running on port 3000
2026-07-01 08:20:07  [ERROR]: Database connection failed: getaddrinfo EAI_AGAIN mysql
2026-07-01 08:21:09  [INFO]: Server running on port 3000
2026-07-01 08:21:14  [ERROR]: Database connection failed: getaddrinfo EAI_AGAIN mysql
2026-07-01 08:22:16  [INFO]: Server running on port 3000
2026-07-01 08:22:21  [ERROR]: Database connection failed: getaddrinfo EAI_AGAIN mysql
2026-07-01 08:23:23  [INFO]: Server running on port 3000
2026-07-01 08:23:28  [ERROR]: Database connection failed: getaddrinfo EAI_AGAIN mysql
2026-07-01 08:24:29  [INFO]: Server running on port 3000
2026-07-01 08:24:34  [ERROR]: Database connection failed: getaddrinfo EAI_AGAIN mysql
2026-07-01 08:25:36  [INFO]: Server running on port 3000
2026-07-01 08:25:41  [ERROR]: Database connection failed: getaddrinfo EAI_AGAIN mysql
2026-07-01 08:26:43  [INFO]: Server running on port 3000
2026-07-01 08:26:48  [ERROR]: Database connection failed: getaddrinfo EAI_AGAIN mysql
2026-07-01 08:27:51  [INFO]: Server running on port 3000
2026-07-01 08:27:56  [ERROR]: Database connection failed: getaddrinfo EAI_AGAIN mysql
2026-07-01 08:28:58  [INFO]: Server running on port 3000
2026-07-01 08:29:03  [ERROR]: Database connection failed: getaddrinfo EAI_AGAIN mysql
2026-07-01 08:30:05  [INFO]: Server running on port 3000
2026-07-01 08:30:10  [ERROR]: Database connection failed: getaddrinfo EAI_AGAIN mysql
2026-07-01 08:31:11  [INFO]: Server running on port 3000
2026-07-01 08:31:16  [ERROR]: Database connection failed: getaddrinfo EAI_AGAIN mysql
2026-07-01 08:32:17  [INFO]: Server running on port 3000
2026-07-01 08:32:22  [ERROR]: Database connection failed: getaddrinfo EAI_AGAIN mysql
2026-07-01 08:33:24  [INFO]: Server running on port 3000
2026-07-01 08:33:29  [ERROR]: Database connection failed: getaddrinfo EAI_AGAIN mysql
2026-07-01 08:34:31  [INFO]: Server running on port 3000
2026-07-01 08:34:36  [ERROR]: Database connection failed: getaddrinfo EAI_AGAIN mysql
2026-07-01 08:35:37  [INFO]: Server running on port 3000
2026-07-01 08:35:42  [ERROR]: Database connection failed: getaddrinfo EAI_AGAIN mysql
2026-07-01 08:36:43  [INFO]: Server running on port 3000
2026-07-01 08:36:48  [ERROR]: Database connection failed: getaddrinfo EAI_AGAIN mysql
2026-07-01 08:37:49  [INFO]: Server running on port 3000
2026-07-01 08:37:54  [ERROR]: Database connection failed: getaddrinfo EAI_AGAIN mysql
2026-07-01 08:38:55  [INFO]: Server running on port 3000
2026-07-01 08:39:00  [ERROR]: Database connection failed: getaddrinfo EAI_AGAIN mysql
2026-07-01 08:40:03  [INFO]: Server running on port 3000
2026-07-01 08:40:08  [ERROR]: Database connection failed: getaddrinfo EAI_AGAIN mysql
2026-07-01 08:41:11  [INFO]: Server running on port 3000
2026-07-01 08:41:16  [ERROR]: Database connection failed: getaddrinfo EAI_AGAIN mysql
2026-07-01 08:42:17  [INFO]: Server running on port 3000
2026-07-01 08:42:22  [ERROR]: Database connection failed: getaddrinfo EAI_AGAIN mysql
2026-07-01 08:43:23  [INFO]: Server running on port 3000
2026-07-01 08:43:28  [ERROR]: Database connection failed: getaddrinfo EAI_AGAIN mysql
2026-07-01 08:44:29  [INFO]: Server running on port 3000
2026-07-01 08:44:34  [ERROR]: Database connection failed: getaddrinfo EAI_AGAIN mysql
2026-07-01 08:45:36  [INFO]: Server running on port 3000
2026-07-01 08:45:41  [ERROR]: Database connection failed: getaddrinfo EAI_AGAIN mysql
2026-07-01 08:46:42  [INFO]: Server running on port 3000
2026-07-01 08:46:47  [ERROR]: Database connection failed: getaddrinfo EAI_AGAIN mysql
2026-07-01 08:47:48  [INFO]: Server running on port 3000
2026-07-01 08:47:53  [ERROR]: Database connection failed: getaddrinfo EAI_AGAIN mysql
2026-07-01 08:48:54  [INFO]: Server running on port 3000
2026-07-01 08:48:59  [ERROR]: Database connection failed: getaddrinfo EAI_AGAIN mysql
2026-07-01 08:50:01  [INFO]: Server running on port 3000
2026-07-01 08:50:06  [ERROR]: Database connection failed: getaddrinfo EAI_AGAIN mysql
2026-07-01 08:51:07  [INFO]: Server running on port 3000
2026-07-01 08:51:12  [ERROR]: Database connection failed: getaddrinfo EAI_AGAIN mysql
2026-07-01 08:52:14  [INFO]: Server running on port 3000
2026-07-01 08:52:19  [ERROR]: Database connection failed: getaddrinfo EAI_AGAIN mysql
2026-07-01 08:53:20  [INFO]: Server running on port 3000
2026-07-01 08:53:25  [ERROR]: Database connection failed: getaddrinfo EAI_AGAIN mysql
2026-07-01 08:54:26  [INFO]: Server running on port 3000
2026-07-01 08:54:31  [ERROR]: Database connection failed: getaddrinfo EAI_AGAIN mysql
2026-07-01 08:55:32  [INFO]: Server running on port 3000
2026-07-01 08:55:37  [ERROR]: Database connection failed: getaddrinfo EAI_AGAIN mysql
2026-07-01 08:56:38  [INFO]: Server running on port 3000
2026-07-01 08:56:43  [ERROR]: Database connection failed: getaddrinfo EAI_AGAIN mysql
2026-07-01 08:57:45  [INFO]: Server running on port 3000
2026-07-01 08:57:50  [ERROR]: Database connection failed: getaddrinfo EAI_AGAIN mysql
2026-07-01 08:58:51  [INFO]: Server running on port 3000
2026-07-01 08:58:56  [ERROR]: Database connection failed: getaddrinfo EAI_AGAIN mysql
2026-07-01 08:59:58  [INFO]: Server running on port 3000
2026-07-01 09:00:03  [ERROR]: Database connection failed: getaddrinfo EAI_AGAIN mysql
2026-07-01 09:01:05  [INFO]: Server running on port 3000
2026-07-01 09:01:10  [ERROR]: Database connection failed: getaddrinfo EAI_AGAIN mysql
2026-07-01 09:02:12  [INFO]: Server running on port 3000
2026-07-01 09:02:17  [ERROR]: Database connection failed: getaddrinfo EAI_AGAIN mysql
2026-07-01 09:03:18  [INFO]: Server running on port 3000
2026-07-01 09:03:23  [ERROR]: Database connection failed: getaddrinfo EAI_AGAIN mysql
2026-07-01 09:04:24  [INFO]: Server running on port 3000
2026-07-01 09:04:29  [ERROR]: Database connection failed: getaddrinfo EAI_AGAIN mysql
2026-07-01 09:05:30  [INFO]: Server running on port 3000
2026-07-01 09:05:35  [ERROR]: Database connection failed: getaddrinfo EAI_AGAIN mysql
2026-07-01 09:06:37  [INFO]: Server running on port 3000
2026-07-01 09:06:42  [ERROR]: Database connection failed: getaddrinfo EAI_AGAIN mysql
2026-07-01 09:07:43  [INFO]: Server running on port 3000
2026-07-01 09:07:48  [ERROR]: Database connection failed: getaddrinfo EAI_AGAIN mysql
2026-07-01 09:08:49  [INFO]: Server running on port 3000
2026-07-01 09:08:54  [ERROR]: Database connection failed: getaddrinfo EAI_AGAIN mysql
2026-07-01 09:09:56  [INFO]: Server running on port 3000
2026-07-01 09:10:01  [ERROR]: Database connection failed: getaddrinfo EAI_AGAIN mysql
2026-07-01 09:11:02  [INFO]: Server running on port 3000
2026-07-01 09:11:07  [ERROR]: Database connection failed: getaddrinfo EAI_AGAIN mysql
2026-07-01 09:12:09  [INFO]: Server running on port 3000
2026-07-01 09:12:14  [ERROR]: Database connection failed: getaddrinfo EAI_AGAIN mysql
2026-07-01 09:13:15  [INFO]: Server running on port 3000
2026-07-01 09:13:20  [ERROR]: Database connection failed: getaddrinfo EAI_AGAIN mysql
2026-07-01 09:14:22  [INFO]: Server running on port 3000
2026-07-01 09:14:26  [ERROR]: Database connection failed: getaddrinfo EAI_AGAIN mysql
2026-07-01 09:15:29  [INFO]: Server running on port 3000
2026-07-01 09:15:34  [ERROR]: Database connection failed: getaddrinfo EAI_AGAIN mysql
2026-07-01 09:16:35  [INFO]: Server running on port 3000
2026-07-01 09:16:40  [ERROR]: Database connection failed: getaddrinfo EAI_AGAIN mysql
2026-07-01 09:17:41  [INFO]: Server running on port 3000
2026-07-01 09:17:46  [ERROR]: Database connection failed: getaddrinfo EAI_AGAIN mysql
2026-07-01 09:18:48  [INFO]: Server running on port 3000
2026-07-01 09:18:53  [ERROR]: Database connection failed: getaddrinfo EAI_AGAIN mysql
2026-07-01 09:19:54  [INFO]: Server running on port 3000
2026-07-01 09:19:59  [ERROR]: Database connection failed: getaddrinfo EAI_AGAIN mysql
2026-07-01 09:21:00  [INFO]: Server running on port 3000
2026-07-01 09:21:05  [ERROR]: Database connection failed: getaddrinfo EAI_AGAIN mysql
2026-07-01 09:22:06  [INFO]: Server running on port 3000
2026-07-01 09:22:11  [ERROR]: Database connection failed: getaddrinfo EAI_AGAIN mysql
2026-07-01 09:23:12  [INFO]: Server running on port 3000
2026-07-01 09:23:17  [ERROR]: Database connection failed: getaddrinfo EAI_AGAIN mysql
2026-07-01 09:24:19  [INFO]: Server running on port 3000
2026-07-01 09:24:24  [ERROR]: Database connection failed: getaddrinfo EAI_AGAIN mysql
2026-07-01 09:25:25  [INFO]: Server running on port 3000
2026-07-01 09:25:30  [ERROR]: Database connection failed: getaddrinfo EAI_AGAIN mysql
2026-07-01 09:26:32  [INFO]: Server running on port 3000
2026-07-01 09:26:37  [ERROR]: Database connection failed: getaddrinfo EAI_AGAIN mysql
2026-07-01 09:27:39  [INFO]: Server running on port 3000
2026-07-01 09:27:44  [ERROR]: Database connection failed: getaddrinfo EAI_AGAIN mysql
2026-07-01 09:28:45  [INFO]: Server running on port 3000
2026-07-01 09:28:50  [ERROR]: Database connection failed: getaddrinfo EAI_AGAIN mysql
2026-07-01 09:29:51  [INFO]: Server running on port 3000
2026-07-01 09:29:56  [ERROR]: Database connection failed: getaddrinfo EAI_AGAIN mysql
2026-07-01 09:30:57  [INFO]: Server running on port 3000
2026-07-01 09:31:02  [ERROR]: Database connection failed: getaddrinfo EAI_AGAIN mysql
2026-07-01 09:32:04  [INFO]: Server running on port 3000
2026-07-01 09:32:09  [ERROR]: Database connection failed: getaddrinfo EAI_AGAIN mysql
2026-07-01 09:33:10  [INFO]: Server running on port 3000
2026-07-01 09:33:15  [ERROR]: Database connection failed: getaddrinfo EAI_AGAIN mysql
2026-07-01 09:34:16  [INFO]: Server running on port 3000
2026-07-01 09:34:21  [ERROR]: Database connection failed: getaddrinfo EAI_AGAIN mysql
2026-07-01 09:35:22  [INFO]: Server running on port 3000
2026-07-01 09:35:27  [ERROR]: Database connection failed: getaddrinfo EAI_AGAIN mysql
2026-07-01 09:36:28  [INFO]: Server running on port 3000
2026-07-01 09:36:33  [ERROR]: Database connection failed: getaddrinfo EAI_AGAIN mysql
2026-07-01 09:37:35  [INFO]: Server running on port 3000
2026-07-01 09:37:40  [ERROR]: Database connection failed: getaddrinfo EAI_AGAIN mysql
2026-07-01 09:38:41  [INFO]: Server running on port 3000
2026-07-01 09:38:46  [ERROR]: Database connection failed: getaddrinfo EAI_AGAIN mysql
2026-07-01 09:39:47  [INFO]: Server running on port 3000
2026-07-01 09:39:52  [ERROR]: Database connection failed: getaddrinfo EAI_AGAIN mysql
2026-07-01 09:40:53  [INFO]: Server running on port 3000
2026-07-01 09:40:58  [ERROR]: Database connection failed: getaddrinfo EAI_AGAIN mysql
2026-07-01 09:41:59  [INFO]: Server running on port 3000
2026-07-01 09:42:04  [ERROR]: Database connection failed: getaddrinfo EAI_AGAIN mysql
2026-07-01 09:43:06  [INFO]: Server running on port 3000
2026-07-01 09:43:11  [ERROR]: Database connection failed: getaddrinfo EAI_AGAIN mysql
2026-07-01 09:44:12  [INFO]: Server running on port 3000
2026-07-01 09:44:17  [ERROR]: Database connection failed: getaddrinfo EAI_AGAIN mysql
2026-07-01 09:45:18  [INFO]: Server running on port 3000
2026-07-01 09:45:23  [ERROR]: Database connection failed: getaddrinfo EAI_AGAIN mysql
2026-07-01 09:46:24  [INFO]: Server running on port 3000
2026-07-01 09:46:29  [ERROR]: Database connection failed: getaddrinfo EAI_AGAIN mysql
2026-07-01 09:47:31  [INFO]: Server running on port 3000
2026-07-01 09:47:36  [ERROR]: Database connection failed: getaddrinfo EAI_AGAIN mysql
2026-07-01 09:48:37  [INFO]: Server running on port 3000
2026-07-01 09:48:42  [ERROR]: Database connection failed: getaddrinfo EAI_AGAIN mysql
2026-07-01 09:49:43  [INFO]: Server running on port 3000
2026-07-01 09:49:48  [ERROR]: Database connection failed: getaddrinfo EAI_AGAIN mysql
2026-07-01 09:50:50  [INFO]: Server running on port 3000
2026-07-01 09:50:55  [ERROR]: Database connection failed: getaddrinfo EAI_AGAIN mysql
2026-07-01 09:51:58  [INFO]: Server running on port 3000
2026-07-01 09:52:03  [ERROR]: Database connection failed: getaddrinfo EAI_AGAIN mysql
2026-07-01 09:53:04  [INFO]: Server running on port 3000
2026-07-01 09:53:09  [ERROR]: Database connection failed: getaddrinfo EAI_AGAIN mysql
2026-07-01 09:54:11  [INFO]: Server running on port 3000
2026-07-01 09:54:16  [ERROR]: Database connection failed: getaddrinfo EAI_AGAIN mysql
2026-07-01 09:55:17  [INFO]: Server running on port 3000
2026-07-01 09:55:22  [ERROR]: Database connection failed: getaddrinfo EAI_AGAIN mysql
2026-07-01 09:56:24  [INFO]: Server running on port 3000
2026-07-01 09:56:29  [ERROR]: Database connection failed: getaddrinfo EAI_AGAIN mysql
2026-07-01 09:57:30  [INFO]: Server running on port 3000
2026-07-01 09:57:35  [ERROR]: Database connection failed: getaddrinfo EAI_AGAIN mysql
2026-07-01 09:58:36  [INFO]: Server running on port 3000
2026-07-01 09:58:41  [ERROR]: Database connection failed: getaddrinfo EAI_AGAIN mysql
2026-07-01 09:59:42  [INFO]: Server running on port 3000
2026-07-01 09:59:47  [ERROR]: Database connection failed: getaddrinfo EAI_AGAIN mysql
2026-07-01 10:00:49  [INFO]: Server running on port 3000
2026-07-01 10:00:54  [ERROR]: Database connection failed: getaddrinfo EAI_AGAIN mysql
2026-07-01 10:01:55  [INFO]: Server running on port 3000
2026-07-01 10:02:00  [ERROR]: Database connection failed: getaddrinfo EAI_AGAIN mysql
2026-07-01 10:03:01  [INFO]: Server running on port 3000
2026-07-01 10:03:06  [ERROR]: Database connection failed: getaddrinfo EAI_AGAIN mysql
2026-07-01 10:04:07  [INFO]: Server running on port 3000
2026-07-01 10:04:12  [ERROR]: Database connection failed: getaddrinfo EAI_AGAIN mysql
2026-07-01 10:05:13  [INFO]: Server running on port 3000
2026-07-01 10:05:18  [ERROR]: Database connection failed: getaddrinfo EAI_AGAIN mysql
2026-07-01 10:06:19  [INFO]: Server running on port 3000
2026-07-01 10:06:24  [ERROR]: Database connection failed: getaddrinfo EAI_AGAIN mysql
2026-07-01 10:07:25  [INFO]: Server running on port 3000
2026-07-01 10:07:30  [ERROR]: Database connection failed: getaddrinfo EAI_AGAIN mysql
2026-07-01 10:08:31  [INFO]: Server running on port 3000
2026-07-01 10:08:36  [ERROR]: Database connection failed: getaddrinfo EAI_AGAIN mysql
2026-07-01 10:09:37  [INFO]: Server running on port 3000
2026-07-01 10:09:42  [ERROR]: Database connection failed: getaddrinfo EAI_AGAIN mysql
2026-07-01 10:10:42  [INFO]: Server running on port 3000
2026-07-01 10:10:47  [ERROR]: Database connection failed: getaddrinfo EAI_AGAIN mysql
2026-07-01 10:11:49  [INFO]: Server running on port 3000
2026-07-01 10:11:54  [ERROR]: Database connection failed: getaddrinfo EAI_AGAIN mysql
2026-07-01 10:12:55  [INFO]: Server running on port 3000
2026-07-01 10:13:00  [ERROR]: Database connection failed: getaddrinfo EAI_AGAIN mysql
2026-07-01 10:14:01  [INFO]: Server running on port 3000
2026-07-01 10:14:06  [ERROR]: Database connection failed: getaddrinfo EAI_AGAIN mysql
2026-07-01 10:15:08  [INFO]: Server running on port 3000
2026-07-01 10:15:13  [ERROR]: Database connection failed: getaddrinfo EAI_AGAIN mysql
2026-07-01 10:16:14  [INFO]: Server running on port 3000
2026-07-01 10:16:19  [ERROR]: Database connection failed: getaddrinfo EAI_AGAIN mysql
2026-07-01 10:17:21  [INFO]: Server running on port 3000
2026-07-01 10:17:26  [ERROR]: Database connection failed: getaddrinfo EAI_AGAIN mysql
2026-07-01 10:18:27  [INFO]: Server running on port 3000
2026-07-01 10:18:32  [ERROR]: Database connection failed: getaddrinfo EAI_AGAIN mysql
2026-07-01 10:19:33  [INFO]: Server running on port 3000
2026-07-01 10:19:38  [ERROR]: Database connection failed: getaddrinfo EAI_AGAIN mysql
2026-07-01 10:20:39  [INFO]: Server running on port 3000
2026-07-01 10:20:44  [ERROR]: Database connection failed: getaddrinfo EAI_AGAIN mysql
2026-07-01 10:21:45  [INFO]: Server running on port 3000
2026-07-01 10:21:50  [ERROR]: Database connection failed: getaddrinfo EAI_AGAIN mysql
2026-07-01 10:22:52  [INFO]: Server running on port 3000
2026-07-01 10:22:57  [ERROR]: Database connection failed: getaddrinfo EAI_AGAIN mysql
2026-07-01 10:23:58  [INFO]: Server running on port 3000
2026-07-01 10:24:03  [ERROR]: Database connection failed: getaddrinfo EAI_AGAIN mysql
2026-07-01 10:25:04  [INFO]: Server running on port 3000
2026-07-01 10:25:09  [ERROR]: Database connection failed: getaddrinfo EAI_AGAIN mysql
2026-07-01 10:26:10  [INFO]: Server running on port 3000
2026-07-01 10:26:15  [ERROR]: Database connection failed: getaddrinfo EAI_AGAIN mysql
2026-07-01 10:27:16  [INFO]: Server running on port 3000
2026-07-01 10:27:21  [ERROR]: Database connection failed: getaddrinfo EAI_AGAIN mysql
2026-07-01 10:28:22  [INFO]: Server running on port 3000
2026-07-01 10:28:27  [ERROR]: Database connection failed: getaddrinfo EAI_AGAIN mysql
2026-07-01 10:29:28  [INFO]: Server running on port 3000
2026-07-01 10:29:33  [ERROR]: Database connection failed: getaddrinfo EAI_AGAIN mysql
2026-07-01 10:30:34  [INFO]: Server running on port 3000
2026-07-01 10:30:39  [ERROR]: Database connection failed: getaddrinfo EAI_AGAIN mysql
2026-07-01 10:31:40  [INFO]: Server running on port 3000
2026-07-01 10:31:45  [ERROR]: Database connection failed: getaddrinfo EAI_AGAIN mysql
2026-07-01 10:32:46  [INFO]: Server running on port 3000
2026-07-01 10:32:51  [ERROR]: Database connection failed: getaddrinfo EAI_AGAIN mysql
2026-07-01 10:33:52  [INFO]: Server running on port 3000
2026-07-01 10:33:57  [ERROR]: Database connection failed: getaddrinfo EAI_AGAIN mysql
2026-07-01 10:34:58  [INFO]: Server running on port 3000
2026-07-01 10:35:02  [ERROR]: Database connection failed: getaddrinfo EAI_AGAIN mysql
2026-07-01 10:36:04  [INFO]: Server running on port 3000
2026-07-01 10:36:09  [ERROR]: Database connection failed: getaddrinfo EAI_AGAIN mysql
2026-07-01 10:37:10  [INFO]: Server running on port 3000
2026-07-01 10:37:15  [ERROR]: Database connection failed: getaddrinfo EAI_AGAIN mysql
2026-07-01 10:38:16  [INFO]: Server running on port 3000
2026-07-01 10:38:21  [ERROR]: Database connection failed: getaddrinfo EAI_AGAIN mysql
2026-07-01 10:39:23  [INFO]: Server running on port 3000
2026-07-01 10:39:28  [ERROR]: Database connection failed: getaddrinfo EAI_AGAIN mysql
2026-07-01 10:40:29  [INFO]: Server running on port 3000
2026-07-01 10:40:34  [ERROR]: Database connection failed: getaddrinfo EAI_AGAIN mysql
2026-07-01 10:41:35  [INFO]: Server running on port 3000
2026-07-01 10:41:40  [ERROR]: Database connection failed: getaddrinfo EAI_AGAIN mysql
2026-07-01 10:42:42  [INFO]: Server running on port 3000
2026-07-01 10:42:47  [ERROR]: Database connection failed: getaddrinfo EAI_AGAIN mysql
2026-07-01 10:43:49  [INFO]: Server running on port 3000
2026-07-01 10:43:54  [ERROR]: Database connection failed: getaddrinfo EAI_AGAIN mysql
2026-07-01 10:44:55  [INFO]: Server running on port 3000
2026-07-01 10:45:00  [ERROR]: Database connection failed: getaddrinfo EAI_AGAIN mysql
2026-07-01 10:46:01  [INFO]: Server running on port 3000
2026-07-01 10:46:06  [ERROR]: Database connection failed: getaddrinfo EAI_AGAIN mysql
2026-07-01 10:47:07  [INFO]: Server running on port 3000
2026-07-01 10:47:12  [ERROR]: Database connection failed: getaddrinfo EAI_AGAIN mysql
2026-07-01 10:48:14  [INFO]: Server running on port 3000
2026-07-01 10:48:19  [ERROR]: Database connection failed: getaddrinfo EAI_AGAIN mysql
2026-07-01 10:49:20  [INFO]: Server running on port 3000
2026-07-01 10:49:25  [ERROR]: Database connection failed: getaddrinfo EAI_AGAIN mysql
2026-07-01 10:50:26  [INFO]: Server running on port 3000
2026-07-01 10:50:31  [ERROR]: Database connection failed: getaddrinfo EAI_AGAIN mysql
2026-07-01 10:51:32  [INFO]: Server running on port 3000
2026-07-01 10:51:37  [ERROR]: Database connection failed: getaddrinfo EAI_AGAIN mysql
2026-07-01 10:52:39  [INFO]: Server running on port 3000
2026-07-01 10:52:44  [ERROR]: Database connection failed: getaddrinfo EAI_AGAIN mysql
2026-07-01 10:53:45  [INFO]: Server running on port 3000
2026-07-01 10:53:50  [ERROR]: Database connection failed: getaddrinfo EAI_AGAIN mysql
2026-07-01 10:54:51  [INFO]: Server running on port 3000
2026-07-01 10:54:56  [ERROR]: Database connection failed: getaddrinfo EAI_AGAIN mysql
2026-07-01 10:55:57  [INFO]: Server running on port 3000
2026-07-01 10:56:02  [ERROR]: Database connection failed: getaddrinfo EAI_AGAIN mysql
2026-07-01 10:57:04  [INFO]: Server running on port 3000
2026-07-01 10:57:09  [ERROR]: Database connection failed: getaddrinfo EAI_AGAIN mysql
2026-07-01 10:58:10  [INFO]: Server running on port 3000
2026-07-01 10:58:15  [ERROR]: Database connection failed: getaddrinfo EAI_AGAIN mysql
2026-07-01 10:59:17  [INFO]: Server running on port 3000
2026-07-01 10:59:22  [ERROR]: Database connection failed: getaddrinfo EAI_AGAIN mysql
2026-07-01 11:00:23  [INFO]: Server running on port 3000
2026-07-01 11:00:28  [ERROR]: Database connection failed: getaddrinfo EAI_AGAIN mysql
2026-07-01 11:01:29  [INFO]: Server running on port 3000
2026-07-01 11:01:34  [ERROR]: Database connection failed: getaddrinfo EAI_AGAIN mysql
2026-07-01 11:02:36  [INFO]: Server running on port 3000
2026-07-01 11:02:41  [ERROR]: Database connection failed: getaddrinfo EAI_AGAIN mysql
2026-07-01 11:03:42  [INFO]: Server running on port 3000
2026-07-01 11:03:47  [ERROR]: Database connection failed: getaddrinfo EAI_AGAIN mysql
2026-07-01 11:04:48  [INFO]: Server running on port 3000
2026-07-01 11:04:53  [ERROR]: Database connection failed: getaddrinfo EAI_AGAIN mysql
2026-07-01 11:05:55  [INFO]: Server running on port 3000
2026-07-01 11:06:00  [ERROR]: Database connection failed: getaddrinfo EAI_AGAIN mysql
2026-07-01 11:07:01  [INFO]: Server running on port 3000
2026-07-01 11:07:06  [ERROR]: Database connection failed: getaddrinfo EAI_AGAIN mysql
2026-07-01 11:08:07  [INFO]: Server running on port 3000
2026-07-01 11:08:12  [ERROR]: Database connection failed: getaddrinfo EAI_AGAIN mysql
2026-07-01 11:09:13  [INFO]: Server running on port 3000
2026-07-01 11:09:18  [ERROR]: Database connection failed: getaddrinfo EAI_AGAIN mysql
2026-07-01 11:10:20  [INFO]: Server running on port 3000
2026-07-01 11:10:25  [ERROR]: Database connection failed: getaddrinfo EAI_AGAIN mysql
2026-07-01 11:11:26  [INFO]: Server running on port 3000
2026-07-01 11:11:31  [ERROR]: Database connection failed: getaddrinfo EAI_AGAIN mysql
2026-07-01 11:12:32  [INFO]: Server running on port 3000
2026-07-01 11:12:37  [ERROR]: Database connection failed: getaddrinfo EAI_AGAIN mysql
2026-07-01 11:13:39  [INFO]: Server running on port 3000
2026-07-01 11:13:44  [ERROR]: Database connection failed: getaddrinfo EAI_AGAIN mysql
2026-07-01 11:14:45  [INFO]: Server running on port 3000
2026-07-01 11:14:50  [ERROR]: Database connection failed: getaddrinfo EAI_AGAIN mysql
2026-07-01 11:15:53  [INFO]: Server running on port 3000
2026-07-01 11:15:58  [ERROR]: Database connection failed: getaddrinfo EAI_AGAIN mysql
2026-07-01 11:16:59  [INFO]: Server running on port 3000
2026-07-01 11:17:04  [ERROR]: Database connection failed: getaddrinfo EAI_AGAIN mysql
2026-07-01 11:18:05  [INFO]: Server running on port 3000
2026-07-01 11:18:10  [ERROR]: Database connection failed: getaddrinfo EAI_AGAIN mysql
2026-07-01 11:19:11  [INFO]: Server running on port 3000
2026-07-01 11:19:16  [ERROR]: Database connection failed: getaddrinfo EAI_AGAIN mysql
2026-07-01 11:20:18  [INFO]: Server running on port 3000
2026-07-01 11:20:23  [ERROR]: Database connection failed: getaddrinfo EAI_AGAIN mysql
2026-07-01 11:21:24  [INFO]: Server running on port 3000
2026-07-01 11:21:29  [ERROR]: Database connection failed: getaddrinfo EAI_AGAIN mysql
2026-07-01 11:22:31  [INFO]: Server running on port 3000
2026-07-01 11:22:36  [ERROR]: Database connection failed: getaddrinfo EAI_AGAIN mysql
2026-07-01 11:23:38  [INFO]: Server running on port 3000
2026-07-01 11:23:43  [ERROR]: Database connection failed: getaddrinfo EAI_AGAIN mysql
2026-07-01 11:24:44  [INFO]: Server running on port 3000
2026-07-01 11:24:49  [ERROR]: Database connection failed: getaddrinfo EAI_AGAIN mysql
2026-07-01 11:25:51  [INFO]: Server running on port 3000
2026-07-01 11:25:56  [ERROR]: Database connection failed: getaddrinfo EAI_AGAIN mysql
2026-07-01 11:26:57  [INFO]: Server running on port 3000
2026-07-01 11:27:02  [ERROR]: Database connection failed: getaddrinfo EAI_AGAIN mysql
2026-07-01 11:28:03  [INFO]: Server running on port 3000
2026-07-01 11:28:08  [ERROR]: Database connection failed: getaddrinfo EAI_AGAIN mysql
2026-07-01 11:29:10  [INFO]: Server running on port 3000
2026-07-01 11:29:15  [ERROR]: Database connection failed: getaddrinfo EAI_AGAIN mysql
2026-07-01 11:30:16  [INFO]: Server running on port 3000
2026-07-01 11:30:21  [ERROR]: Database connection failed: getaddrinfo EAI_AGAIN mysql
2026-07-01 11:31:22  [INFO]: Server running on port 3000
2026-07-01 11:31:27  [ERROR]: Database connection failed: getaddrinfo EAI_AGAIN mysql
2026-07-01 11:32:29  [INFO]: Server running on port 3000
2026-07-01 11:32:34  [ERROR]: Database connection failed: getaddrinfo EAI_AGAIN mysql
2026-07-01 11:33:36  [INFO]: Server running on port 3000
2026-07-01 11:33:41  [ERROR]: Database connection failed: getaddrinfo EAI_AGAIN mysql
2026-07-01 11:34:42  [INFO]: Server running on port 3000
2026-07-01 11:34:47  [ERROR]: Database connection failed: getaddrinfo EAI_AGAIN mysql
2026-07-01 11:35:48  [INFO]: Server running on port 3000
2026-07-01 11:35:53  [ERROR]: Database connection failed: getaddrinfo EAI_AGAIN mysql
2026-07-01 11:36:56  [INFO]: Server running on port 3000
2026-07-01 11:37:01  [ERROR]: Database connection failed: getaddrinfo EAI_AGAIN mysql
2026-07-01 11:38:02  [INFO]: Server running on port 3000
2026-07-01 11:38:07  [ERROR]: Database connection failed: getaddrinfo EAI_AGAIN mysql
2026-07-01 11:39:09  [INFO]: Server running on port 3000
2026-07-01 11:39:14  [ERROR]: Database connection failed: getaddrinfo EAI_AGAIN mysql
2026-07-01 11:40:15  [INFO]: Server running on port 3000
2026-07-01 11:40:20  [ERROR]: Database connection failed: getaddrinfo EAI_AGAIN mysql
2026-07-01 11:41:21  [INFO]: Server running on port 3000
2026-07-01 11:41:26  [ERROR]: Database connection failed: getaddrinfo EAI_AGAIN mysql
2026-07-01 11:42:27  [INFO]: Server running on port 3000
2026-07-01 11:42:32  [ERROR]: Database connection failed: getaddrinfo EAI_AGAIN mysql
2026-07-01 11:43:34  [INFO]: Server running on port 3000
2026-07-01 11:43:39  [ERROR]: Database connection failed: getaddrinfo EAI_AGAIN mysql
2026-07-01 11:44:40  [INFO]: Server running on port 3000
2026-07-01 11:44:45  [ERROR]: Database connection failed: getaddrinfo EAI_AGAIN mysql
2026-07-01 11:45:46  [INFO]: Server running on port 3000
2026-07-01 11:45:51  [ERROR]: Database connection failed: getaddrinfo EAI_AGAIN mysql
2026-07-01 11:46:52  [INFO]: Server running on port 3000
2026-07-01 11:46:57  [ERROR]: Database connection failed: getaddrinfo EAI_AGAIN mysql
2026-07-01 11:47:58  [INFO]: Server running on port 3000
2026-07-01 11:48:03  [ERROR]: Database connection failed: getaddrinfo EAI_AGAIN mysql
2026-07-01 11:49:05  [INFO]: Server running on port 3000
2026-07-01 11:49:10  [ERROR]: Database connection failed: getaddrinfo EAI_AGAIN mysql
2026-07-01 11:50:11  [INFO]: Server running on port 3000
2026-07-01 11:50:16  [ERROR]: Database connection failed: getaddrinfo EAI_AGAIN mysql
2026-07-01 11:51:17  [INFO]: Server running on port 3000
2026-07-01 11:51:22  [ERROR]: Database connection failed: getaddrinfo EAI_AGAIN mysql
2026-07-01 11:52:23  [INFO]: Server running on port 3000
2026-07-01 11:52:28  [ERROR]: Database connection failed: getaddrinfo EAI_AGAIN mysql
2026-07-01 11:53:30  [INFO]: Server running on port 3000
2026-07-01 11:53:35  [ERROR]: Database connection failed: getaddrinfo EAI_AGAIN mysql
2026-07-01 11:54:37  [INFO]: Server running on port 3000
2026-07-01 11:54:42  [ERROR]: Database connection failed: getaddrinfo EAI_AGAIN mysql
2026-07-01 11:55:43  [INFO]: Server running on port 3000
2026-07-01 11:55:48  [ERROR]: Database connection failed: getaddrinfo EAI_AGAIN mysql
2026-07-01 11:56:49  [INFO]: Server running on port 3000
2026-07-01 11:56:54  [ERROR]: Database connection failed: getaddrinfo EAI_AGAIN mysql
2026-07-01 11:57:55  [INFO]: Server running on port 3000
2026-07-01 11:58:00  [ERROR]: Database connection failed: getaddrinfo EAI_AGAIN mysql
2026-07-01 11:59:02  [INFO]: Server running on port 3000
2026-07-01 11:59:07  [ERROR]: Database connection failed: getaddrinfo EAI_AGAIN mysql
2026-07-01 12:00:09  [INFO]: Server running on port 3000
2026-07-01 12:00:14  [ERROR]: Database connection failed: getaddrinfo EAI_AGAIN mysql
2026-07-01 12:01:17  [INFO]: Server running on port 3000
2026-07-01 12:01:22  [ERROR]: Database connection failed: getaddrinfo EAI_AGAIN mysql
2026-07-01 12:02:26  [INFO]: Server running on port 3000
2026-07-01 12:02:31  [ERROR]: Database connection failed: getaddrinfo EAI_AGAIN mysql
2026-07-01 12:03:35  [INFO]: Server running on port 3000
2026-07-01 12:03:40  [ERROR]: Database connection failed: getaddrinfo EAI_AGAIN mysql
2026-07-01 12:04:42  [INFO]: Server running on port 3000
2026-07-01 12:04:47  [ERROR]: Database connection failed: getaddrinfo EAI_AGAIN mysql
2026-07-01 12:05:49  [INFO]: Server running on port 3000
2026-07-01 12:05:54  [ERROR]: Database connection failed: getaddrinfo EAI_AGAIN mysql
2026-07-01 12:06:56  [INFO]: Server running on port 3000
2026-07-01 12:07:01  [ERROR]: Database connection failed: getaddrinfo EAI_AGAIN mysql
2026-07-01 12:08:02  [INFO]: Server running on port 3000
2026-07-01 12:08:07  [ERROR]: Database connection failed: getaddrinfo EAI_AGAIN mysql
2026-07-01 12:09:09  [INFO]: Server running on port 3000
2026-07-01 12:09:14  [ERROR]: Database connection failed: getaddrinfo EAI_AGAIN mysql
2026-07-01 12:10:16  [INFO]: Server running on port 3000
2026-07-01 12:10:21  [ERROR]: Database connection failed: getaddrinfo EAI_AGAIN mysql
2026-07-01 12:11:23  [INFO]: Server running on port 3000
2026-07-01 12:11:28  [ERROR]: Database connection failed: getaddrinfo EAI_AGAIN mysql
2026-07-01 12:12:30  [INFO]: Server running on port 3000
2026-07-01 12:12:34  [ERROR]: Database connection failed: getaddrinfo EAI_AGAIN mysql
2026-07-01 12:13:36  [INFO]: Server running on port 3000
2026-07-01 12:13:41  [ERROR]: Database connection failed: getaddrinfo EAI_AGAIN mysql
2026-07-01 12:14:42  [INFO]: Server running on port 3000
2026-07-01 12:14:47  [ERROR]: Database connection failed: getaddrinfo EAI_AGAIN mysql
2026-07-01 12:15:48  [INFO]: Server running on port 3000
2026-07-01 12:15:53  [ERROR]: Database connection failed: getaddrinfo EAI_AGAIN mysql
2026-07-01 12:16:55  [INFO]: Server running on port 3000
2026-07-01 12:17:00  [ERROR]: Database connection failed: getaddrinfo EAI_AGAIN mysql
2026-07-01 12:18:01  [INFO]: Server running on port 3000
2026-07-01 12:18:06  [ERROR]: Database connection failed: getaddrinfo EAI_AGAIN mysql
2026-07-01 12:19:07  [INFO]: Server running on port 3000
2026-07-01 12:19:12  [ERROR]: Database connection failed: getaddrinfo EAI_AGAIN mysql
2026-07-01 12:20:13  [INFO]: Server running on port 3000
2026-07-01 12:20:18  [ERROR]: Database connection failed: getaddrinfo EAI_AGAIN mysql
2026-07-01 12:21:19  [INFO]: Server running on port 3000
2026-07-01 12:21:24  [ERROR]: Database connection failed: getaddrinfo EAI_AGAIN mysql
2026-07-01 12:22:26  [INFO]: Server running on port 3000
2026-07-01 12:22:31  [ERROR]: Database connection failed: getaddrinfo EAI_AGAIN mysql
2026-07-01 12:23:31  [INFO]: Server running on port 3000
2026-07-01 12:23:36  [ERROR]: Database connection failed: getaddrinfo EAI_AGAIN mysql
2026-07-01 12:24:37  [INFO]: Server running on port 3000
2026-07-01 12:24:42  [ERROR]: Database connection failed: getaddrinfo EAI_AGAIN mysql
2026-07-01 12:25:43  [INFO]: Server running on port 3000
2026-07-01 12:25:48  [ERROR]: Database connection failed: getaddrinfo EAI_AGAIN mysql
2026-07-01 12:26:49  [INFO]: Server running on port 3000
2026-07-01 12:26:54  [ERROR]: Database connection failed: getaddrinfo EAI_AGAIN mysql
2026-07-01 12:27:55  [INFO]: Server running on port 3000
2026-07-01 12:28:00  [ERROR]: Database connection failed: getaddrinfo EAI_AGAIN mysql
2026-07-01 12:29:01  [INFO]: Server running on port 3000
2026-07-01 12:29:06  [ERROR]: Database connection failed: getaddrinfo EAI_AGAIN mysql
2026-07-01 12:30:06  [INFO]: Server running on port 3000
2026-07-01 12:30:11  [ERROR]: Database connection failed: getaddrinfo EAI_AGAIN mysql
2026-07-01 12:31:12  [INFO]: Server running on port 3000
2026-07-01 12:31:17  [ERROR]: Database connection failed: getaddrinfo EAI_AGAIN mysql
2026-07-01 12:32:18  [INFO]: Server running on port 3000
2026-07-01 12:32:23  [ERROR]: Database connection failed: getaddrinfo EAI_AGAIN mysql
2026-07-01 12:33:24  [INFO]: Server running on port 3000
2026-07-01 12:33:29  [ERROR]: Database connection failed: getaddrinfo EAI_AGAIN mysql
2026-07-01 12:34:30  [INFO]: Server running on port 3000
2026-07-01 12:34:35  [ERROR]: Database connection failed: getaddrinfo EAI_AGAIN mysql
2026-07-01 12:35:35  [INFO]: Server running on port 3000
2026-07-01 12:35:40  [ERROR]: Database connection failed: getaddrinfo EAI_AGAIN mysql
2026-07-01 12:36:42  [INFO]: Server running on port 3000
2026-07-01 12:36:47  [ERROR]: Database connection failed: getaddrinfo EAI_AGAIN mysql
2026-07-01 12:37:48  [INFO]: Server running on port 3000
2026-07-01 12:37:53  [ERROR]: Database connection failed: getaddrinfo EAI_AGAIN mysql
2026-07-01 12:38:55  [INFO]: Server running on port 3000
2026-07-01 12:39:00  [ERROR]: Database connection failed: getaddrinfo EAI_AGAIN mysql
2026-07-01 12:40:05  [INFO]: Server running on port 3000
2026-07-01 12:40:10  [ERROR]: Database connection failed: getaddrinfo EAI_AGAIN mysql
2026-07-01 12:41:11  [INFO]: Server running on port 3000
2026-07-01 12:41:16  [ERROR]: Database connection failed: getaddrinfo EAI_AGAIN mysql
2026-07-01 12:42:18  [INFO]: Server running on port 3000
2026-07-01 12:42:23  [ERROR]: Database connection failed: getaddrinfo EAI_AGAIN mysql
2026-07-01 12:43:25  [INFO]: Server running on port 3000
2026-07-01 12:43:30  [ERROR]: Database connection failed: getaddrinfo EAI_AGAIN mysql
2026-07-01 12:44:31  [INFO]: Server running on port 3000
2026-07-01 12:44:36  [ERROR]: Database connection failed: getaddrinfo EAI_AGAIN mysql
2026-07-01 12:45:38  [INFO]: Server running on port 3000
2026-07-01 12:45:43  [ERROR]: Database connection failed: getaddrinfo EAI_AGAIN mysql
2026-07-01 12:46:46  [INFO]: Server running on port 3000
2026-07-01 12:46:51  [ERROR]: Database connection failed: getaddrinfo EAI_AGAIN mysql
2026-07-01 12:47:54  [INFO]: Server running on port 3000
2026-07-01 12:47:59  [ERROR]: Database connection failed: getaddrinfo EAI_AGAIN mysql
2026-07-01 12:49:00  [INFO]: Server running on port 3000
2026-07-01 12:49:05  [ERROR]: Database connection failed: getaddrinfo EAI_AGAIN mysql
2026-07-01 12:50:07  [INFO]: Server running on port 3000
2026-07-01 12:50:12  [ERROR]: Database connection failed: getaddrinfo EAI_AGAIN mysql
2026-07-01 12:51:14  [INFO]: Server running on port 3000
2026-07-01 12:51:19  [ERROR]: Database connection failed: getaddrinfo EAI_AGAIN mysql
2026-07-01 12:52:20  [INFO]: Server running on port 3000
2026-07-01 12:52:25  [ERROR]: Database connection failed: getaddrinfo EAI_AGAIN mysql
2026-07-01 12:53:26  [INFO]: Server running on port 3000
2026-07-01 12:53:31  [ERROR]: Database connection failed: getaddrinfo EAI_AGAIN mysql
2026-07-01 12:54:32  [INFO]: Server running on port 3000
2026-07-01 12:54:37  [ERROR]: Database connection failed: getaddrinfo EAI_AGAIN mysql
2026-07-01 12:55:39  [INFO]: Server running on port 3000
2026-07-01 12:55:44  [ERROR]: Database connection failed: getaddrinfo EAI_AGAIN mysql
2026-07-01 12:56:45  [INFO]: Server running on port 3000
2026-07-01 12:56:50  [ERROR]: Database connection failed: getaddrinfo EAI_AGAIN mysql
2026-07-01 19:05:21  [INFO]: Server running on port 3000
2026-07-01 19:05:26  [ERROR]: Database connection failed: getaddrinfo EAI_AGAIN mysql
2026-07-01 19:05:28  [INFO]: Server running on port 3000
2026-07-01 19:05:33  [ERROR]: Database connection failed: getaddrinfo EAI_AGAIN mysql
2026-07-01 19:05:35  [INFO]: Server running on port 3000
2026-07-01 19:05:40  [ERROR]: Database connection failed: getaddrinfo EAI_AGAIN mysql
2026-07-01 19:05:42  [INFO]: Server running on port 3000
2026-07-01 19:05:47  [ERROR]: Database connection failed: getaddrinfo EAI_AGAIN mysql
2026-07-01 19:05:50  [INFO]: Server running on port 3000
2026-07-01 19:05:55  [ERROR]: Database connection failed: getaddrinfo EAI_AGAIN mysql
2026-07-01 19:05:59  [INFO]: Server running on port 3000
2026-07-01 19:06:04  [ERROR]: Database connection failed: getaddrinfo EAI_AGAIN mysql
2026-07-01 19:06:09  [INFO]: Server running on port 3000
2026-07-01 19:06:14  [ERROR]: Database connection failed: getaddrinfo EAI_AGAIN mysql
2026-07-01 19:06:23  [INFO]: Server running on port 3000
2026-07-01 19:06:28  [ERROR]: Database connection failed: getaddrinfo EAI_AGAIN mysql
2026-07-01 19:06:43  [INFO]: Server running on port 3000
2026-07-01 19:06:48  [ERROR]: Database connection failed: getaddrinfo EAI_AGAIN mysql
2026-07-01 19:07:16  [INFO]: Server running on port 3000
2026-07-01 19:07:21  [ERROR]: Database connection failed: getaddrinfo EAI_AGAIN mysql
2026-07-01 19:08:14  [INFO]: Server running on port 3000
2026-07-01 19:08:19  [ERROR]: Database connection failed: getaddrinfo EAI_AGAIN mysql
2026-07-01 19:09:21  [INFO]: Server running on port 3000
2026-07-01 19:09:26  [ERROR]: Database connection failed: getaddrinfo EAI_AGAIN mysql
2026-07-01 19:10:27  [INFO]: Server running on port 3000
2026-07-01 19:10:32  [ERROR]: Database connection failed: getaddrinfo EAI_AGAIN mysql
2026-07-01 19:11:34  [INFO]: Server running on port 3000
2026-07-01 19:11:39  [ERROR]: Database connection failed: getaddrinfo EAI_AGAIN mysql
2026-07-01 19:12:40  [INFO]: Server running on port 3000
2026-07-01 19:12:45  [ERROR]: Database connection failed: getaddrinfo EAI_AGAIN mysql
2026-07-01 19:13:47  [INFO]: Server running on port 3000
2026-07-01 19:13:52  [ERROR]: Database connection failed: getaddrinfo EAI_AGAIN mysql
2026-07-01 19:14:53  [INFO]: Server running on port 3000
2026-07-01 19:14:58  [ERROR]: Database connection failed: getaddrinfo EAI_AGAIN mysql
2026-07-01 19:16:00  [INFO]: Server running on port 3000
2026-07-01 19:16:05  [ERROR]: Database connection failed: getaddrinfo EAI_AGAIN mysql
2026-07-01 19:17:07  [INFO]: Server running on port 3000
2026-07-01 19:17:12  [ERROR]: Database connection failed: getaddrinfo EAI_AGAIN mysql
2026-07-01 19:18:13  [INFO]: Server running on port 3000
2026-07-01 19:18:18  [ERROR]: Database connection failed: getaddrinfo EAI_AGAIN mysql
2026-07-01 19:19:20  [INFO]: Server running on port 3000
2026-07-01 19:19:25  [ERROR]: Database connection failed: getaddrinfo EAI_AGAIN mysql
2026-07-01 19:20:27  [INFO]: Server running on port 3000
2026-07-01 19:20:32  [ERROR]: Database connection failed: getaddrinfo EAI_AGAIN mysql
2026-07-01 19:21:34  [INFO]: Server running on port 3000
2026-07-01 19:21:39  [ERROR]: Database connection failed: getaddrinfo EAI_AGAIN mysql
2026-07-01 19:22:40  [INFO]: Server running on port 3000
2026-07-01 19:22:45  [ERROR]: Database connection failed: getaddrinfo EAI_AGAIN mysql
2026-07-01 19:23:46  [INFO]: Server running on port 3000
2026-07-01 19:23:51  [ERROR]: Database connection failed: getaddrinfo EAI_AGAIN mysql
2026-07-01 19:24:52  [INFO]: Server running on port 3000
2026-07-01 19:24:57  [ERROR]: Database connection failed: getaddrinfo EAI_AGAIN mysql
2026-07-01 19:25:59  [INFO]: Server running on port 3000
2026-07-01 19:26:04  [ERROR]: Database connection failed: getaddrinfo EAI_AGAIN mysql
2026-07-01 19:27:05  [INFO]: Server running on port 3000
2026-07-01 19:27:10  [ERROR]: Database connection failed: getaddrinfo EAI_AGAIN mysql
2026-07-01 19:28:11  [INFO]: Server running on port 3000
2026-07-01 19:28:16  [ERROR]: Database connection failed: getaddrinfo EAI_AGAIN mysql
2026-07-01 19:29:18  [INFO]: Server running on port 3000
2026-07-01 19:29:23  [ERROR]: Database connection failed: getaddrinfo EAI_AGAIN mysql
2026-07-01 19:30:25  [INFO]: Server running on port 3000
2026-07-01 19:30:30  [ERROR]: Database connection failed: getaddrinfo EAI_AGAIN mysql
2026-07-01 19:31:31  [INFO]: Server running on port 3000
2026-07-01 19:31:36  [ERROR]: Database connection failed: getaddrinfo EAI_AGAIN mysql
2026-07-01 19:32:38  [INFO]: Server running on port 3000
2026-07-01 19:32:43  [ERROR]: Database connection failed: getaddrinfo EAI_AGAIN mysql
2026-07-01 19:33:44  [INFO]: Server running on port 3000
2026-07-01 19:33:49  [ERROR]: Database connection failed: getaddrinfo EAI_AGAIN mysql
2026-07-01 19:34:51  [INFO]: Server running on port 3000
2026-07-01 19:34:56  [ERROR]: Database connection failed: getaddrinfo EAI_AGAIN mysql
2026-07-01 19:35:57  [INFO]: Server running on port 3000
2026-07-01 19:36:02  [ERROR]: Database connection failed: getaddrinfo EAI_AGAIN mysql
2026-07-01 19:37:03  [INFO]: Server running on port 3000
2026-07-01 19:37:08  [ERROR]: Database connection failed: getaddrinfo EAI_AGAIN mysql
2026-07-01 19:38:10  [INFO]: Server running on port 3000
2026-07-01 19:38:15  [ERROR]: Database connection failed: getaddrinfo EAI_AGAIN mysql
2026-07-01 19:39:16  [INFO]: Server running on port 3000
2026-07-01 19:39:21  [ERROR]: Database connection failed: getaddrinfo EAI_AGAIN mysql
2026-07-01 19:40:23  [INFO]: Server running on port 3000
2026-07-01 19:40:28  [ERROR]: Database connection failed: getaddrinfo EAI_AGAIN mysql
2026-07-01 19:41:30  [INFO]: Server running on port 3000
2026-07-01 19:41:35  [ERROR]: Database connection failed: getaddrinfo EAI_AGAIN mysql
2026-07-01 19:42:37  [INFO]: Server running on port 3000
2026-07-01 19:42:42  [ERROR]: Database connection failed: getaddrinfo EAI_AGAIN mysql
2026-07-01 19:43:43  [INFO]: Server running on port 3000
2026-07-01 19:43:48  [ERROR]: Database connection failed: getaddrinfo EAI_AGAIN mysql
2026-07-01 19:44:50  [INFO]: Server running on port 3000
2026-07-01 19:44:55  [ERROR]: Database connection failed: getaddrinfo EAI_AGAIN mysql
2026-07-01 19:45:56  [INFO]: Server running on port 3000
2026-07-01 19:46:01  [ERROR]: Database connection failed: getaddrinfo EAI_AGAIN mysql
2026-07-01 19:47:03  [INFO]: Server running on port 3000
2026-07-01 19:47:08  [ERROR]: Database connection failed: getaddrinfo EAI_AGAIN mysql
2026-07-01 19:48:10  [INFO]: Server running on port 3000
2026-07-01 19:48:15  [ERROR]: Database connection failed: getaddrinfo EAI_AGAIN mysql
2026-07-01 19:49:16  [INFO]: Server running on port 3000
2026-07-01 19:49:21  [ERROR]: Database connection failed: getaddrinfo EAI_AGAIN mysql
2026-07-01 19:50:23  [INFO]: Server running on port 3000
2026-07-01 19:50:28  [ERROR]: Database connection failed: getaddrinfo EAI_AGAIN mysql
2026-07-01 19:51:30  [INFO]: Server running on port 3000
2026-07-01 19:51:35  [ERROR]: Database connection failed: getaddrinfo EAI_AGAIN mysql
2026-07-01 19:52:36  [INFO]: Server running on port 3000
2026-07-01 19:52:41  [ERROR]: Database connection failed: getaddrinfo EAI_AGAIN mysql
2026-07-01 19:53:43  [INFO]: Server running on port 3000
2026-07-01 19:53:48  [ERROR]: Database connection failed: getaddrinfo EAI_AGAIN mysql
2026-07-01 19:54:50  [INFO]: Server running on port 3000
2026-07-01 19:54:55  [ERROR]: Database connection failed: getaddrinfo EAI_AGAIN mysql
2026-07-01 19:55:56  [INFO]: Server running on port 3000
2026-07-01 19:56:01  [ERROR]: Database connection failed: getaddrinfo EAI_AGAIN mysql
2026-07-01 19:57:03  [INFO]: Server running on port 3000
2026-07-01 19:57:08  [ERROR]: Database connection failed: getaddrinfo EAI_AGAIN mysql
2026-07-01 19:58:09  [INFO]: Server running on port 3000
2026-07-01 19:58:14  [ERROR]: Database connection failed: getaddrinfo EAI_AGAIN mysql
2026-07-01 19:59:16  [INFO]: Server running on port 3000
2026-07-01 19:59:21  [ERROR]: Database connection failed: getaddrinfo EAI_AGAIN mysql
2026-07-01 20:00:23  [INFO]: Server running on port 3000
2026-07-01 20:00:28  [ERROR]: Database connection failed: getaddrinfo EAI_AGAIN mysql
2026-07-01 20:01:29  [INFO]: Server running on port 3000
2026-07-01 20:01:34  [ERROR]: Database connection failed: getaddrinfo EAI_AGAIN mysql
2026-07-01 20:02:35  [INFO]: Server running on port 3000
2026-07-01 20:02:40  [ERROR]: Database connection failed: getaddrinfo EAI_AGAIN mysql
2026-07-01 20:03:42  [INFO]: Server running on port 3000
2026-07-01 20:03:47  [ERROR]: Database connection failed: getaddrinfo EAI_AGAIN mysql
2026-07-01 20:04:48  [INFO]: Server running on port 3000
2026-07-01 20:04:53  [ERROR]: Database connection failed: getaddrinfo EAI_AGAIN mysql
2026-07-01 20:05:54  [INFO]: Server running on port 3000
2026-07-01 20:05:59  [ERROR]: Database connection failed: getaddrinfo EAI_AGAIN mysql
2026-07-01 20:07:01  [INFO]: Server running on port 3000
2026-07-01 20:07:06  [ERROR]: Database connection failed: getaddrinfo EAI_AGAIN mysql
2026-07-01 20:08:07  [INFO]: Server running on port 3000
2026-07-01 20:08:12  [ERROR]: Database connection failed: getaddrinfo EAI_AGAIN mysql
2026-07-01 20:09:14  [INFO]: Server running on port 3000
2026-07-01 20:09:19  [ERROR]: Database connection failed: getaddrinfo EAI_AGAIN mysql
2026-07-01 20:10:21  [INFO]: Server running on port 3000
2026-07-01 20:10:26  [ERROR]: Database connection failed: getaddrinfo EAI_AGAIN mysql
2026-07-01 20:11:27  [INFO]: Server running on port 3000
2026-07-01 20:11:32  [ERROR]: Database connection failed: getaddrinfo EAI_AGAIN mysql
2026-07-01 20:12:34  [INFO]: Server running on port 3000
2026-07-01 20:12:39  [ERROR]: Database connection failed: getaddrinfo EAI_AGAIN mysql
2026-07-01 21:10:19  [INFO]: Server running on port 3000
2026-07-01 21:10:24  [ERROR]: Database connection failed: getaddrinfo EAI_AGAIN mysql
2026-07-01 21:11:25  [INFO]: Server running on port 3000
2026-07-01 21:11:30  [ERROR]: Database connection failed: getaddrinfo EAI_AGAIN mysql
2026-07-01 21:12:31  [INFO]: Server running on port 3000
2026-07-01 21:12:36  [ERROR]: Database connection failed: getaddrinfo EAI_AGAIN mysql
2026-07-01 21:13:37  [INFO]: Server running on port 3000
2026-07-01 21:13:42  [ERROR]: Database connection failed: getaddrinfo EAI_AGAIN mysql
2026-07-01 21:14:42  [INFO]: Server running on port 3000
2026-07-01 21:14:47  [ERROR]: Database connection failed: getaddrinfo EAI_AGAIN mysql
2026-07-01 21:15:48  [INFO]: Server running on port 3000
2026-07-01 21:15:53  [ERROR]: Database connection failed: getaddrinfo EAI_AGAIN mysql
2026-07-01 21:16:54  [INFO]: Server running on port 3000
2026-07-01 21:16:59  [ERROR]: Database connection failed: getaddrinfo EAI_AGAIN mysql
2026-07-01 21:18:01  [INFO]: Server running on port 3000
2026-07-01 21:18:06  [ERROR]: Database connection failed: getaddrinfo EAI_AGAIN mysql
2026-07-01 21:19:07  [INFO]: Server running on port 3000
2026-07-01 21:19:12  [ERROR]: Database connection failed: getaddrinfo EAI_AGAIN mysql
2026-07-01 21:20:14  [INFO]: Server running on port 3000
2026-07-01 21:20:19  [ERROR]: Database connection failed: getaddrinfo EAI_AGAIN mysql
2026-07-01 21:21:21  [INFO]: Server running on port 3000
2026-07-01 21:21:26  [ERROR]: Database connection failed: getaddrinfo EAI_AGAIN mysql
2026-07-01 21:22:27  [INFO]: Server running on port 3000
2026-07-01 21:22:32  [ERROR]: Database connection failed: getaddrinfo EAI_AGAIN mysql
2026-07-01 21:23:34  [INFO]: Server running on port 3000
2026-07-01 21:23:39  [ERROR]: Database connection failed: getaddrinfo EAI_AGAIN mysql
2026-07-01 21:24:41  [INFO]: Server running on port 3000
2026-07-01 21:24:46  [ERROR]: Database connection failed: getaddrinfo EAI_AGAIN mysql
2026-07-01 21:25:48  [INFO]: Server running on port 3000
2026-07-01 21:25:53  [ERROR]: Database connection failed: getaddrinfo EAI_AGAIN mysql
2026-07-01 21:26:55  [INFO]: Server running on port 3000
2026-07-01 21:27:00  [ERROR]: Database connection failed: getaddrinfo EAI_AGAIN mysql
2026-07-01 21:28:01  [INFO]: Server running on port 3000
2026-07-01 21:28:06  [ERROR]: Database connection failed: getaddrinfo EAI_AGAIN mysql
2026-07-01 21:29:08  [INFO]: Server running on port 3000
2026-07-01 21:29:13  [ERROR]: Database connection failed: getaddrinfo EAI_AGAIN mysql
2026-07-01 21:30:15  [INFO]: Server running on port 3000
2026-07-01 21:30:20  [ERROR]: Database connection failed: getaddrinfo EAI_AGAIN mysql
2026-07-01 21:31:22  [INFO]: Server running on port 3000
2026-07-01 21:31:27  [ERROR]: Database connection failed: getaddrinfo EAI_AGAIN mysql
2026-07-01 21:32:29  [INFO]: Server running on port 3000
2026-07-01 21:32:34  [ERROR]: Database connection failed: getaddrinfo EAI_AGAIN mysql
2026-07-01 21:33:36  [INFO]: Server running on port 3000
2026-07-01 21:33:41  [ERROR]: Database connection failed: getaddrinfo EAI_AGAIN mysql
2026-07-01 21:34:42  [INFO]: Server running on port 3000
2026-07-01 21:34:47  [ERROR]: Database connection failed: getaddrinfo EAI_AGAIN mysql
2026-07-01 21:35:48  [INFO]: Server running on port 3000
2026-07-01 21:35:53  [ERROR]: Database connection failed: getaddrinfo EAI_AGAIN mysql
2026-07-01 21:36:55  [INFO]: Server running on port 3000
2026-07-01 21:37:00  [ERROR]: Database connection failed: getaddrinfo EAI_AGAIN mysql
2026-07-01 21:38:02  [INFO]: Server running on port 3000
2026-07-01 21:38:07  [ERROR]: Database connection failed: getaddrinfo EAI_AGAIN mysql
2026-07-01 21:39:08  [INFO]: Server running on port 3000
2026-07-01 21:39:13  [ERROR]: Database connection failed: getaddrinfo EAI_AGAIN mysql
2026-07-01 21:40:15  [INFO]: Server running on port 3000
2026-07-01 21:40:20  [ERROR]: Database connection failed: getaddrinfo EAI_AGAIN mysql
2026-07-01 21:41:21  [INFO]: Server running on port 3000
2026-07-01 21:41:26  [ERROR]: Database connection failed: getaddrinfo EAI_AGAIN mysql
2026-07-01 21:42:27  [INFO]: Server running on port 3000
2026-07-01 21:42:32  [ERROR]: Database connection failed: getaddrinfo EAI_AGAIN mysql
2026-07-01 21:43:34  [INFO]: Server running on port 3000
2026-07-01 21:43:39  [ERROR]: Database connection failed: getaddrinfo EAI_AGAIN mysql
2026-07-01 21:44:40  [INFO]: Server running on port 3000
2026-07-01 21:44:45  [ERROR]: Database connection failed: getaddrinfo EAI_AGAIN mysql
2026-07-01 21:45:47  [INFO]: Server running on port 3000
2026-07-01 21:45:52  [ERROR]: Database connection failed: getaddrinfo EAI_AGAIN mysql
2026-07-01 21:46:54  [INFO]: Server running on port 3000
2026-07-01 21:46:59  [ERROR]: Database connection failed: getaddrinfo EAI_AGAIN mysql
2026-07-01 21:48:01  [INFO]: Server running on port 3000
2026-07-01 21:48:06  [ERROR]: Database connection failed: getaddrinfo EAI_AGAIN mysql
2026-07-01 21:49:08  [INFO]: Server running on port 3000
2026-07-01 21:49:13  [ERROR]: Database connection failed: getaddrinfo EAI_AGAIN mysql
2026-07-01 21:50:14  [INFO]: Server running on port 3000
2026-07-01 21:50:19  [ERROR]: Database connection failed: getaddrinfo EAI_AGAIN mysql
2026-07-01 21:51:21  [INFO]: Server running on port 3000
2026-07-01 21:51:26  [ERROR]: Database connection failed: getaddrinfo EAI_AGAIN mysql
2026-07-01 21:52:27  [INFO]: Server running on port 3000
2026-07-01 21:52:32  [ERROR]: Database connection failed: getaddrinfo EAI_AGAIN mysql
2026-07-01 21:53:34  [INFO]: Server running on port 3000
2026-07-01 21:53:39  [ERROR]: Database connection failed: getaddrinfo EAI_AGAIN mysql
2026-07-01 21:54:40  [INFO]: Server running on port 3000
2026-07-01 21:54:45  [ERROR]: Database connection failed: getaddrinfo EAI_AGAIN mysql
2026-07-01 21:55:47  [INFO]: Server running on port 3000
2026-07-01 21:55:52  [ERROR]: Database connection failed: getaddrinfo EAI_AGAIN mysql
2026-07-01 21:56:53  [INFO]: Server running on port 3000
2026-07-01 21:56:58  [ERROR]: Database connection failed: getaddrinfo EAI_AGAIN mysql
2026-07-01 21:58:00  [INFO]: Server running on port 3000
2026-07-01 21:58:05  [ERROR]: Database connection failed: getaddrinfo EAI_AGAIN mysql
2026-07-01 21:59:07  [INFO]: Server running on port 3000
2026-07-01 21:59:12  [ERROR]: Database connection failed: getaddrinfo EAI_AGAIN mysql
2026-07-01 22:00:13  [INFO]: Server running on port 3000
2026-07-01 22:00:18  [ERROR]: Database connection failed: getaddrinfo EAI_AGAIN mysql
2026-07-01 22:01:20  [INFO]: Server running on port 3000
2026-07-01 22:01:25  [ERROR]: Database connection failed: getaddrinfo EAI_AGAIN mysql
2026-07-01 22:02:26  [INFO]: Server running on port 3000
2026-07-01 22:02:31  [ERROR]: Database connection failed: getaddrinfo EAI_AGAIN mysql
2026-07-01 22:03:32  [INFO]: Server running on port 3000
2026-07-01 22:03:37  [ERROR]: Database connection failed: getaddrinfo EAI_AGAIN mysql
2026-07-01 22:04:39  [INFO]: Server running on port 3000
2026-07-01 22:04:44  [ERROR]: Database connection failed: getaddrinfo EAI_AGAIN mysql
2026-07-01 22:05:45  [INFO]: Server running on port 3000
2026-07-01 22:05:50  [ERROR]: Database connection failed: getaddrinfo EAI_AGAIN mysql
2026-07-01 22:06:51  [INFO]: Server running on port 3000
2026-07-01 22:06:56  [ERROR]: Database connection failed: getaddrinfo EAI_AGAIN mysql
2026-07-01 22:07:57  [INFO]: Server running on port 3000
2026-07-01 22:08:02  [ERROR]: Database connection failed: getaddrinfo EAI_AGAIN mysql
2026-07-01 22:09:04  [INFO]: Server running on port 3000
2026-07-01 22:09:09  [ERROR]: Database connection failed: getaddrinfo EAI_AGAIN mysql
2026-07-01 22:10:10  [INFO]: Server running on port 3000
2026-07-01 22:10:15  [ERROR]: Database connection failed: getaddrinfo EAI_AGAIN mysql
2026-07-01 22:11:17  [INFO]: Server running on port 3000
2026-07-01 22:11:22  [ERROR]: Database connection failed: getaddrinfo EAI_AGAIN mysql
2026-07-01 22:12:24  [INFO]: Server running on port 3000
2026-07-01 22:12:29  [ERROR]: Database connection failed: getaddrinfo EAI_AGAIN mysql
2026-07-01 22:13:30  [INFO]: Server running on port 3000
2026-07-01 22:13:35  [ERROR]: Database connection failed: getaddrinfo EAI_AGAIN mysql
2026-07-01 22:14:36  [INFO]: Server running on port 3000
2026-07-01 22:14:41  [ERROR]: Database connection failed: getaddrinfo EAI_AGAIN mysql
2026-07-01 22:15:43  [INFO]: Server running on port 3000
2026-07-01 22:15:48  [ERROR]: Database connection failed: getaddrinfo EAI_AGAIN mysql
2026-07-01 22:16:49  [INFO]: Server running on port 3000
2026-07-01 22:16:54  [ERROR]: Database connection failed: getaddrinfo EAI_AGAIN mysql
2026-07-01 22:17:55  [INFO]: Server running on port 3000
2026-07-01 22:18:00  [ERROR]: Database connection failed: getaddrinfo EAI_AGAIN mysql
2026-07-01 22:19:01  [INFO]: Server running on port 3000
2026-07-01 22:19:06  [ERROR]: Database connection failed: getaddrinfo EAI_AGAIN mysql
2026-07-01 22:20:07  [INFO]: Server running on port 3000
2026-07-01 22:20:12  [ERROR]: Database connection failed: getaddrinfo EAI_AGAIN mysql
2026-07-01 22:21:13  [INFO]: Server running on port 3000
2026-07-01 22:21:18  [ERROR]: Database connection failed: getaddrinfo EAI_AGAIN mysql
2026-07-01 22:22:20  [INFO]: Server running on port 3000
2026-07-01 22:22:25  [ERROR]: Database connection failed: getaddrinfo EAI_AGAIN mysql
2026-07-01 22:23:26  [INFO]: Server running on port 3000
2026-07-01 22:23:31  [ERROR]: Database connection failed: getaddrinfo EAI_AGAIN mysql
2026-07-01 22:24:32  [INFO]: Server running on port 3000
2026-07-01 22:24:37  [ERROR]: Database connection failed: getaddrinfo EAI_AGAIN mysql
2026-07-01 22:25:38  [INFO]: Server running on port 3000
2026-07-01 22:25:43  [ERROR]: Database connection failed: getaddrinfo EAI_AGAIN mysql
2026-07-01 22:26:44  [INFO]: Server running on port 3000
2026-07-01 22:26:49  [ERROR]: Database connection failed: getaddrinfo EAI_AGAIN mysql
2026-07-01 22:27:50  [INFO]: Server running on port 3000
2026-07-01 22:27:55  [ERROR]: Database connection failed: getaddrinfo EAI_AGAIN mysql
2026-07-01 22:28:56  [INFO]: Server running on port 3000
2026-07-01 22:29:01  [ERROR]: Database connection failed: getaddrinfo EAI_AGAIN mysql
2026-07-01 22:30:03  [INFO]: Server running on port 3000
2026-07-01 22:30:08  [ERROR]: Database connection failed: getaddrinfo EAI_AGAIN mysql
2026-07-01 22:31:10  [INFO]: Server running on port 3000
2026-07-01 22:31:15  [ERROR]: Database connection failed: getaddrinfo EAI_AGAIN mysql
2026-07-01 22:32:16  [INFO]: Server running on port 3000
2026-07-01 22:32:21  [ERROR]: Database connection failed: getaddrinfo EAI_AGAIN mysql
2026-07-01 22:33:23  [INFO]: Server running on port 3000
2026-07-02 04:21:28  [ERROR]: Database connection failed: getaddrinfo EAI_AGAIN mysql
2026-07-02 04:21:31  [INFO]: Server running on port 3000
2026-07-02 04:21:36  [ERROR]: Database connection failed: getaddrinfo EAI_AGAIN mysql
2026-07-02 04:21:37  [INFO]: Server running on port 3000
2026-07-02 04:21:42  [ERROR]: Database connection failed: getaddrinfo EAI_AGAIN mysql
2026-07-02 04:21:44  [INFO]: Server running on port 3000
2026-07-02 04:21:49  [ERROR]: Database connection failed: getaddrinfo EAI_AGAIN mysql
2026-07-02 04:21:51  [INFO]: Server running on port 3000
2026-07-02 04:21:56  [ERROR]: Database connection failed: getaddrinfo EAI_AGAIN mysql
2026-07-02 04:21:59  [INFO]: Server running on port 3000
2026-07-02 04:22:04  [ERROR]: Database connection failed: getaddrinfo EAI_AGAIN mysql
2026-07-02 04:22:09  [INFO]: Server running on port 3000
2026-07-02 04:22:14  [ERROR]: Database connection failed: getaddrinfo EAI_AGAIN mysql
2026-07-02 04:22:22  [INFO]: Server running on port 3000
2026-07-02 04:22:27  [ERROR]: Database connection failed: getaddrinfo EAI_AGAIN mysql
2026-07-02 04:22:42  [INFO]: Server running on port 3000
2026-07-02 04:22:47  [ERROR]: Database connection failed: getaddrinfo EAI_AGAIN mysql
2026-07-02 04:23:14  [INFO]: Server running on port 3000
2026-07-02 04:23:19  [ERROR]: Database connection failed: getaddrinfo EAI_AGAIN mysql
2026-07-02 04:24:12  [INFO]: Server running on port 3000
2026-07-02 04:24:17  [ERROR]: Database connection failed: getaddrinfo EAI_AGAIN mysql
2026-07-02 04:25:18  [INFO]: Server running on port 3000
2026-07-02 04:25:23  [ERROR]: Database connection failed: getaddrinfo EAI_AGAIN mysql
2026-07-02 04:26:24  [INFO]: Server running on port 3000
2026-07-02 04:26:29  [ERROR]: Database connection failed: getaddrinfo EAI_AGAIN mysql
2026-07-02 05:31:46  [INFO]: Server running on port 3000
2026-07-02 05:31:51  [ERROR]: Database connection failed: getaddrinfo EAI_AGAIN mysql
2026-07-02 05:31:53  [INFO]: Server running on port 3000
2026-07-02 05:31:58  [ERROR]: Database connection failed: getaddrinfo EAI_AGAIN mysql
2026-07-02 05:31:59  [INFO]: Server running on port 3000
2026-07-02 05:32:04  [ERROR]: Database connection failed: getaddrinfo EAI_AGAIN mysql
2026-07-02 05:32:07  [INFO]: Server running on port 3000
2026-07-02 05:32:12  [ERROR]: Database connection failed: getaddrinfo EAI_AGAIN mysql
2026-07-02 05:32:14  [INFO]: Server running on port 3000
2026-07-02 05:32:19  [ERROR]: Database connection failed: getaddrinfo EAI_AGAIN mysql
2026-07-02 05:32:23  [INFO]: Server running on port 3000
2026-07-02 05:32:28  [ERROR]: Database connection failed: getaddrinfo EAI_AGAIN mysql
2026-07-02 05:32:33  [INFO]: Server running on port 3000
2026-07-02 05:32:38  [ERROR]: Database connection failed: getaddrinfo EAI_AGAIN mysql
2026-07-02 05:32:46  [INFO]: Server running on port 3000
2026-07-02 05:32:51  [ERROR]: Database connection failed: getaddrinfo EAI_AGAIN mysql
2026-07-02 05:33:05  [INFO]: Server running on port 3000
2026-07-02 05:33:10  [ERROR]: Database connection failed: getaddrinfo EAI_AGAIN mysql
2026-07-02 05:33:38  [INFO]: Server running on port 3000
2026-07-02 05:33:43  [ERROR]: Database connection failed: getaddrinfo EAI_AGAIN mysql
2026-07-02 05:34:35  [INFO]: Server running on port 3000
2026-07-02 05:34:40  [ERROR]: Database connection failed: getaddrinfo EAI_AGAIN mysql
2026-07-02 05:35:41  [INFO]: Server running on port 3000
2026-07-02 05:35:46  [ERROR]: Database connection failed: getaddrinfo EAI_AGAIN mysql
2026-07-02 05:36:47  [INFO]: Server running on port 3000
2026-07-02 05:36:52  [ERROR]: Database connection failed: getaddrinfo EAI_AGAIN mysql
2026-07-02 05:37:54  [INFO]: Server running on port 3000
2026-07-02 05:37:59  [ERROR]: Database connection failed: getaddrinfo EAI_AGAIN mysql
2026-07-02 05:39:01  [INFO]: Server running on port 3000
2026-07-02 05:39:06  [ERROR]: Database connection failed: getaddrinfo EAI_AGAIN mysql
2026-07-02 05:40:07  [INFO]: Server running on port 3000
2026-07-02 05:40:12  [ERROR]: Database connection failed: getaddrinfo EAI_AGAIN mysql
2026-07-02 05:41:14  [INFO]: Server running on port 3000
2026-07-02 05:41:19  [ERROR]: Database connection failed: getaddrinfo EAI_AGAIN mysql
2026-07-02 05:42:28  [INFO]: Server running on port 3000
2026-07-02 05:42:32  [ERROR]: Database connection failed: getaddrinfo EAI_AGAIN mysql
2026-07-02 05:42:35  [INFO]: Server running on port 3000
2026-07-02 05:42:40  [ERROR]: Database connection failed: getaddrinfo EAI_AGAIN mysql
2026-07-02 05:42:42  [INFO]: Server running on port 3000
2026-07-02 05:42:47  [ERROR]: Database connection failed: getaddrinfo EAI_AGAIN mysql
2026-07-02 05:42:50  [INFO]: Server running on port 3000
2026-07-02 05:42:55  [ERROR]: Database connection failed: getaddrinfo EAI_AGAIN mysql
2026-07-02 05:42:57  [INFO]: Server running on port 3000
2026-07-02 05:43:02  [ERROR]: Database connection failed: getaddrinfo EAI_AGAIN mysql
2026-07-02 05:43:06  [INFO]: Server running on port 3000
2026-07-02 05:43:11  [ERROR]: Database connection failed: getaddrinfo EAI_AGAIN mysql
2026-07-02 05:43:17  [INFO]: Server running on port 3000
2026-07-02 05:43:22  [ERROR]: Database connection failed: getaddrinfo EAI_AGAIN mysql
2026-07-02 05:43:31  [INFO]: Server running on port 3000
2026-07-02 05:43:36  [ERROR]: Database connection failed: getaddrinfo EAI_AGAIN mysql
2026-07-02 05:43:50  [INFO]: Server running on port 3000
2026-07-02 05:43:55  [ERROR]: Database connection failed: getaddrinfo EAI_AGAIN mysql
2026-07-02 05:44:22  [INFO]: Server running on port 3000
2026-07-02 05:44:27  [ERROR]: Database connection failed: getaddrinfo EAI_AGAIN mysql
2026-07-02 05:45:19  [INFO]: Server running on port 3000
2026-07-02 05:45:24  [ERROR]: Database connection failed: getaddrinfo EAI_AGAIN mysql
2026-07-02 05:46:26  [INFO]: Server running on port 3000
2026-07-02 05:46:31  [ERROR]: Database connection failed: getaddrinfo EAI_AGAIN mysql
2026-07-02 05:47:32  [INFO]: Server running on port 3000
2026-07-02 05:47:37  [ERROR]: Database connection failed: getaddrinfo EAI_AGAIN mysql
2026-07-02 05:48:38  [INFO]: Server running on port 3000
2026-07-02 05:48:43  [ERROR]: Database connection failed: getaddrinfo EAI_AGAIN mysql
2026-07-02 05:49:45  [INFO]: Server running on port 3000
2026-07-02 05:49:50  [ERROR]: Database connection failed: getaddrinfo EAI_AGAIN mysql
2026-07-02 05:50:51  [INFO]: Server running on port 3000
2026-07-02 05:50:56  [ERROR]: Database connection failed: getaddrinfo EAI_AGAIN mysql
2026-07-02 05:51:58  [INFO]: Server running on port 3000
2026-07-02 05:52:03  [ERROR]: Database connection failed: getaddrinfo EAI_AGAIN mysql
2026-07-02 05:53:05  [INFO]: Server running on port 3000
2026-07-02 05:53:10  [ERROR]: Database connection failed: getaddrinfo EAI_AGAIN mysql
2026-07-02 05:54:11  [INFO]: Server running on port 3000
2026-07-02 05:54:16  [ERROR]: Database connection failed: getaddrinfo EAI_AGAIN mysql
2026-07-02 05:55:17  [INFO]: Server running on port 3000
2026-07-02 05:55:22  [ERROR]: Database connection failed: getaddrinfo EAI_AGAIN mysql
2026-07-02 05:56:22  [INFO]: Server running on port 3000
2026-07-02 05:56:27  [ERROR]: Database connection failed: getaddrinfo EAI_AGAIN mysql
2026-07-02 05:57:28  [INFO]: Server running on port 3000
2026-07-02 05:57:33  [ERROR]: Database connection failed: getaddrinfo EAI_AGAIN mysql
2026-07-02 05:58:34  [INFO]: Server running on port 3000
2026-07-02 05:58:39  [ERROR]: Database connection failed: getaddrinfo EAI_AGAIN mysql
2026-07-02 05:59:40  [INFO]: Server running on port 3000
2026-07-02 05:59:45  [ERROR]: Database connection failed: getaddrinfo EAI_AGAIN mysql
2026-07-02 06:00:46  [INFO]: Server running on port 3000
2026-07-02 06:00:51  [ERROR]: Database connection failed: getaddrinfo EAI_AGAIN mysql
2026-07-02 06:01:52  [INFO]: Server running on port 3000
2026-07-02 06:01:57  [ERROR]: Database connection failed: getaddrinfo EAI_AGAIN mysql
2026-07-02 06:02:58  [INFO]: Server running on port 3000
2026-07-02 06:03:03  [ERROR]: Database connection failed: getaddrinfo EAI_AGAIN mysql
2026-07-02 06:04:04  [INFO]: Server running on port 3000
2026-07-02 06:04:09  [ERROR]: Database connection failed: getaddrinfo EAI_AGAIN mysql
2026-07-02 06:05:10  [INFO]: Server running on port 3000
2026-07-02 06:05:15  [ERROR]: Database connection failed: getaddrinfo EAI_AGAIN mysql
2026-07-02 06:06:17  [INFO]: Server running on port 3000
2026-07-02 06:06:22  [ERROR]: Database connection failed: getaddrinfo EAI_AGAIN mysql
2026-07-02 06:07:24  [INFO]: Server running on port 3000
2026-07-02 06:07:29  [ERROR]: Database connection failed: getaddrinfo EAI_AGAIN mysql
2026-07-02 06:08:29  [INFO]: Server running on port 3000
2026-07-02 06:08:34  [ERROR]: Database connection failed: getaddrinfo EAI_AGAIN mysql
2026-07-02 06:09:35  [INFO]: Server running on port 3000
2026-07-02 06:09:40  [ERROR]: Database connection failed: getaddrinfo EAI_AGAIN mysql
2026-07-02 06:10:41  [INFO]: Server running on port 3000
2026-07-02 06:10:46  [ERROR]: Database connection failed: getaddrinfo EAI_AGAIN mysql
2026-07-02 06:11:47  [INFO]: Server running on port 3000
2026-07-02 06:11:52  [ERROR]: Database connection failed: getaddrinfo EAI_AGAIN mysql
2026-07-02 06:12:53  [INFO]: Server running on port 3000
2026-07-02 06:12:58  [ERROR]: Database connection failed: getaddrinfo EAI_AGAIN mysql
2026-07-02 06:13:58  [INFO]: Server running on port 3000
2026-07-02 06:14:03  [ERROR]: Database connection failed: getaddrinfo EAI_AGAIN mysql
2026-07-02 06:15:04  [INFO]: Server running on port 3000
2026-07-02 06:15:09  [ERROR]: Database connection failed: getaddrinfo EAI_AGAIN mysql
2026-07-02 06:16:10  [INFO]: Server running on port 3000
2026-07-02 06:16:15  [ERROR]: Database connection failed: getaddrinfo EAI_AGAIN mysql
2026-07-02 06:17:16  [INFO]: Server running on port 3000
2026-07-02 06:17:21  [ERROR]: Database connection failed: getaddrinfo EAI_AGAIN mysql
2026-07-02 06:18:21  [INFO]: Server running on port 3000
2026-07-02 06:18:26  [ERROR]: Database connection failed: getaddrinfo EAI_AGAIN mysql
2026-07-02 06:19:27  [INFO]: Server running on port 3000
2026-07-02 06:19:32  [ERROR]: Database connection failed: getaddrinfo EAI_AGAIN mysql
2026-07-02 06:20:33  [INFO]: Server running on port 3000
2026-07-02 06:20:38  [ERROR]: Database connection failed: getaddrinfo EAI_AGAIN mysql
2026-07-02 06:21:39  [INFO]: Server running on port 3000
2026-07-02 06:21:44  [ERROR]: Database connection failed: getaddrinfo EAI_AGAIN mysql
2026-07-02 06:22:45  [INFO]: Server running on port 3000
2026-07-02 06:22:50  [ERROR]: Database connection failed: getaddrinfo EAI_AGAIN mysql
2026-07-02 06:23:51  [INFO]: Server running on port 3000
2026-07-02 06:23:56  [ERROR]: Database connection failed: getaddrinfo EAI_AGAIN mysql
2026-07-02 06:24:57  [INFO]: Server running on port 3000
2026-07-02 06:25:02  [ERROR]: Database connection failed: getaddrinfo EAI_AGAIN mysql
2026-07-02 06:26:03  [INFO]: Server running on port 3000
2026-07-02 06:26:08  [ERROR]: Database connection failed: getaddrinfo EAI_AGAIN mysql
2026-07-02 06:27:10  [INFO]: Server running on port 3000
2026-07-02 06:27:15  [ERROR]: Database connection failed: getaddrinfo EAI_AGAIN mysql
2026-07-02 06:28:17  [INFO]: Server running on port 3000
2026-07-02 06:28:22  [ERROR]: Database connection failed: getaddrinfo EAI_AGAIN mysql
2026-07-02 06:29:23  [INFO]: Server running on port 3000
2026-07-02 06:29:28  [ERROR]: Database connection failed: getaddrinfo EAI_AGAIN mysql
2026-07-02 06:30:29  [INFO]: Server running on port 3000
2026-07-02 06:30:34  [ERROR]: Database connection failed: getaddrinfo EAI_AGAIN mysql
2026-07-02 06:31:36  [INFO]: Server running on port 3000
2026-07-02 06:31:41  [ERROR]: Database connection failed: getaddrinfo EAI_AGAIN mysql
2026-07-02 06:32:45  [INFO]: Server running on port 3000
2026-07-02 06:32:50  [ERROR]: Database connection failed: getaddrinfo EAI_AGAIN mysql
2026-07-02 06:33:51  [INFO]: Server running on port 3000
2026-07-02 06:33:56  [ERROR]: Database connection failed: getaddrinfo EAI_AGAIN mysql
2026-07-02 06:34:57  [INFO]: Server running on port 3000
2026-07-02 06:35:02  [ERROR]: Database connection failed: getaddrinfo EAI_AGAIN mysql
2026-07-02 06:36:04  [INFO]: Server running on port 3000
2026-07-02 06:36:09  [ERROR]: Database connection failed: getaddrinfo EAI_AGAIN mysql
2026-07-02 06:37:10  [INFO]: Server running on port 3000
2026-07-02 06:37:15  [ERROR]: Database connection failed: getaddrinfo EAI_AGAIN mysql
2026-07-02 06:38:16  [INFO]: Server running on port 3000
2026-07-02 06:38:21  [ERROR]: Database connection failed: getaddrinfo EAI_AGAIN mysql
2026-07-02 06:39:22  [INFO]: Server running on port 3000
2026-07-02 06:39:27  [ERROR]: Database connection failed: getaddrinfo EAI_AGAIN mysql
2026-07-02 06:40:28  [INFO]: Server running on port 3000
2026-07-02 06:40:33  [ERROR]: Database connection failed: getaddrinfo EAI_AGAIN mysql
2026-07-02 06:41:35  [INFO]: Server running on port 3000
2026-07-02 06:41:40  [ERROR]: Database connection failed: getaddrinfo EAI_AGAIN mysql
2026-07-02 06:42:41  [INFO]: Server running on port 3000
2026-07-02 06:42:46  [ERROR]: Database connection failed: getaddrinfo EAI_AGAIN mysql
2026-07-02 06:43:47  [INFO]: Server running on port 3000
2026-07-02 06:43:52  [ERROR]: Database connection failed: getaddrinfo EAI_AGAIN mysql
2026-07-02 06:44:53  [INFO]: Server running on port 3000
2026-07-02 06:44:58  [ERROR]: Database connection failed: getaddrinfo EAI_AGAIN mysql
2026-07-02 06:45:59  [INFO]: Server running on port 3000
2026-07-02 06:46:04  [ERROR]: Database connection failed: getaddrinfo EAI_AGAIN mysql
2026-07-02 06:47:06  [INFO]: Server running on port 3000
2026-07-02 06:47:11  [ERROR]: Database connection failed: getaddrinfo EAI_AGAIN mysql
2026-07-02 06:48:12  [INFO]: Server running on port 3000
2026-07-02 06:48:17  [ERROR]: Database connection failed: getaddrinfo EAI_AGAIN mysql
2026-07-02 06:49:19  [INFO]: Server running on port 3000
2026-07-02 06:49:24  [ERROR]: Database connection failed: getaddrinfo EAI_AGAIN mysql
2026-07-02 06:50:26  [INFO]: Server running on port 3000
2026-07-02 06:50:31  [ERROR]: Database connection failed: getaddrinfo EAI_AGAIN mysql
2026-07-02 06:51:32  [INFO]: Server running on port 3000
2026-07-02 06:51:37  [ERROR]: Database connection failed: getaddrinfo EAI_AGAIN mysql
2026-07-02 06:52:38  [INFO]: Server running on port 3000
2026-07-02 06:52:43  [ERROR]: Database connection failed: getaddrinfo EAI_AGAIN mysql
2026-07-02 06:53:50  [INFO]: Server running on port 3000
2026-07-02 06:53:55  [ERROR]: Database connection failed: getaddrinfo EAI_AGAIN mysql
2026-07-02 06:54:01  [INFO]: Server running on port 3000
2026-07-02 06:54:06  [ERROR]: Database connection failed: getaddrinfo EAI_AGAIN mysql
2026-07-02 06:54:08  [INFO]: Server running on port 3000
2026-07-02 06:54:13  [ERROR]: Database connection failed: getaddrinfo EAI_AGAIN mysql
2026-07-02 06:54:16  [INFO]: Server running on port 3000
2026-07-02 06:54:21  [ERROR]: Database connection failed: getaddrinfo EAI_AGAIN mysql
2026-07-02 06:54:23  [INFO]: Server running on port 3000
2026-07-02 06:54:28  [ERROR]: Database connection failed: getaddrinfo EAI_AGAIN mysql
2026-07-02 06:54:31  [INFO]: Server running on port 3000
2026-07-02 06:54:36  [ERROR]: Database connection failed: getaddrinfo EAI_AGAIN mysql
2026-07-02 06:54:40  [INFO]: Server running on port 3000
2026-07-02 06:54:45  [ERROR]: Database connection failed: getaddrinfo EAI_AGAIN mysql
2026-07-02 06:54:53  [INFO]: Server running on port 3000
2026-07-02 06:54:58  [ERROR]: Database connection failed: getaddrinfo EAI_AGAIN mysql
2026-07-02 06:55:12  [INFO]: Server running on port 3000
2026-07-02 06:55:17  [ERROR]: Database connection failed: getaddrinfo EAI_AGAIN mysql
2026-07-02 06:55:44  [INFO]: Server running on port 3000
2026-07-02 06:55:49  [ERROR]: Database connection failed: getaddrinfo EAI_AGAIN mysql
2026-07-02 06:56:42  [INFO]: Server running on port 3000
2026-07-02 06:56:47  [ERROR]: Database connection failed: getaddrinfo EAI_AGAIN mysql
2026-07-02 06:57:48  [INFO]: Server running on port 3000
2026-07-02 06:57:53  [ERROR]: Database connection failed: getaddrinfo EAI_AGAIN mysql
2026-07-02 06:58:54  [INFO]: Server running on port 3000
2026-07-02 06:58:59  [ERROR]: Database connection failed: getaddrinfo EAI_AGAIN mysql
2026-07-02 07:00:00  [INFO]: Server running on port 3000
2026-07-02 07:00:05  [ERROR]: Database connection failed: getaddrinfo EAI_AGAIN mysql
2026-07-02 07:01:07  [INFO]: Server running on port 3000
2026-07-02 07:01:12  [ERROR]: Database connection failed: getaddrinfo EAI_AGAIN mysql
2026-07-02 07:02:13  [INFO]: Server running on port 3000
2026-07-02 07:02:18  [ERROR]: Database connection failed: getaddrinfo EAI_AGAIN mysql
2026-07-02 07:03:20  [INFO]: Server running on port 3000
2026-07-02 07:03:25  [ERROR]: Database connection failed: getaddrinfo EAI_AGAIN mysql
2026-07-02 07:04:27  [INFO]: Server running on port 3000
2026-07-02 07:04:32  [ERROR]: Database connection failed: getaddrinfo EAI_AGAIN mysql
2026-07-02 07:05:33  [INFO]: Server running on port 3000
2026-07-02 07:05:38  [ERROR]: Database connection failed: getaddrinfo EAI_AGAIN mysql
2026-07-02 07:06:39  [INFO]: Server running on port 3000
2026-07-02 07:06:44  [ERROR]: Database connection failed: getaddrinfo EAI_AGAIN mysql
2026-07-02 07:07:45  [INFO]: Server running on port 3000
2026-07-02 07:07:50  [ERROR]: Database connection failed: getaddrinfo EAI_AGAIN mysql
2026-07-02 07:08:51  [INFO]: Server running on port 3000
2026-07-02 07:08:56  [ERROR]: Database connection failed: getaddrinfo EAI_AGAIN mysql
2026-07-02 07:09:58  [INFO]: Server running on port 3000
2026-07-02 07:10:03  [ERROR]: Database connection failed: getaddrinfo EAI_AGAIN mysql
2026-07-02 07:11:04  [INFO]: Server running on port 3000
2026-07-02 07:11:09  [ERROR]: Database connection failed: getaddrinfo EAI_AGAIN mysql
2026-07-02 07:12:10  [INFO]: Server running on port 3000
2026-07-02 07:12:15  [ERROR]: Database connection failed: getaddrinfo EAI_AGAIN mysql
2026-07-02 07:13:17  [INFO]: Server running on port 3000
2026-07-02 07:13:22  [ERROR]: Database connection failed: getaddrinfo EAI_AGAIN mysql
2026-07-02 07:14:23  [INFO]: Server running on port 3000
2026-07-02 07:14:28  [ERROR]: Database connection failed: getaddrinfo EAI_AGAIN mysql
2026-07-02 07:15:29  [INFO]: Server running on port 3000
2026-07-02 07:15:34  [ERROR]: Database connection failed: getaddrinfo EAI_AGAIN mysql
2026-07-02 07:16:35  [INFO]: Server running on port 3000
2026-07-02 07:16:40  [ERROR]: Database connection failed: getaddrinfo EAI_AGAIN mysql
2026-07-02 07:17:41  [INFO]: Server running on port 3000
2026-07-02 07:17:46  [ERROR]: Database connection failed: getaddrinfo EAI_AGAIN mysql
2026-07-02 07:18:48  [INFO]: Server running on port 3000
2026-07-02 07:18:53  [ERROR]: Database connection failed: getaddrinfo EAI_AGAIN mysql
2026-07-02 07:19:54  [INFO]: Server running on port 3000
2026-07-02 07:19:59  [ERROR]: Database connection failed: getaddrinfo EAI_AGAIN mysql
2026-07-02 07:21:00  [INFO]: Server running on port 3000
2026-07-02 07:21:05  [ERROR]: Database connection failed: getaddrinfo EAI_AGAIN mysql
2026-07-02 07:22:06  [INFO]: Server running on port 3000
2026-07-02 07:22:11  [ERROR]: Database connection failed: getaddrinfo EAI_AGAIN mysql
2026-07-02 07:23:12  [INFO]: Server running on port 3000
2026-07-02 07:23:17  [ERROR]: Database connection failed: getaddrinfo EAI_AGAIN mysql
2026-07-02 07:24:18  [INFO]: Server running on port 3000
2026-07-02 07:24:23  [ERROR]: Database connection failed: getaddrinfo EAI_AGAIN mysql
2026-07-02 07:25:25  [INFO]: Server running on port 3000
2026-07-02 07:25:30  [ERROR]: Database connection failed: getaddrinfo EAI_AGAIN mysql
2026-07-02 07:26:31  [INFO]: Server running on port 3000
2026-07-02 07:26:36  [ERROR]: Database connection failed: getaddrinfo EAI_AGAIN mysql
2026-07-02 07:27:37  [INFO]: Server running on port 3000
2026-07-02 07:27:42  [ERROR]: Database connection failed: getaddrinfo EAI_AGAIN mysql
2026-07-02 07:28:43  [INFO]: Server running on port 3000
2026-07-02 07:28:48  [ERROR]: Database connection failed: getaddrinfo EAI_AGAIN mysql
2026-07-02 07:29:49  [INFO]: Server running on port 3000
2026-07-02 07:29:54  [ERROR]: Database connection failed: getaddrinfo EAI_AGAIN mysql
2026-07-02 07:30:55  [INFO]: Server running on port 3000
2026-07-02 07:31:00  [ERROR]: Database connection failed: getaddrinfo EAI_AGAIN mysql
2026-07-02 07:32:02  [INFO]: Server running on port 3000
2026-07-02 07:32:07  [ERROR]: Database connection failed: getaddrinfo EAI_AGAIN mysql
2026-07-02 07:33:08  [INFO]: Server running on port 3000
2026-07-02 07:33:13  [ERROR]: Database connection failed: getaddrinfo EAI_AGAIN mysql
2026-07-02 07:34:14  [INFO]: Server running on port 3000
2026-07-02 07:34:19  [ERROR]: Database connection failed: getaddrinfo EAI_AGAIN mysql
2026-07-02 07:35:20  [INFO]: Server running on port 3000
2026-07-02 07:35:25  [ERROR]: Database connection failed: getaddrinfo EAI_AGAIN mysql
2026-07-02 07:36:26  [INFO]: Server running on port 3000
2026-07-02 07:36:31  [ERROR]: Database connection failed: getaddrinfo EAI_AGAIN mysql
2026-07-02 07:37:32  [INFO]: Server running on port 3000
2026-07-02 07:37:37  [ERROR]: Database connection failed: getaddrinfo EAI_AGAIN mysql
2026-07-02 07:39:27  [INFO]: Server running on port 3000
2026-07-02 07:39:31  [ERROR]: Database connection failed: getaddrinfo EAI_AGAIN mysql
2026-07-02 07:40:34  [INFO]: Server running on port 3000
2026-07-02 07:40:39  [ERROR]: Database connection failed: getaddrinfo EAI_AGAIN mysql
2026-07-02 07:41:43  [INFO]: Server running on port 3000
2026-07-02 07:41:48  [ERROR]: Database connection failed: getaddrinfo EAI_AGAIN mysql
2026-07-02 07:42:51  [INFO]: Server running on port 3000
2026-07-02 07:42:56  [ERROR]: Database connection failed: getaddrinfo EAI_AGAIN mysql
2026-07-02 07:44:00  [INFO]: Server running on port 3000
2026-07-02 07:44:05  [ERROR]: Database connection failed: getaddrinfo EAI_AGAIN mysql
2026-07-02 07:45:06  [INFO]: Server running on port 3000
2026-07-02 07:45:11  [ERROR]: Database connection failed: getaddrinfo EAI_AGAIN mysql
2026-07-02 07:46:12  [INFO]: Server running on port 3000
2026-07-02 07:46:17  [ERROR]: Database connection failed: getaddrinfo EAI_AGAIN mysql
2026-07-02 07:47:19  [INFO]: Server running on port 3000
2026-07-02 07:47:24  [ERROR]: Database connection failed: getaddrinfo EAI_AGAIN mysql
2026-07-02 07:48:26  [INFO]: Server running on port 3000
2026-07-02 07:48:31  [ERROR]: Database connection failed: getaddrinfo EAI_AGAIN mysql
2026-07-02 07:49:32  [INFO]: Server running on port 3000
2026-07-02 07:49:37  [ERROR]: Database connection failed: getaddrinfo EAI_AGAIN mysql
2026-07-02 07:50:38  [INFO]: Server running on port 3000
2026-07-02 07:50:43  [ERROR]: Database connection failed: getaddrinfo EAI_AGAIN mysql
2026-07-02 07:51:45  [INFO]: Server running on port 3000
2026-07-02 07:51:50  [ERROR]: Database connection failed: getaddrinfo EAI_AGAIN mysql
2026-07-02 07:52:51  [INFO]: Server running on port 3000
2026-07-02 07:52:56  [ERROR]: Database connection failed: getaddrinfo EAI_AGAIN mysql
2026-07-02 07:53:57  [INFO]: Server running on port 3000
2026-07-02 07:54:02  [ERROR]: Database connection failed: getaddrinfo EAI_AGAIN mysql
2026-07-02 07:55:03  [INFO]: Server running on port 3000
2026-07-02 07:55:08  [ERROR]: Database connection failed: getaddrinfo EAI_AGAIN mysql
2026-07-02 07:56:09  [INFO]: Server running on port 3000
2026-07-02 07:56:14  [ERROR]: Database connection failed: getaddrinfo EAI_AGAIN mysql
2026-07-02 07:57:16  [INFO]: Server running on port 3000
2026-07-02 07:57:21  [ERROR]: Database connection failed: getaddrinfo EAI_AGAIN mysql
2026-07-02 07:58:23  [INFO]: Server running on port 3000
2026-07-02 07:58:28  [ERROR]: Database connection failed: getaddrinfo EAI_AGAIN mysql
2026-07-02 07:59:30  [INFO]: Server running on port 3000
2026-07-02 07:59:35  [ERROR]: Database connection failed: getaddrinfo EAI_AGAIN mysql
2026-07-02 08:00:37  [INFO]: Server running on port 3000
2026-07-02 08:00:42  [ERROR]: Database connection failed: getaddrinfo EAI_AGAIN mysql
2026-07-02 08:01:44  [INFO]: Server running on port 3000
2026-07-02 08:01:49  [ERROR]: Database connection failed: getaddrinfo EAI_AGAIN mysql
2026-07-02 08:02:51  [INFO]: Server running on port 3000
2026-07-02 08:02:56  [ERROR]: Database connection failed: getaddrinfo EAI_AGAIN mysql
2026-07-02 08:03:57  [INFO]: Server running on port 3000
2026-07-02 08:04:02  [ERROR]: Database connection failed: getaddrinfo EAI_AGAIN mysql
2026-07-02 08:05:04  [INFO]: Server running on port 3000
2026-07-02 08:05:09  [ERROR]: Database connection failed: getaddrinfo EAI_AGAIN mysql
2026-07-02 08:06:10  [INFO]: Server running on port 3000
2026-07-02 08:06:15  [ERROR]: Database connection failed: getaddrinfo EAI_AGAIN mysql
2026-07-02 08:07:16  [INFO]: Server running on port 3000
2026-07-02 08:07:21  [ERROR]: Database connection failed: getaddrinfo EAI_AGAIN mysql
2026-07-02 08:08:22  [INFO]: Server running on port 3000
2026-07-02 08:08:27  [ERROR]: Database connection failed: getaddrinfo EAI_AGAIN mysql
2026-07-02 08:09:28  [INFO]: Server running on port 3000
2026-07-02 08:09:33  [ERROR]: Database connection failed: getaddrinfo EAI_AGAIN mysql
2026-07-02 08:10:35  [INFO]: Server running on port 3000
2026-07-02 08:10:40  [ERROR]: Database connection failed: getaddrinfo EAI_AGAIN mysql
2026-07-02 08:11:41  [INFO]: Server running on port 3000
2026-07-02 08:11:46  [ERROR]: Database connection failed: getaddrinfo EAI_AGAIN mysql
2026-07-02 08:12:47  [INFO]: Server running on port 3000
2026-07-02 08:12:52  [ERROR]: Database connection failed: getaddrinfo EAI_AGAIN mysql
2026-07-02 08:13:53  [INFO]: Server running on port 3000
2026-07-02 08:13:58  [ERROR]: Database connection failed: getaddrinfo EAI_AGAIN mysql
2026-07-02 08:14:59  [INFO]: Server running on port 3000
2026-07-02 08:15:04  [ERROR]: Database connection failed: getaddrinfo EAI_AGAIN mysql
2026-07-02 08:16:06  [INFO]: Server running on port 3000
2026-07-02 08:16:11  [ERROR]: Database connection failed: getaddrinfo EAI_AGAIN mysql
2026-07-02 08:24:26  [INFO]: Server running on port 3000
2026-07-02 08:24:31  [ERROR]: Database connection failed: getaddrinfo EAI_AGAIN mysql
2026-07-02 08:25:35  [INFO]: Server running on port 3000
2026-07-02 08:25:40  [ERROR]: Database connection failed: getaddrinfo EAI_AGAIN mysql
2026-07-02 08:26:41  [INFO]: Server running on port 3000
2026-07-02 08:26:46  [ERROR]: Database connection failed: getaddrinfo EAI_AGAIN mysql
2026-07-02 08:27:47  [INFO]: Server running on port 3000
2026-07-02 08:27:52  [ERROR]: Database connection failed: getaddrinfo EAI_AGAIN mysql
2026-07-02 08:28:54  [INFO]: Server running on port 3000
2026-07-02 08:28:59  [ERROR]: Database connection failed: getaddrinfo EAI_AGAIN mysql
2026-07-02 08:30:00  [INFO]: Server running on port 3000
2026-07-02 08:30:05  [ERROR]: Database connection failed: getaddrinfo EAI_AGAIN mysql
2026-07-02 08:31:06  [INFO]: Server running on port 3000
2026-07-02 08:31:11  [ERROR]: Database connection failed: getaddrinfo EAI_AGAIN mysql
2026-07-02 08:32:12  [INFO]: Server running on port 3000
2026-07-02 08:32:17  [ERROR]: Database connection failed: getaddrinfo EAI_AGAIN mysql
2026-07-02 08:33:18  [INFO]: Server running on port 3000
2026-07-02 08:33:23  [ERROR]: Database connection failed: getaddrinfo EAI_AGAIN mysql
2026-07-02 08:34:24  [INFO]: Server running on port 3000
2026-07-02 08:34:29  [ERROR]: Database connection failed: getaddrinfo EAI_AGAIN mysql
2026-07-02 08:35:30  [INFO]: Server running on port 3000
2026-07-02 08:35:35  [ERROR]: Database connection failed: getaddrinfo EAI_AGAIN mysql
2026-07-02 08:36:37  [INFO]: Server running on port 3000
2026-07-02 08:36:42  [ERROR]: Database connection failed: getaddrinfo EAI_AGAIN mysql
2026-07-02 08:37:43  [INFO]: Server running on port 3000
2026-07-02 08:37:48  [ERROR]: Database connection failed: getaddrinfo EAI_AGAIN mysql
2026-07-02 08:38:49  [INFO]: Server running on port 3000
2026-07-02 08:38:54  [ERROR]: Database connection failed: getaddrinfo EAI_AGAIN mysql
2026-07-02 08:39:55  [INFO]: Server running on port 3000
2026-07-02 08:40:00  [ERROR]: Database connection failed: getaddrinfo EAI_AGAIN mysql
2026-07-02 08:41:22  [INFO]: Server running on port 3000
2026-07-02 08:41:27  [ERROR]: Database connection failed: getaddrinfo EAI_AGAIN mysql
2026-07-02 08:42:28  [INFO]: Server running on port 3000
2026-07-02 08:42:33  [ERROR]: Database connection failed: getaddrinfo EAI_AGAIN mysql
2026-07-02 08:43:34  [INFO]: Server running on port 3000
2026-07-02 08:43:39  [ERROR]: Database connection failed: getaddrinfo EAI_AGAIN mysql
2026-07-02 08:44:40  [INFO]: Server running on port 3000
2026-07-02 08:44:45  [ERROR]: Database connection failed: getaddrinfo EAI_AGAIN mysql
2026-07-02 08:45:47  [INFO]: Server running on port 3000
2026-07-02 08:45:52  [ERROR]: Database connection failed: getaddrinfo EAI_AGAIN mysql
2026-07-02 08:46:53  [INFO]: Server running on port 3000
2026-07-02 08:46:58  [ERROR]: Database connection failed: getaddrinfo EAI_AGAIN mysql
2026-07-02 08:47:59  [INFO]: Server running on port 3000
2026-07-02 08:48:04  [ERROR]: Database connection failed: getaddrinfo EAI_AGAIN mysql
2026-07-02 08:49:06  [INFO]: Server running on port 3000
2026-07-02 08:49:11  [ERROR]: Database connection failed: getaddrinfo EAI_AGAIN mysql
2026-07-02 08:50:12  [INFO]: Server running on port 3000
2026-07-02 08:50:17  [ERROR]: Database connection failed: getaddrinfo EAI_AGAIN mysql
2026-07-02 08:51:18  [INFO]: Server running on port 3000
2026-07-02 08:51:23  [ERROR]: Database connection failed: getaddrinfo EAI_AGAIN mysql
2026-07-02 08:52:24  [INFO]: Server running on port 3000
2026-07-02 08:52:29  [ERROR]: Database connection failed: getaddrinfo EAI_AGAIN mysql
2026-07-02 08:53:31  [INFO]: Server running on port 3000
2026-07-02 08:53:36  [ERROR]: Database connection failed: getaddrinfo EAI_AGAIN mysql
2026-07-02 08:54:37  [INFO]: Server running on port 3000
2026-07-02 08:54:42  [ERROR]: Database connection failed: getaddrinfo EAI_AGAIN mysql
2026-07-02 08:55:43  [INFO]: Server running on port 3000
2026-07-02 08:55:48  [ERROR]: Database connection failed: getaddrinfo EAI_AGAIN mysql
2026-07-02 08:56:49  [INFO]: Server running on port 3000
2026-07-02 08:56:54  [ERROR]: Database connection failed: getaddrinfo EAI_AGAIN mysql
2026-07-02 08:57:55  [INFO]: Server running on port 3000
2026-07-02 08:58:00  [ERROR]: Database connection failed: getaddrinfo EAI_AGAIN mysql
2026-07-02 08:59:02  [INFO]: Server running on port 3000
2026-07-02 08:59:07  [ERROR]: Database connection failed: getaddrinfo EAI_AGAIN mysql
2026-07-02 09:00:08  [INFO]: Server running on port 3000
2026-07-02 09:00:13  [ERROR]: Database connection failed: getaddrinfo EAI_AGAIN mysql
2026-07-02 09:01:14  [INFO]: Server running on port 3000
2026-07-02 09:01:19  [ERROR]: Database connection failed: getaddrinfo EAI_AGAIN mysql
2026-07-02 09:02:20  [INFO]: Server running on port 3000
2026-07-02 09:02:25  [ERROR]: Database connection failed: getaddrinfo EAI_AGAIN mysql
2026-07-02 09:03:27  [INFO]: Server running on port 3000
2026-07-02 09:03:32  [ERROR]: Database connection failed: getaddrinfo EAI_AGAIN mysql
2026-07-02 09:04:33  [INFO]: Server running on port 3000
2026-07-02 09:04:38  [ERROR]: Database connection failed: getaddrinfo EAI_AGAIN mysql
2026-07-02 09:05:40  [INFO]: Server running on port 3000
2026-07-02 09:05:45  [ERROR]: Database connection failed: getaddrinfo EAI_AGAIN mysql
2026-07-02 09:06:46  [INFO]: Server running on port 3000
2026-07-02 09:06:51  [ERROR]: Database connection failed: getaddrinfo EAI_AGAIN mysql
2026-07-02 09:07:53  [INFO]: Server running on port 3000
2026-07-02 09:07:58  [ERROR]: Database connection failed: getaddrinfo EAI_AGAIN mysql
2026-07-02 09:08:59  [INFO]: Server running on port 3000
2026-07-02 09:09:04  [ERROR]: Database connection failed: getaddrinfo EAI_AGAIN mysql
2026-07-02 09:10:06  [INFO]: Server running on port 3000
2026-07-02 09:10:11  [ERROR]: Database connection failed: getaddrinfo EAI_AGAIN mysql
2026-07-02 09:11:12  [INFO]: Server running on port 3000
2026-07-02 09:11:17  [ERROR]: Database connection failed: getaddrinfo EAI_AGAIN mysql
2026-07-02 09:12:18  [INFO]: Server running on port 3000
2026-07-02 09:12:23  [ERROR]: Database connection failed: getaddrinfo EAI_AGAIN mysql
2026-07-02 09:13:25  [INFO]: Server running on port 3000
2026-07-02 09:13:30  [ERROR]: Database connection failed: getaddrinfo EAI_AGAIN mysql
2026-07-02 09:14:31  [INFO]: Server running on port 3000
2026-07-02 09:14:36  [ERROR]: Database connection failed: getaddrinfo EAI_AGAIN mysql
2026-07-02 09:15:37  [INFO]: Server running on port 3000
2026-07-02 09:15:42  [ERROR]: Database connection failed: getaddrinfo EAI_AGAIN mysql
2026-07-02 09:16:43  [INFO]: Server running on port 3000
2026-07-02 09:16:48  [ERROR]: Database connection failed: getaddrinfo EAI_AGAIN mysql
2026-07-02 09:17:50  [INFO]: Server running on port 3000
2026-07-02 09:17:55  [ERROR]: Database connection failed: getaddrinfo EAI_AGAIN mysql
2026-07-02 09:18:56  [INFO]: Server running on port 3000
2026-07-02 09:19:01  [ERROR]: Database connection failed: getaddrinfo EAI_AGAIN mysql
2026-07-02 09:20:02  [INFO]: Server running on port 3000
2026-07-02 09:20:07  [ERROR]: Database connection failed: getaddrinfo EAI_AGAIN mysql
2026-07-02 09:21:08  [INFO]: Server running on port 3000
2026-07-02 09:21:13  [ERROR]: Database connection failed: getaddrinfo EAI_AGAIN mysql
2026-07-02 09:22:15  [INFO]: Server running on port 3000
2026-07-02 09:22:20  [ERROR]: Database connection failed: getaddrinfo EAI_AGAIN mysql
2026-07-02 09:23:21  [INFO]: Server running on port 3000
2026-07-02 09:23:26  [ERROR]: Database connection failed: getaddrinfo EAI_AGAIN mysql
2026-07-02 09:24:27  [INFO]: Server running on port 3000
2026-07-02 09:24:32  [ERROR]: Database connection failed: getaddrinfo EAI_AGAIN mysql
2026-07-02 09:25:33  [INFO]: Server running on port 3000
2026-07-02 09:25:38  [ERROR]: Database connection failed: getaddrinfo EAI_AGAIN mysql
2026-07-02 09:26:40  [INFO]: Server running on port 3000
2026-07-02 09:26:45  [ERROR]: Database connection failed: getaddrinfo EAI_AGAIN mysql
2026-07-02 09:27:47  [INFO]: Server running on port 3000
2026-07-02 09:27:52  [ERROR]: Database connection failed: getaddrinfo EAI_AGAIN mysql
2026-07-02 09:28:53  [INFO]: Server running on port 3000
2026-07-02 09:28:58  [ERROR]: Database connection failed: getaddrinfo EAI_AGAIN mysql
2026-07-02 09:29:59  [INFO]: Server running on port 3000
2026-07-02 09:30:05  [ERROR]: Database connection failed: getaddrinfo EAI_AGAIN mysql
2026-07-02 09:31:06  [INFO]: Server running on port 3000
2026-07-02 09:31:11  [ERROR]: Database connection failed: getaddrinfo EAI_AGAIN mysql
2026-07-02 09:32:12  [INFO]: Server running on port 3000
2026-07-02 09:32:17  [ERROR]: Database connection failed: getaddrinfo EAI_AGAIN mysql
2026-07-02 09:33:19  [INFO]: Server running on port 3000
2026-07-02 09:33:24  [ERROR]: Database connection failed: getaddrinfo EAI_AGAIN mysql
2026-07-02 09:34:25  [INFO]: Server running on port 3000
2026-07-02 09:34:30  [ERROR]: Database connection failed: getaddrinfo EAI_AGAIN mysql
2026-07-02 09:35:31  [INFO]: Server running on port 3000
2026-07-02 09:35:36  [ERROR]: Database connection failed: getaddrinfo EAI_AGAIN mysql
2026-07-02 09:36:38  [INFO]: Server running on port 3000
2026-07-02 09:36:43  [ERROR]: Database connection failed: getaddrinfo EAI_AGAIN mysql
2026-07-02 09:37:44  [INFO]: Server running on port 3000
2026-07-02 09:37:49  [ERROR]: Database connection failed: getaddrinfo EAI_AGAIN mysql
2026-07-02 09:38:50  [INFO]: Server running on port 3000
2026-07-02 09:38:55  [ERROR]: Database connection failed: getaddrinfo EAI_AGAIN mysql
2026-07-02 09:39:57  [INFO]: Server running on port 3000
2026-07-02 09:40:02  [ERROR]: Database connection failed: getaddrinfo EAI_AGAIN mysql
2026-07-02 09:41:03  [INFO]: Server running on port 3000
2026-07-02 09:41:08  [ERROR]: Database connection failed: getaddrinfo EAI_AGAIN mysql
2026-07-02 09:42:10  [INFO]: Server running on port 3000
2026-07-02 09:42:15  [ERROR]: Database connection failed: getaddrinfo EAI_AGAIN mysql
2026-07-02 09:43:16  [INFO]: Server running on port 3000
2026-07-02 09:43:21  [ERROR]: Database connection failed: getaddrinfo EAI_AGAIN mysql
2026-07-02 09:44:22  [INFO]: Server running on port 3000
2026-07-02 09:44:27  [ERROR]: Database connection failed: getaddrinfo EAI_AGAIN mysql
2026-07-02 09:45:28  [INFO]: Server running on port 3000
2026-07-02 09:45:33  [ERROR]: Database connection failed: getaddrinfo EAI_AGAIN mysql
2026-07-02 09:46:34  [INFO]: Server running on port 3000
2026-07-02 09:46:39  [ERROR]: Database connection failed: getaddrinfo EAI_AGAIN mysql
2026-07-02 09:47:40  [INFO]: Server running on port 3000
2026-07-02 09:47:45  [ERROR]: Database connection failed: getaddrinfo EAI_AGAIN mysql
2026-07-02 09:48:47  [INFO]: Server running on port 3000
2026-07-02 09:48:52  [ERROR]: Database connection failed: getaddrinfo EAI_AGAIN mysql
2026-07-02 09:49:53  [INFO]: Server running on port 3000
2026-07-02 09:49:58  [ERROR]: Database connection failed: getaddrinfo EAI_AGAIN mysql
2026-07-02 09:50:59  [INFO]: Server running on port 3000
2026-07-02 09:51:04  [ERROR]: Database connection failed: getaddrinfo EAI_AGAIN mysql
2026-07-02 09:52:05  [INFO]: Server running on port 3000
2026-07-02 09:52:10  [ERROR]: Database connection failed: getaddrinfo EAI_AGAIN mysql
2026-07-02 09:53:12  [INFO]: Server running on port 3000
2026-07-02 09:53:17  [ERROR]: Database connection failed: getaddrinfo EAI_AGAIN mysql
2026-07-02 09:54:18  [INFO]: Server running on port 3000
2026-07-02 09:54:23  [ERROR]: Database connection failed: getaddrinfo EAI_AGAIN mysql
2026-07-02 10:15:47  [INFO]: Server running on port 3000
2026-07-02 10:15:52  [ERROR]: Database connection failed: getaddrinfo EAI_AGAIN mysql
2026-07-02 10:16:54  [INFO]: Server running on port 3000
2026-07-02 10:16:59  [ERROR]: Database connection failed: getaddrinfo EAI_AGAIN mysql
2026-07-02 10:18:00  [INFO]: Server running on port 3000
2026-07-02 10:18:05  [ERROR]: Database connection failed: getaddrinfo EAI_AGAIN mysql
2026-07-02 10:19:07  [INFO]: Server running on port 3000
2026-07-02 10:19:12  [ERROR]: Database connection failed: getaddrinfo EAI_AGAIN mysql
2026-07-02 10:20:13  [INFO]: Server running on port 3000
2026-07-02 10:20:18  [ERROR]: Database connection failed: getaddrinfo EAI_AGAIN mysql
2026-07-02 10:21:19  [INFO]: Server running on port 3000
2026-07-02 10:21:24  [ERROR]: Database connection failed: getaddrinfo EAI_AGAIN mysql
2026-07-02 10:22:25  [INFO]: Server running on port 3000
2026-07-02 10:22:30  [ERROR]: Database connection failed: getaddrinfo EAI_AGAIN mysql
2026-07-02 10:23:31  [INFO]: Server running on port 3000
2026-07-02 10:23:36  [ERROR]: Database connection failed: getaddrinfo EAI_AGAIN mysql
2026-07-02 10:24:36  [INFO]: Server running on port 3000
2026-07-02 10:24:41  [ERROR]: Database connection failed: getaddrinfo EAI_AGAIN mysql
2026-07-02 10:25:42  [INFO]: Server running on port 3000
2026-07-02 10:25:47  [ERROR]: Database connection failed: getaddrinfo EAI_AGAIN mysql
2026-07-02 10:26:48  [INFO]: Server running on port 3000
2026-07-02 10:26:53  [ERROR]: Database connection failed: getaddrinfo EAI_AGAIN mysql
2026-07-02 10:27:54  [INFO]: Server running on port 3000
2026-07-02 10:27:59  [ERROR]: Database connection failed: getaddrinfo EAI_AGAIN mysql
2026-07-02 10:29:00  [INFO]: Server running on port 3000
2026-07-02 10:29:05  [ERROR]: Database connection failed: getaddrinfo EAI_AGAIN mysql
2026-07-02 10:30:06  [INFO]: Server running on port 3000
2026-07-02 10:30:11  [ERROR]: Database connection failed: getaddrinfo EAI_AGAIN mysql
2026-07-02 10:31:12  [INFO]: Server running on port 3000
2026-07-02 10:31:17  [ERROR]: Database connection failed: getaddrinfo EAI_AGAIN mysql
2026-07-02 10:32:18  [INFO]: Server running on port 3000
2026-07-02 10:32:23  [ERROR]: Database connection failed: getaddrinfo EAI_AGAIN mysql
2026-07-02 10:33:24  [INFO]: Server running on port 3000
2026-07-02 10:33:29  [ERROR]: Database connection failed: getaddrinfo EAI_AGAIN mysql
2026-07-02 10:34:29  [INFO]: Server running on port 3000
2026-07-02 10:34:34  [ERROR]: Database connection failed: getaddrinfo EAI_AGAIN mysql
2026-07-02 10:35:35  [INFO]: Server running on port 3000
2026-07-02 10:35:40  [ERROR]: Database connection failed: getaddrinfo EAI_AGAIN mysql
2026-07-02 10:36:41  [INFO]: Server running on port 3000
2026-07-02 10:36:46  [ERROR]: Database connection failed: getaddrinfo EAI_AGAIN mysql
2026-07-02 10:37:47  [INFO]: Server running on port 3000
2026-07-02 10:37:52  [ERROR]: Database connection failed: getaddrinfo EAI_AGAIN mysql
2026-07-02 10:38:53  [INFO]: Server running on port 3000
2026-07-02 10:38:58  [ERROR]: Database connection failed: getaddrinfo EAI_AGAIN mysql
2026-07-02 10:39:59  [INFO]: Server running on port 3000
2026-07-02 10:40:04  [ERROR]: Database connection failed: getaddrinfo EAI_AGAIN mysql
2026-07-02 10:41:05  [INFO]: Server running on port 3000
2026-07-02 10:41:10  [ERROR]: Database connection failed: getaddrinfo EAI_AGAIN mysql
2026-07-02 10:42:11  [INFO]: Server running on port 3000
2026-07-02 10:42:16  [ERROR]: Database connection failed: getaddrinfo EAI_AGAIN mysql
2026-07-02 10:43:17  [INFO]: Server running on port 3000
2026-07-02 10:43:22  [ERROR]: Database connection failed: getaddrinfo EAI_AGAIN mysql
2026-07-02 10:44:23  [INFO]: Server running on port 3000
2026-07-02 10:44:28  [ERROR]: Database connection failed: getaddrinfo EAI_AGAIN mysql
2026-07-02 10:45:29  [INFO]: Server running on port 3000
2026-07-02 10:45:34  [ERROR]: Database connection failed: getaddrinfo EAI_AGAIN mysql
2026-07-02 10:46:35  [INFO]: Server running on port 3000
2026-07-02 10:46:40  [ERROR]: Database connection failed: getaddrinfo EAI_AGAIN mysql
2026-07-02 10:47:40  [INFO]: Server running on port 3000
2026-07-02 10:47:45  [ERROR]: Database connection failed: getaddrinfo EAI_AGAIN mysql
2026-07-02 10:48:46  [INFO]: Server running on port 3000
2026-07-02 10:48:51  [ERROR]: Database connection failed: getaddrinfo EAI_AGAIN mysql
2026-07-02 10:49:52  [INFO]: Server running on port 3000
2026-07-02 10:49:57  [ERROR]: Database connection failed: getaddrinfo EAI_AGAIN mysql
2026-07-02 10:50:58  [INFO]: Server running on port 3000
2026-07-02 10:51:03  [ERROR]: Database connection failed: getaddrinfo EAI_AGAIN mysql
2026-07-02 10:52:04  [INFO]: Server running on port 3000
2026-07-02 10:52:09  [ERROR]: Database connection failed: getaddrinfo EAI_AGAIN mysql
2026-07-02 10:53:10  [INFO]: Server running on port 3000
2026-07-02 10:53:15  [ERROR]: Database connection failed: getaddrinfo EAI_AGAIN mysql
2026-07-02 10:54:16  [INFO]: Server running on port 3000
2026-07-02 10:54:21  [ERROR]: Database connection failed: getaddrinfo EAI_AGAIN mysql
2026-07-02 10:55:22  [INFO]: Server running on port 3000
2026-07-02 10:55:27  [ERROR]: Database connection failed: getaddrinfo EAI_AGAIN mysql
2026-07-02 10:56:28  [INFO]: Server running on port 3000
2026-07-02 10:56:33  [ERROR]: Database connection failed: getaddrinfo EAI_AGAIN mysql
2026-07-02 10:57:34  [INFO]: Server running on port 3000
2026-07-02 10:57:39  [ERROR]: Database connection failed: getaddrinfo EAI_AGAIN mysql
2026-07-02 10:58:40  [INFO]: Server running on port 3000
2026-07-02 10:58:45  [ERROR]: Database connection failed: getaddrinfo EAI_AGAIN mysql
2026-07-02 10:59:45  [INFO]: Server running on port 3000
2026-07-02 10:59:50  [ERROR]: Database connection failed: getaddrinfo EAI_AGAIN mysql
2026-07-02 11:00:52  [INFO]: Server running on port 3000
2026-07-02 11:00:57  [ERROR]: Database connection failed: getaddrinfo EAI_AGAIN mysql
2026-07-02 11:01:58  [INFO]: Server running on port 3000
2026-07-02 11:02:03  [ERROR]: Database connection failed: getaddrinfo EAI_AGAIN mysql
2026-07-02 11:03:04  [INFO]: Server running on port 3000
2026-07-02 11:03:09  [ERROR]: Database connection failed: getaddrinfo EAI_AGAIN mysql
2026-07-02 11:04:11  [INFO]: Server running on port 3000
2026-07-02 11:04:16  [ERROR]: Database connection failed: getaddrinfo EAI_AGAIN mysql
2026-07-02 11:05:18  [INFO]: Server running on port 3000
2026-07-02 11:05:23  [ERROR]: Database connection failed: getaddrinfo EAI_AGAIN mysql
2026-07-02 11:06:25  [INFO]: Server running on port 3000
2026-07-02 11:06:30  [ERROR]: Database connection failed: getaddrinfo EAI_AGAIN mysql
2026-07-02 11:07:31  [INFO]: Server running on port 3000
2026-07-02 11:07:36  [ERROR]: Database connection failed: getaddrinfo EAI_AGAIN mysql
2026-07-02 11:08:37  [INFO]: Server running on port 3000
2026-07-02 11:08:42  [ERROR]: Database connection failed: getaddrinfo EAI_AGAIN mysql
2026-07-02 11:09:44  [INFO]: Server running on port 3000
2026-07-02 11:09:49  [ERROR]: Database connection failed: getaddrinfo EAI_AGAIN mysql
2026-07-02 11:10:50  [INFO]: Server running on port 3000
2026-07-02 11:10:55  [ERROR]: Database connection failed: getaddrinfo EAI_AGAIN mysql
2026-07-02 11:11:56  [INFO]: Server running on port 3000
2026-07-02 11:12:01  [ERROR]: Database connection failed: getaddrinfo EAI_AGAIN mysql
2026-07-02 11:13:02  [INFO]: Server running on port 3000
2026-07-02 11:13:07  [ERROR]: Database connection failed: getaddrinfo EAI_AGAIN mysql
2026-07-02 11:14:08  [INFO]: Server running on port 3000
2026-07-02 11:14:13  [ERROR]: Database connection failed: getaddrinfo EAI_AGAIN mysql
2026-07-02 11:15:14  [INFO]: Server running on port 3000
2026-07-02 11:15:19  [ERROR]: Database connection failed: getaddrinfo EAI_AGAIN mysql
2026-07-02 11:16:19  [INFO]: Server running on port 3000
2026-07-02 11:16:24  [ERROR]: Database connection failed: getaddrinfo EAI_AGAIN mysql
2026-07-02 11:17:26  [INFO]: Server running on port 3000
2026-07-02 11:17:31  [ERROR]: Database connection failed: getaddrinfo EAI_AGAIN mysql
2026-07-02 11:18:32  [INFO]: Server running on port 3000
2026-07-02 11:18:37  [ERROR]: Database connection failed: getaddrinfo EAI_AGAIN mysql
2026-07-02 11:19:38  [INFO]: Server running on port 3000
2026-07-02 11:19:43  [ERROR]: Database connection failed: getaddrinfo EAI_AGAIN mysql
2026-07-02 11:20:44  [INFO]: Server running on port 3000
2026-07-02 11:20:49  [ERROR]: Database connection failed: getaddrinfo EAI_AGAIN mysql
2026-07-02 11:21:49  [INFO]: Server running on port 3000
2026-07-02 11:21:54  [ERROR]: Database connection failed: getaddrinfo EAI_AGAIN mysql
2026-07-02 11:22:55  [INFO]: Server running on port 3000
2026-07-02 11:23:00  [ERROR]: Database connection failed: getaddrinfo EAI_AGAIN mysql
2026-07-02 11:24:01  [INFO]: Server running on port 3000
2026-07-02 11:24:06  [ERROR]: Database connection failed: getaddrinfo EAI_AGAIN mysql
2026-07-02 11:25:07  [INFO]: Server running on port 3000
2026-07-02 11:25:12  [ERROR]: Database connection failed: getaddrinfo EAI_AGAIN mysql
2026-07-02 11:26:13  [INFO]: Server running on port 3000
2026-07-02 11:26:18  [ERROR]: Database connection failed: getaddrinfo EAI_AGAIN mysql
2026-07-02 11:27:19  [INFO]: Server running on port 3000
2026-07-02 11:27:24  [ERROR]: Database connection failed: getaddrinfo EAI_AGAIN mysql
2026-07-02 11:28:24  [INFO]: Server running on port 3000
2026-07-02 11:28:29  [ERROR]: Database connection failed: getaddrinfo EAI_AGAIN mysql
2026-07-02 11:29:30  [INFO]: Server running on port 3000
2026-07-02 11:29:35  [ERROR]: Database connection failed: getaddrinfo EAI_AGAIN mysql
2026-07-02 11:30:36  [INFO]: Server running on port 3000
2026-07-02 11:30:41  [ERROR]: Database connection failed: getaddrinfo EAI_AGAIN mysql
2026-07-02 11:31:42  [INFO]: Server running on port 3000
2026-07-02 11:31:47  [ERROR]: Database connection failed: getaddrinfo EAI_AGAIN mysql
2026-07-02 11:32:48  [INFO]: Server running on port 3000
2026-07-02 11:32:53  [ERROR]: Database connection failed: getaddrinfo EAI_AGAIN mysql
2026-07-02 11:33:54  [INFO]: Server running on port 3000
2026-07-02 11:33:59  [ERROR]: Database connection failed: getaddrinfo EAI_AGAIN mysql
2026-07-02 11:35:00  [INFO]: Server running on port 3000
2026-07-02 11:35:05  [ERROR]: Database connection failed: getaddrinfo EAI_AGAIN mysql
2026-07-02 11:36:06  [INFO]: Server running on port 3000
2026-07-02 11:36:11  [ERROR]: Database connection failed: getaddrinfo EAI_AGAIN mysql
2026-07-02 11:37:12  [INFO]: Server running on port 3000
2026-07-02 11:37:17  [ERROR]: Database connection failed: getaddrinfo EAI_AGAIN mysql
2026-07-02 11:38:18  [INFO]: Server running on port 3000
2026-07-02 11:38:23  [ERROR]: Database connection failed: getaddrinfo EAI_AGAIN mysql
2026-07-02 11:39:24  [INFO]: Server running on port 3000
2026-07-02 11:39:29  [ERROR]: Database connection failed: getaddrinfo EAI_AGAIN mysql
2026-07-02 11:40:30  [INFO]: Server running on port 3000
2026-07-02 11:40:35  [ERROR]: Database connection failed: getaddrinfo EAI_AGAIN mysql
2026-07-02 11:41:36  [INFO]: Server running on port 3000
2026-07-02 11:41:41  [ERROR]: Database connection failed: getaddrinfo EAI_AGAIN mysql
2026-07-02 11:42:43  [INFO]: Server running on port 3000
2026-07-02 11:42:48  [ERROR]: Database connection failed: getaddrinfo EAI_AGAIN mysql
2026-07-02 11:43:50  [INFO]: Server running on port 3000
2026-07-02 11:43:55  [ERROR]: Database connection failed: getaddrinfo EAI_AGAIN mysql
2026-07-02 11:44:57  [INFO]: Server running on port 3000
2026-07-02 11:45:02  [ERROR]: Database connection failed: getaddrinfo EAI_AGAIN mysql
2026-07-02 11:46:03  [INFO]: Server running on port 3000
2026-07-02 11:46:08  [ERROR]: Database connection failed: getaddrinfo EAI_AGAIN mysql
2026-07-02 11:47:10  [INFO]: Server running on port 3000
2026-07-02 11:47:15  [ERROR]: Database connection failed: getaddrinfo EAI_AGAIN mysql
2026-07-02 11:48:16  [INFO]: Server running on port 3000
2026-07-02 11:48:21  [ERROR]: Database connection failed: getaddrinfo EAI_AGAIN mysql
2026-07-02 11:49:23  [INFO]: Server running on port 3000
2026-07-02 11:49:28  [ERROR]: Database connection failed: getaddrinfo EAI_AGAIN mysql
2026-07-02 11:50:30  [INFO]: Server running on port 3000
2026-07-02 11:50:35  [ERROR]: Database connection failed: getaddrinfo EAI_AGAIN mysql
2026-07-02 11:51:39  [INFO]: Server running on port 3000
2026-07-02 11:51:44  [ERROR]: Database connection failed: getaddrinfo EAI_AGAIN mysql
2026-07-02 11:52:47  [INFO]: Server running on port 3000
2026-07-02 11:52:52  [ERROR]: Database connection failed: getaddrinfo EAI_AGAIN mysql
2026-07-02 11:53:53  [INFO]: Server running on port 3000
2026-07-02 11:53:58  [ERROR]: Database connection failed: getaddrinfo EAI_AGAIN mysql
2026-07-02 11:55:00  [INFO]: Server running on port 3000
2026-07-02 11:55:05  [ERROR]: Database connection failed: getaddrinfo EAI_AGAIN mysql
2026-07-02 11:56:06  [INFO]: Server running on port 3000
2026-07-02 11:56:11  [ERROR]: Database connection failed: getaddrinfo EAI_AGAIN mysql
2026-07-02 11:57:13  [INFO]: Server running on port 3000
2026-07-02 11:57:18  [ERROR]: Database connection failed: getaddrinfo EAI_AGAIN mysql
2026-07-02 11:58:21  [INFO]: Server running on port 3000
2026-07-02 11:58:26  [ERROR]: Database connection failed: getaddrinfo EAI_AGAIN mysql
2026-07-02 11:59:29  [INFO]: Server running on port 3000
2026-07-02 11:59:34  [ERROR]: Database connection failed: getaddrinfo EAI_AGAIN mysql
2026-07-02 12:00:37  [INFO]: Server running on port 3000
2026-07-02 12:00:42  [ERROR]: Database connection failed: getaddrinfo EAI_AGAIN mysql
2026-07-02 12:01:44  [INFO]: Server running on port 3000
2026-07-02 12:01:49  [ERROR]: Database connection failed: getaddrinfo EAI_AGAIN mysql
2026-07-02 12:02:51  [INFO]: Server running on port 3000
2026-07-02 12:02:56  [ERROR]: Database connection failed: getaddrinfo EAI_AGAIN mysql
2026-07-02 12:03:57  [INFO]: Server running on port 3000
2026-07-02 12:04:02  [ERROR]: Database connection failed: getaddrinfo EAI_AGAIN mysql
2026-07-02 12:05:03  [INFO]: Server running on port 3000
2026-07-02 12:05:08  [ERROR]: Database connection failed: getaddrinfo EAI_AGAIN mysql
2026-07-02 12:06:10  [INFO]: Server running on port 3000
2026-07-02 12:06:15  [ERROR]: Database connection failed: getaddrinfo EAI_AGAIN mysql
2026-07-02 12:07:16  [INFO]: Server running on port 3000
2026-07-02 12:07:21  [ERROR]: Database connection failed: getaddrinfo EAI_AGAIN mysql
2026-07-02 12:08:23  [INFO]: Server running on port 3000
2026-07-02 12:08:28  [ERROR]: Database connection failed: getaddrinfo EAI_AGAIN mysql
2026-07-02 12:09:29  [INFO]: Server running on port 3000
2026-07-02 12:09:34  [ERROR]: Database connection failed: getaddrinfo EAI_AGAIN mysql
2026-07-02 12:10:36  [INFO]: Server running on port 3000
2026-07-02 12:10:41  [ERROR]: Database connection failed: getaddrinfo EAI_AGAIN mysql
2026-07-02 12:11:42  [INFO]: Server running on port 3000
2026-07-02 12:11:47  [ERROR]: Database connection failed: getaddrinfo EAI_AGAIN mysql
2026-07-02 12:12:48  [INFO]: Server running on port 3000
2026-07-02 12:12:53  [ERROR]: Database connection failed: getaddrinfo EAI_AGAIN mysql
2026-07-02 12:13:56  [INFO]: Server running on port 3000
2026-07-02 12:14:01  [ERROR]: Database connection failed: getaddrinfo EAI_AGAIN mysql
2026-07-02 12:15:03  [INFO]: Server running on port 3000
2026-07-02 12:15:08  [ERROR]: Database connection failed: getaddrinfo EAI_AGAIN mysql
2026-07-02 12:16:11  [INFO]: Server running on port 3000
2026-07-02 12:16:16  [ERROR]: Database connection failed: getaddrinfo EAI_AGAIN mysql
2026-07-02 12:17:22  [INFO]: Server running on port 3000
2026-07-02 12:17:27  [ERROR]: Database connection failed: getaddrinfo EAI_AGAIN mysql
2026-07-02 12:17:30  [INFO]: Server running on port 3000
2026-07-02 12:17:35  [ERROR]: Database connection failed: getaddrinfo EAI_AGAIN mysql
2026-07-02 12:17:39  [INFO]: Server running on port 3000
2026-07-02 12:17:44  [ERROR]: Database connection failed: getaddrinfo EAI_AGAIN mysql
2026-07-02 12:17:46  [INFO]: Server running on port 3000
2026-07-02 12:17:51  [ERROR]: Database connection failed: getaddrinfo EAI_AGAIN mysql
2026-07-02 12:17:54  [INFO]: Server running on port 3000
2026-07-02 12:17:59  [ERROR]: Database connection failed: getaddrinfo EAI_AGAIN mysql
2026-07-02 12:18:02  [INFO]: Server running on port 3000
2026-07-02 12:18:07  [ERROR]: Database connection failed: getaddrinfo EAI_AGAIN mysql
2026-07-02 12:18:12  [INFO]: Server running on port 3000
2026-07-02 12:18:17  [ERROR]: Database connection failed: getaddrinfo EAI_AGAIN mysql
2026-07-02 12:18:25  [INFO]: Server running on port 3000
2026-07-02 12:18:30  [ERROR]: Database connection failed: getaddrinfo EAI_AGAIN mysql
2026-07-02 12:18:45  [INFO]: Server running on port 3000
2026-07-02 12:18:50  [ERROR]: Database connection failed: getaddrinfo EAI_AGAIN mysql
2026-07-02 12:20:33  [INFO]: Server running on port 3000
2026-07-02 12:20:38  [ERROR]: Database connection failed: getaddrinfo EAI_AGAIN mysql
2026-07-02 12:20:40  [INFO]: Server running on port 3000
2026-07-02 12:20:45  [ERROR]: Database connection failed: getaddrinfo EAI_AGAIN mysql
2026-07-02 12:20:47  [INFO]: Server running on port 3000
2026-07-02 12:20:52  [ERROR]: Database connection failed: getaddrinfo EAI_AGAIN mysql
2026-07-02 12:20:55  [INFO]: Server running on port 3000
2026-07-02 12:21:00  [ERROR]: Database connection failed: getaddrinfo EAI_AGAIN mysql
2026-07-02 12:21:02  [INFO]: Server running on port 3000
2026-07-02 12:21:07  [ERROR]: Database connection failed: getaddrinfo EAI_AGAIN mysql
2026-07-02 12:21:10  [INFO]: Server running on port 3000
2026-07-02 12:21:13  [INFO]: SIGTERM received, closing server...
2026-07-02 12:27:21  [INFO]: Server running on port 3000
2026-07-02 12:27:26  [ERROR]: Database connection failed: getaddrinfo EAI_AGAIN mysql
2026-07-02 12:27:28  [INFO]: Server running on port 3000
2026-07-02 12:27:33  [ERROR]: Database connection failed: getaddrinfo EAI_AGAIN mysql
2026-07-02 12:27:35  [INFO]: Server running on port 3000
2026-07-02 12:27:40  [ERROR]: Database connection failed: getaddrinfo EAI_AGAIN mysql
2026-07-02 12:27:42  [INFO]: Server running on port 3000
2026-07-02 12:27:47  [ERROR]: Database connection failed: getaddrinfo EAI_AGAIN mysql
2026-07-02 12:27:49  [INFO]: Server running on port 3000
2026-07-02 12:27:54  [ERROR]: Database connection failed: getaddrinfo EAI_AGAIN mysql
2026-07-02 12:27:57  [INFO]: Server running on port 3000
2026-07-02 12:28:02  [ERROR]: Database connection failed: getaddrinfo EAI_AGAIN mysql
2026-07-02 12:28:06  [INFO]: Server running on port 3000
2026-07-02 12:28:11  [ERROR]: Database connection failed: getaddrinfo EAI_AGAIN mysql
2026-07-02 12:28:19  [INFO]: Server running on port 3000
2026-07-02 12:28:24  [ERROR]: Database connection failed: getaddrinfo EAI_AGAIN mysql
2026-07-02 12:28:38  [INFO]: Server running on port 3000
2026-07-02 12:28:43  [ERROR]: Database connection failed: getaddrinfo EAI_AGAIN mysql
2026-07-02 12:29:10  [INFO]: Server running on port 3000
2026-07-02 12:29:15  [ERROR]: Database connection failed: getaddrinfo EAI_AGAIN mysql
2026-07-02 12:30:07  [INFO]: Server running on port 3000
2026-07-02 12:30:12  [ERROR]: Database connection failed: getaddrinfo EAI_AGAIN mysql
2026-07-02 12:31:14  [INFO]: Server running on port 3000
2026-07-02 12:31:19  [ERROR]: Database connection failed: getaddrinfo EAI_AGAIN mysql
2026-07-02 12:32:20  [INFO]: Server running on port 3000
2026-07-02 12:32:25  [ERROR]: Database connection failed: getaddrinfo EAI_AGAIN mysql
2026-07-02 12:33:26  [INFO]: Server running on port 3000
2026-07-02 12:33:31  [ERROR]: Database connection failed: getaddrinfo EAI_AGAIN mysql
2026-07-02 12:37:17  [INFO]: Server running on port 3000
2026-07-02 12:37:22  [ERROR]: Database connection failed: getaddrinfo EAI_AGAIN mysql
2026-07-02 12:37:24  [INFO]: Server running on port 3000
2026-07-02 12:37:29  [ERROR]: Database connection failed: getaddrinfo EAI_AGAIN mysql
2026-07-02 12:37:31  [INFO]: Server running on port 3000
2026-07-02 12:37:36  [ERROR]: Database connection failed: getaddrinfo EAI_AGAIN mysql
2026-07-02 12:37:38  [INFO]: Server running on port 3000
2026-07-02 12:37:43  [ERROR]: Database connection failed: getaddrinfo EAI_AGAIN mysql
2026-07-02 12:37:46  [INFO]: Server running on port 3000
2026-07-02 12:37:51  [ERROR]: Database connection failed: getaddrinfo EAI_AGAIN mysql
2026-07-02 12:37:54  [INFO]: Server running on port 3000
2026-07-02 12:37:59  [ERROR]: Database connection failed: getaddrinfo EAI_AGAIN mysql
2026-07-02 12:38:03  [INFO]: Server running on port 3000
2026-07-02 12:38:08  [ERROR]: Database connection failed: getaddrinfo EAI_AGAIN mysql
2026-07-02 12:38:16  [INFO]: Server running on port 3000
2026-07-02 12:38:21  [ERROR]: Database connection failed: getaddrinfo EAI_AGAIN mysql
2026-07-02 12:38:35  [INFO]: Server running on port 3000
2026-07-02 12:38:40  [ERROR]: Database connection failed: getaddrinfo EAI_AGAIN mysql
2026-07-02 12:39:07  [INFO]: Server running on port 3000
2026-07-02 12:39:12  [ERROR]: Database connection failed: getaddrinfo EAI_AGAIN mysql
2026-07-02 12:40:04  [INFO]: Server running on port 3000
2026-07-02 12:40:09  [ERROR]: Database connection failed: getaddrinfo EAI_AGAIN mysql
2026-07-02 12:41:10  [INFO]: Server running on port 3000
2026-07-02 12:41:15  [ERROR]: Database connection failed: getaddrinfo EAI_AGAIN mysql
2026-07-02 12:42:16  [INFO]: Server running on port 3000
2026-07-02 12:42:21  [ERROR]: Database connection failed: getaddrinfo EAI_AGAIN mysql
2026-07-02 12:43:22  [INFO]: Server running on port 3000
2026-07-02 12:43:27  [ERROR]: Database connection failed: getaddrinfo EAI_AGAIN mysql
2026-07-02 12:44:28  [INFO]: Server running on port 3000
2026-07-02 12:44:33  [ERROR]: Database connection failed: getaddrinfo EAI_AGAIN mysql
2026-07-02 12:45:34  [INFO]: Server running on port 3000
2026-07-02 12:45:39  [ERROR]: Database connection failed: getaddrinfo EAI_AGAIN mysql
2026-07-02 12:46:40  [INFO]: Server running on port 3000
2026-07-02 12:46:45  [ERROR]: Database connection failed: getaddrinfo EAI_AGAIN mysql
2026-07-02 12:47:46  [INFO]: Server running on port 3000
2026-07-02 12:47:51  [ERROR]: Database connection failed: getaddrinfo EAI_AGAIN mysql
2026-07-02 12:48:51  [INFO]: Server running on port 3000
2026-07-02 12:48:56  [ERROR]: Database connection failed: getaddrinfo EAI_AGAIN mysql
2026-07-02 12:49:57  [INFO]: Server running on port 3000
2026-07-02 12:50:02  [ERROR]: Database connection failed: getaddrinfo EAI_AGAIN mysql
2026-07-02 12:51:03  [INFO]: Server running on port 3000
2026-07-02 12:51:08  [ERROR]: Database connection failed: getaddrinfo EAI_AGAIN mysql
2026-07-02 12:52:09  [INFO]: Server running on port 3000
2026-07-02 12:52:14  [ERROR]: Database connection failed: getaddrinfo EAI_AGAIN mysql
2026-07-02 12:53:15  [INFO]: Server running on port 3000
2026-07-02 12:53:20  [ERROR]: Database connection failed: getaddrinfo EAI_AGAIN mysql
2026-07-02 12:54:20  [INFO]: Server running on port 3000
2026-07-02 12:54:25  [ERROR]: Database connection failed: getaddrinfo EAI_AGAIN mysql
2026-07-02 12:55:26  [INFO]: Server running on port 3000
2026-07-02 12:55:31  [ERROR]: Database connection failed: getaddrinfo EAI_AGAIN mysql
2026-07-02 12:56:32  [INFO]: Server running on port 3000
2026-07-02 12:56:37  [ERROR]: Database connection failed: getaddrinfo EAI_AGAIN mysql
2026-07-02 12:57:38  [INFO]: Server running on port 3000
2026-07-02 12:57:43  [ERROR]: Database connection failed: getaddrinfo EAI_AGAIN mysql
2026-07-02 12:58:43  [INFO]: Server running on port 3000
2026-07-02 12:58:48  [ERROR]: Database connection failed: getaddrinfo EAI_AGAIN mysql
2026-07-02 12:59:49  [INFO]: Server running on port 3000
2026-07-02 12:59:54  [ERROR]: Database connection failed: getaddrinfo EAI_AGAIN mysql
2026-07-02 13:00:55  [INFO]: Server running on port 3000
2026-07-02 13:01:00  [ERROR]: Database connection failed: getaddrinfo EAI_AGAIN mysql
2026-07-02 13:02:01  [INFO]: Server running on port 3000
2026-07-02 13:02:06  [ERROR]: Database connection failed: getaddrinfo EAI_AGAIN mysql
2026-07-02 13:03:06  [INFO]: Server running on port 3000
2026-07-02 13:03:11  [ERROR]: Database connection failed: getaddrinfo EAI_AGAIN mysql
2026-07-02 13:04:12  [INFO]: Server running on port 3000
2026-07-02 13:04:17  [ERROR]: Database connection failed: getaddrinfo EAI_AGAIN mysql
2026-07-02 13:05:18  [INFO]: Server running on port 3000
2026-07-02 13:05:22  [INFO]: SIGTERM received, closing server...
2026-07-02 13:07:25  [INFO]: Server running on port 3000
2026-07-02 13:07:30  [ERROR]: Database connection failed: getaddrinfo EAI_AGAIN mysql
2026-07-02 13:07:31  [INFO]: Server running on port 3000
2026-07-02 13:07:36  [ERROR]: Database connection failed: getaddrinfo EAI_AGAIN mysql
2026-07-02 13:07:38  [INFO]: Server running on port 3000
2026-07-02 13:07:43  [ERROR]: Database connection failed: getaddrinfo EAI_AGAIN mysql
2026-07-02 13:07:44  [INFO]: Server running on port 3000
2026-07-02 13:07:49  [ERROR]: Database connection failed: getaddrinfo EAI_AGAIN mysql
2026-07-02 13:07:51  [INFO]: Server running on port 3000
2026-07-02 13:07:56  [ERROR]: Database connection failed: getaddrinfo EAI_AGAIN mysql
2026-07-02 13:07:58  [INFO]: Server running on port 3000
2026-07-02 13:08:03  [ERROR]: Database connection failed: getaddrinfo EAI_AGAIN mysql
2026-07-02 13:08:07  [INFO]: Server running on port 3000
2026-07-02 13:08:12  [ERROR]: Database connection failed: getaddrinfo EAI_AGAIN mysql
2026-07-02 13:08:19  [INFO]: Server running on port 3000
2026-07-02 13:08:24  [ERROR]: Database connection failed: getaddrinfo EAI_AGAIN mysql
2026-07-02 13:08:38  [INFO]: Server running on port 3000
2026-07-02 13:08:43  [ERROR]: Database connection failed: getaddrinfo EAI_AGAIN mysql
2026-07-02 13:25:20  [INFO]: Server running on port 3000
2026-07-02 13:25:25  [ERROR]: Database connection failed: getaddrinfo EAI_AGAIN mysql
2026-07-02 13:25:26  [INFO]: Server running on port 3000
2026-07-02 13:25:31  [ERROR]: Database connection failed: getaddrinfo EAI_AGAIN mysql
2026-07-02 13:25:33  [INFO]: Server running on port 3000
2026-07-02 13:25:38  [ERROR]: Database connection failed: getaddrinfo EAI_AGAIN mysql
2026-07-02 13:25:40  [INFO]: Server running on port 3000
2026-07-02 13:25:45  [ERROR]: Database connection failed: getaddrinfo EAI_AGAIN mysql
2026-07-02 13:25:47  [INFO]: Server running on port 3000
2026-07-02 13:25:52  [ERROR]: Database connection failed: getaddrinfo EAI_AGAIN mysql
2026-07-02 13:25:55  [INFO]: Server running on port 3000
2026-07-02 13:26:00  [ERROR]: Database connection failed: getaddrinfo EAI_AGAIN mysql
2026-07-02 13:26:05  [INFO]: Server running on port 3000
2026-07-02 13:26:10  [ERROR]: Database connection failed: getaddrinfo EAI_AGAIN mysql
2026-07-02 13:26:17  [INFO]: Server running on port 3000
2026-07-02 13:26:22  [ERROR]: Database connection failed: getaddrinfo EAI_AGAIN mysql
2026-07-02 13:26:36  [INFO]: Server running on port 3000
2026-07-02 13:26:41  [ERROR]: Database connection failed: getaddrinfo EAI_AGAIN mysql
2026-07-02 13:27:08  [INFO]: Server running on port 3000
2026-07-02 13:27:13  [ERROR]: Database connection failed: getaddrinfo EAI_AGAIN mysql
2026-07-02 15:21:22  [INFO]: Server running on port 3000
2026-07-02 15:21:27  [ERROR]: Database connection failed: getaddrinfo EAI_AGAIN mysql
2026-07-02 15:21:29  [INFO]: Server running on port 3000
2026-07-02 15:21:34  [ERROR]: Database connection failed: getaddrinfo EAI_AGAIN mysql
2026-07-02 15:21:35  [INFO]: Server running on port 3000
2026-07-02 15:21:40  [ERROR]: Database connection failed: getaddrinfo EAI_AGAIN mysql
2026-07-02 15:21:42  [INFO]: Server running on port 3000
2026-07-02 15:21:47  [ERROR]: Database connection failed: getaddrinfo EAI_AGAIN mysql
2026-07-02 15:21:49  [INFO]: Server running on port 3000
2026-07-02 15:21:54  [ERROR]: Database connection failed: getaddrinfo EAI_AGAIN mysql
2026-07-02 15:21:57  [INFO]: Server running on port 3000
2026-07-02 15:22:02  [ERROR]: Database connection failed: getaddrinfo EAI_AGAIN mysql
2026-07-02 15:22:08  [INFO]: Server running on port 3000
2026-07-02 15:22:13  [ERROR]: Database connection failed: getaddrinfo EAI_AGAIN mysql
2026-07-02 15:22:20  [INFO]: Server running on port 3000
2026-07-02 15:22:25  [ERROR]: Database connection failed: getaddrinfo EAI_AGAIN mysql
2026-07-02 15:22:40  [INFO]: Server running on port 3000
2026-07-02 15:22:45  [ERROR]: Database connection failed: getaddrinfo EAI_AGAIN mysql
2026-07-02 15:23:12  [INFO]: Server running on port 3000
2026-07-02 15:23:17  [ERROR]: Database connection failed: getaddrinfo EAI_AGAIN mysql
2026-07-02 15:24:10  [INFO]: Server running on port 3000
2026-07-02 15:24:15  [ERROR]: Database connection failed: getaddrinfo EAI_AGAIN mysql
2026-07-02 15:31:13  [INFO]: Server running on port 3000
2026-07-02 15:31:18  [ERROR]: Database connection failed: getaddrinfo EAI_AGAIN mysql
2026-07-02 15:31:20  [INFO]: Server running on port 3000
2026-07-02 15:31:25  [ERROR]: Database connection failed: getaddrinfo EAI_AGAIN mysql
2026-07-02 15:31:27  [INFO]: Server running on port 3000
2026-07-02 15:31:32  [ERROR]: Database connection failed: getaddrinfo EAI_AGAIN mysql
2026-07-02 15:31:35  [INFO]: Server running on port 3000
2026-07-02 15:31:40  [ERROR]: Database connection failed: getaddrinfo EAI_AGAIN mysql
2026-07-02 15:31:42  [INFO]: Server running on port 3000
2026-07-02 15:31:47  [ERROR]: Database connection failed: getaddrinfo EAI_AGAIN mysql
2026-07-02 15:31:51  [INFO]: Server running on port 3000
2026-07-02 15:31:56  [ERROR]: Database connection failed: getaddrinfo EAI_AGAIN mysql
2026-07-02 15:40:15  [INFO]: Server running on port 3000
2026-07-02 15:40:20  [ERROR]: Database connection failed: getaddrinfo EAI_AGAIN mysql
2026-07-02 15:40:22  [INFO]: Server running on port 3000
2026-07-02 15:40:27  [ERROR]: Database connection failed: getaddrinfo EAI_AGAIN mysql
2026-07-02 15:40:28  [INFO]: Server running on port 3000
2026-07-02 15:40:33  [ERROR]: Database connection failed: getaddrinfo EAI_AGAIN mysql
2026-07-02 15:40:35  [INFO]: Server running on port 3000
2026-07-02 15:40:40  [ERROR]: Database connection failed: getaddrinfo EAI_AGAIN mysql
2026-07-02 15:40:42  [INFO]: Server running on port 3000
2026-07-02 15:40:47  [ERROR]: Database connection failed: getaddrinfo EAI_AGAIN mysql
2026-07-02 15:40:49  [INFO]: Server running on port 3000
2026-07-02 15:40:54  [ERROR]: Database connection failed: getaddrinfo EAI_AGAIN mysql
2026-07-02 15:40:59  [INFO]: Server running on port 3000
2026-07-02 15:41:04  [ERROR]: Database connection failed: getaddrinfo EAI_AGAIN mysql
2026-07-02 15:41:11  [INFO]: Server running on port 3000
2026-07-02 15:41:16  [ERROR]: Database connection failed: getaddrinfo EAI_AGAIN mysql
2026-07-02 15:41:30  [INFO]: Server running on port 3000
2026-07-02 15:41:35  [ERROR]: Database connection failed: getaddrinfo EAI_AGAIN mysql
2026-07-02 15:42:02  [INFO]: Server running on port 3000
2026-07-02 15:42:07  [ERROR]: Database connection failed: getaddrinfo EAI_AGAIN mysql
2026-07-02 15:43:00  [INFO]: Server running on port 3000
2026-07-02 15:43:05  [ERROR]: Database connection failed: getaddrinfo EAI_AGAIN mysql
2026-07-02 15:44:06  [INFO]: Server running on port 3000
2026-07-02 15:44:11  [ERROR]: Database connection failed: getaddrinfo EAI_AGAIN mysql
2026-07-02 15:45:12  [INFO]: Server running on port 3000
2026-07-02 15:45:17  [ERROR]: Database connection failed: getaddrinfo EAI_AGAIN mysql
2026-07-02 15:46:19  [INFO]: Server running on port 3000
2026-07-02 15:46:24  [ERROR]: Database connection failed: getaddrinfo EAI_AGAIN mysql
2026-07-02 15:47:25  [INFO]: Server running on port 3000
2026-07-02 15:47:30  [ERROR]: Database connection failed: getaddrinfo EAI_AGAIN mysql
2026-07-02 15:48:32  [INFO]: Server running on port 3000
2026-07-02 15:48:37  [ERROR]: Database connection failed: getaddrinfo EAI_AGAIN mysql
2026-07-02 15:49:38  [INFO]: Server running on port 3000
2026-07-02 15:49:43  [ERROR]: Database connection failed: getaddrinfo EAI_AGAIN mysql
2026-07-02 15:50:44  [INFO]: Server running on port 3000
2026-07-02 15:50:49  [ERROR]: Database connection failed: getaddrinfo EAI_AGAIN mysql
2026-07-02 15:51:51  [INFO]: Server running on port 3000
2026-07-02 15:51:56  [ERROR]: Database connection failed: getaddrinfo EAI_AGAIN mysql
2026-07-02 15:52:57  [INFO]: Server running on port 3000
2026-07-02 15:53:02  [ERROR]: Database connection failed: getaddrinfo EAI_AGAIN mysql
2026-07-02 15:54:04  [INFO]: Server running on port 3000
2026-07-02 15:54:09  [ERROR]: Database connection failed: getaddrinfo EAI_AGAIN mysql
2026-07-02 15:55:10  [INFO]: Server running on port 3000
2026-07-02 15:55:15  [ERROR]: Database connection failed: getaddrinfo EAI_AGAIN mysql
2026-07-02 15:56:16  [INFO]: Server running on port 3000
2026-07-02 15:56:21  [ERROR]: Database connection failed: getaddrinfo EAI_AGAIN mysql
2026-07-02 15:57:23  [INFO]: Server running on port 3000
2026-07-02 15:57:28  [ERROR]: Database connection failed: getaddrinfo EAI_AGAIN mysql
2026-07-02 15:58:29  [INFO]: Server running on port 3000
2026-07-02 15:58:34  [ERROR]: Database connection failed: getaddrinfo EAI_AGAIN mysql
2026-07-02 15:59:35  [INFO]: Server running on port 3000
2026-07-02 15:59:40  [ERROR]: Database connection failed: getaddrinfo EAI_AGAIN mysql
2026-07-02 16:00:42  [INFO]: Server running on port 3000
2026-07-02 16:00:47  [ERROR]: Database connection failed: getaddrinfo EAI_AGAIN mysql
2026-07-02 16:01:48  [INFO]: Server running on port 3000
2026-07-02 16:01:53  [ERROR]: Database connection failed: getaddrinfo EAI_AGAIN mysql
2026-07-02 16:02:54  [INFO]: Server running on port 3000
2026-07-02 16:02:59  [ERROR]: Database connection failed: getaddrinfo EAI_AGAIN mysql
2026-07-02 16:04:01  [INFO]: Server running on port 3000
2026-07-02 16:04:06  [ERROR]: Database connection failed: getaddrinfo EAI_AGAIN mysql
2026-07-02 16:05:07  [INFO]: Server running on port 3000
2026-07-02 16:05:12  [ERROR]: Database connection failed: getaddrinfo EAI_AGAIN mysql
2026-07-02 16:06:13  [INFO]: Server running on port 3000
2026-07-02 16:06:18  [ERROR]: Database connection failed: getaddrinfo EAI_AGAIN mysql
2026-07-02 16:07:20  [INFO]: Server running on port 3000
2026-07-02 16:07:25  [ERROR]: Database connection failed: getaddrinfo EAI_AGAIN mysql
2026-07-02 16:08:27  [INFO]: Server running on port 3000
2026-07-02 16:08:32  [ERROR]: Database connection failed: getaddrinfo EAI_AGAIN mysql
2026-07-02 16:09:33  [INFO]: Server running on port 3000
2026-07-02 16:09:38  [ERROR]: Database connection failed: getaddrinfo EAI_AGAIN mysql
2026-07-02 16:10:39  [INFO]: Server running on port 3000
2026-07-02 16:10:44  [ERROR]: Database connection failed: getaddrinfo EAI_AGAIN mysql
2026-07-02 16:11:45  [INFO]: Server running on port 3000
2026-07-02 16:11:50  [ERROR]: Database connection failed: getaddrinfo EAI_AGAIN mysql
2026-07-02 16:12:51  [INFO]: Server running on port 3000
2026-07-02 16:12:56  [ERROR]: Database connection failed: getaddrinfo EAI_AGAIN mysql
2026-07-02 16:13:56  [INFO]: Server running on port 3000
2026-07-02 16:14:01  [ERROR]: Database connection failed: getaddrinfo EAI_AGAIN mysql
2026-07-02 16:15:02  [INFO]: Server running on port 3000
2026-07-02 16:15:07  [ERROR]: Database connection failed: getaddrinfo EAI_AGAIN mysql
2026-07-02 16:16:08  [INFO]: Server running on port 3000
2026-07-02 16:16:13  [ERROR]: Database connection failed: getaddrinfo EAI_AGAIN mysql
2026-07-02 16:17:14  [INFO]: Server running on port 3000
2026-07-02 16:17:19  [ERROR]: Database connection failed: getaddrinfo EAI_AGAIN mysql
2026-07-02 16:18:19  [INFO]: Server running on port 3000
2026-07-02 16:18:24  [ERROR]: Database connection failed: getaddrinfo EAI_AGAIN mysql
2026-07-02 16:19:25  [INFO]: Server running on port 3000
2026-07-02 16:19:30  [ERROR]: Database connection failed: getaddrinfo EAI_AGAIN mysql
2026-07-02 16:20:31  [INFO]: Server running on port 3000
2026-07-02 16:20:36  [ERROR]: Database connection failed: getaddrinfo EAI_AGAIN mysql
2026-07-02 16:21:37  [INFO]: Server running on port 3000
2026-07-02 16:21:42  [ERROR]: Database connection failed: getaddrinfo EAI_AGAIN mysql
2026-07-02 16:22:42  [INFO]: Server running on port 3000
2026-07-02 16:22:47  [ERROR]: Database connection failed: getaddrinfo EAI_AGAIN mysql
2026-07-02 16:23:48  [INFO]: Server running on port 3000
2026-07-02 16:23:53  [ERROR]: Database connection failed: getaddrinfo EAI_AGAIN mysql
2026-07-02 16:24:54  [INFO]: Server running on port 3000
2026-07-02 16:24:59  [ERROR]: Database connection failed: getaddrinfo EAI_AGAIN mysql
2026-07-02 16:26:00  [INFO]: Server running on port 3000
2026-07-02 16:26:05  [ERROR]: Database connection failed: getaddrinfo EAI_AGAIN mysql
2026-07-02 16:27:05  [INFO]: Server running on port 3000
2026-07-02 16:27:10  [ERROR]: Database connection failed: getaddrinfo EAI_AGAIN mysql
2026-07-02 16:28:11  [INFO]: Server running on port 3000
2026-07-02 16:28:16  [ERROR]: Database connection failed: getaddrinfo EAI_AGAIN mysql
2026-07-02 16:29:17  [INFO]: Server running on port 3000
2026-07-02 16:29:22  [ERROR]: Database connection failed: getaddrinfo EAI_AGAIN mysql
2026-07-02 16:30:23  [INFO]: Server running on port 3000
2026-07-02 16:30:28  [ERROR]: Database connection failed: getaddrinfo EAI_AGAIN mysql
2026-07-02 16:31:28  [INFO]: Server running on port 3000
2026-07-02 16:31:33  [ERROR]: Database connection failed: getaddrinfo EAI_AGAIN mysql
2026-07-02 16:32:34  [INFO]: Server running on port 3000
2026-07-02 16:32:39  [ERROR]: Database connection failed: getaddrinfo EAI_AGAIN mysql
2026-07-02 16:33:40  [INFO]: Server running on port 3000
2026-07-02 16:33:45  [ERROR]: Database connection failed: getaddrinfo EAI_AGAIN mysql
2026-07-02 16:34:45  [INFO]: Server running on port 3000
2026-07-02 16:34:50  [ERROR]: Database connection failed: getaddrinfo EAI_AGAIN mysql
2026-07-02 16:35:51  [INFO]: Server running on port 3000
2026-07-02 16:35:56  [ERROR]: Database connection failed: getaddrinfo EAI_AGAIN mysql
2026-07-02 16:36:57  [INFO]: Server running on port 3000
2026-07-02 16:37:02  [ERROR]: Database connection failed: getaddrinfo EAI_AGAIN mysql
2026-07-02 16:38:03  [INFO]: Server running on port 3000
2026-07-02 16:38:08  [ERROR]: Database connection failed: getaddrinfo EAI_AGAIN mysql
2026-07-02 16:39:08  [INFO]: Server running on port 3000
2026-07-02 16:39:13  [ERROR]: Database connection failed: getaddrinfo EAI_AGAIN mysql
2026-07-02 16:40:14  [INFO]: Server running on port 3000
2026-07-02 16:40:19  [ERROR]: Database connection failed: getaddrinfo EAI_AGAIN mysql
2026-07-02 16:41:20  [INFO]: Server running on port 3000
2026-07-02 16:41:25  [ERROR]: Database connection failed: getaddrinfo EAI_AGAIN mysql
2026-07-02 16:42:26  [INFO]: Server running on port 3000
2026-07-02 16:42:31  [ERROR]: Database connection failed: getaddrinfo EAI_AGAIN mysql
2026-07-02 16:43:31  [INFO]: Server running on port 3000
2026-07-02 16:43:36  [ERROR]: Database connection failed: getaddrinfo EAI_AGAIN mysql
2026-07-02 16:44:37  [INFO]: Server running on port 3000
2026-07-02 16:44:42  [ERROR]: Database connection failed: getaddrinfo EAI_AGAIN mysql
2026-07-02 16:45:43  [INFO]: Server running on port 3000
2026-07-02 16:45:48  [ERROR]: Database connection failed: getaddrinfo EAI_AGAIN mysql
2026-07-02 16:46:49  [INFO]: Server running on port 3000
2026-07-02 16:46:54  [ERROR]: Database connection failed: getaddrinfo EAI_AGAIN mysql
2026-07-02 16:47:54  [INFO]: Server running on port 3000
2026-07-02 16:47:59  [ERROR]: Database connection failed: getaddrinfo EAI_AGAIN mysql
2026-07-02 16:49:00  [INFO]: Server running on port 3000
2026-07-02 16:49:05  [ERROR]: Database connection failed: getaddrinfo EAI_AGAIN mysql
2026-07-02 16:50:06  [INFO]: Server running on port 3000
2026-07-02 16:50:11  [ERROR]: Database connection failed: getaddrinfo EAI_AGAIN mysql
2026-07-02 16:51:11  [INFO]: Server running on port 3000
2026-07-02 16:51:16  [ERROR]: Database connection failed: getaddrinfo EAI_AGAIN mysql
2026-07-02 16:52:17  [INFO]: Server running on port 3000
2026-07-02 16:52:22  [ERROR]: Database connection failed: getaddrinfo EAI_AGAIN mysql
2026-07-02 16:53:23  [INFO]: Server running on port 3000
2026-07-02 16:53:28  [ERROR]: Database connection failed: getaddrinfo EAI_AGAIN mysql
2026-07-02 16:54:29  [INFO]: Server running on port 3000
2026-07-02 16:54:34  [ERROR]: Database connection failed: getaddrinfo EAI_AGAIN mysql
2026-07-02 16:55:34  [INFO]: Server running on port 3000
2026-07-02 16:55:39  [ERROR]: Database connection failed: getaddrinfo EAI_AGAIN mysql
2026-07-02 16:56:40  [INFO]: Server running on port 3000
2026-07-02 16:56:45  [ERROR]: Database connection failed: getaddrinfo EAI_AGAIN mysql
2026-07-02 16:57:46  [INFO]: Server running on port 3000
2026-07-02 16:57:51  [ERROR]: Database connection failed: getaddrinfo EAI_AGAIN mysql
2026-07-02 16:58:52  [INFO]: Server running on port 3000
2026-07-02 16:58:57  [ERROR]: Database connection failed: getaddrinfo EAI_AGAIN mysql
2026-07-02 16:59:57  [INFO]: Server running on port 3000
2026-07-02 17:00:02  [ERROR]: Database connection failed: getaddrinfo EAI_AGAIN mysql
2026-07-02 17:01:03  [INFO]: Server running on port 3000
2026-07-02 17:01:08  [ERROR]: Database connection failed: getaddrinfo EAI_AGAIN mysql
2026-07-02 17:02:09  [INFO]: Server running on port 3000
2026-07-02 17:02:14  [ERROR]: Database connection failed: getaddrinfo EAI_AGAIN mysql
2026-07-02 17:03:15  [INFO]: Server running on port 3000
2026-07-02 17:03:20  [ERROR]: Database connection failed: getaddrinfo EAI_AGAIN mysql
2026-07-02 17:04:20  [INFO]: Server running on port 3000
2026-07-02 17:04:25  [ERROR]: Database connection failed: getaddrinfo EAI_AGAIN mysql
2026-07-02 17:05:26  [INFO]: Server running on port 3000
2026-07-02 17:05:31  [ERROR]: Database connection failed: getaddrinfo EAI_AGAIN mysql
2026-07-02 17:06:32  [INFO]: Server running on port 3000
2026-07-02 17:06:37  [ERROR]: Database connection failed: getaddrinfo EAI_AGAIN mysql
2026-07-02 17:07:37  [INFO]: Server running on port 3000
2026-07-02 17:07:42  [ERROR]: Database connection failed: getaddrinfo EAI_AGAIN mysql
2026-07-02 17:08:43  [INFO]: Server running on port 3000
2026-07-02 17:08:48  [ERROR]: Database connection failed: getaddrinfo EAI_AGAIN mysql
2026-07-02 17:09:49  [INFO]: Server running on port 3000
2026-07-02 17:09:54  [ERROR]: Database connection failed: getaddrinfo EAI_AGAIN mysql
2026-07-02 17:10:55  [INFO]: Server running on port 3000
2026-07-02 17:11:00  [ERROR]: Database connection failed: getaddrinfo EAI_AGAIN mysql
2026-07-02 17:12:01  [INFO]: Server running on port 3000
2026-07-02 17:12:06  [ERROR]: Database connection failed: getaddrinfo EAI_AGAIN mysql
2026-07-02 17:13:06  [INFO]: Server running on port 3000
2026-07-02 17:13:11  [ERROR]: Database connection failed: getaddrinfo EAI_AGAIN mysql
2026-07-02 17:14:12  [INFO]: Server running on port 3000
2026-07-02 17:14:17  [ERROR]: Database connection failed: getaddrinfo EAI_AGAIN mysql
2026-07-02 17:15:18  [INFO]: Server running on port 3000
2026-07-02 17:15:23  [ERROR]: Database connection failed: getaddrinfo EAI_AGAIN mysql
2026-07-02 17:16:23  [INFO]: Server running on port 3000
2026-07-02 17:16:28  [ERROR]: Database connection failed: getaddrinfo EAI_AGAIN mysql
2026-07-02 17:17:29  [INFO]: Server running on port 3000
2026-07-02 17:17:34  [ERROR]: Database connection failed: getaddrinfo EAI_AGAIN mysql
2026-07-02 17:18:35  [INFO]: Server running on port 3000
2026-07-02 17:18:40  [ERROR]: Database connection failed: getaddrinfo EAI_AGAIN mysql
2026-07-02 17:19:41  [INFO]: Server running on port 3000
2026-07-02 17:19:46  [ERROR]: Database connection failed: getaddrinfo EAI_AGAIN mysql
2026-07-02 17:20:46  [INFO]: Server running on port 3000
2026-07-02 17:20:51  [ERROR]: Database connection failed: getaddrinfo EAI_AGAIN mysql
2026-07-02 17:21:52  [INFO]: Server running on port 3000
2026-07-02 17:21:57  [ERROR]: Database connection failed: getaddrinfo EAI_AGAIN mysql
2026-07-02 17:22:58  [INFO]: Server running on port 3000
2026-07-02 17:23:03  [ERROR]: Database connection failed: getaddrinfo EAI_AGAIN mysql
2026-07-02 17:24:04  [INFO]: Server running on port 3000
2026-07-02 17:24:09  [ERROR]: Database connection failed: getaddrinfo EAI_AGAIN mysql
2026-07-02 17:25:09  [INFO]: Server running on port 3000
2026-07-02 17:25:14  [ERROR]: Database connection failed: getaddrinfo EAI_AGAIN mysql
2026-07-02 17:26:15  [INFO]: Server running on port 3000
2026-07-02 17:26:20  [ERROR]: Database connection failed: getaddrinfo EAI_AGAIN mysql
2026-07-02 17:27:21  [INFO]: Server running on port 3000
2026-07-02 17:27:26  [ERROR]: Database connection failed: getaddrinfo EAI_AGAIN mysql
2026-07-02 17:28:26  [INFO]: Server running on port 3000
2026-07-02 17:28:31  [ERROR]: Database connection failed: getaddrinfo EAI_AGAIN mysql
2026-07-02 17:29:32  [INFO]: Server running on port 3000
2026-07-02 17:29:37  [ERROR]: Database connection failed: getaddrinfo EAI_AGAIN mysql
2026-07-02 17:30:38  [INFO]: Server running on port 3000
2026-07-02 17:30:43  [ERROR]: Database connection failed: getaddrinfo EAI_AGAIN mysql
2026-07-02 17:31:44  [INFO]: Server running on port 3000
2026-07-02 17:31:49  [ERROR]: Database connection failed: getaddrinfo EAI_AGAIN mysql
2026-07-02 17:32:49  [INFO]: Server running on port 3000
2026-07-02 17:32:54  [ERROR]: Database connection failed: getaddrinfo EAI_AGAIN mysql
2026-07-02 17:33:55  [INFO]: Server running on port 3000
2026-07-02 17:34:00  [ERROR]: Database connection failed: getaddrinfo EAI_AGAIN mysql
2026-07-02 17:35:01  [INFO]: Server running on port 3000
2026-07-02 17:35:06  [ERROR]: Database connection failed: getaddrinfo EAI_AGAIN mysql
2026-07-02 17:36:07  [INFO]: Server running on port 3000
2026-07-02 17:36:12  [ERROR]: Database connection failed: getaddrinfo EAI_AGAIN mysql
2026-07-02 17:37:12  [INFO]: Server running on port 3000
2026-07-02 17:37:17  [ERROR]: Database connection failed: getaddrinfo EAI_AGAIN mysql
2026-07-02 17:38:18  [INFO]: Server running on port 3000
2026-07-02 17:38:23  [ERROR]: Database connection failed: getaddrinfo EAI_AGAIN mysql
2026-07-02 17:39:24  [INFO]: Server running on port 3000
2026-07-02 17:39:29  [ERROR]: Database connection failed: getaddrinfo EAI_AGAIN mysql
2026-07-02 17:40:30  [INFO]: Server running on port 3000
2026-07-02 17:40:35  [ERROR]: Database connection failed: getaddrinfo EAI_AGAIN mysql
2026-07-02 17:41:35  [INFO]: Server running on port 3000
2026-07-02 17:41:40  [ERROR]: Database connection failed: getaddrinfo EAI_AGAIN mysql
2026-07-02 17:42:41  [INFO]: Server running on port 3000
2026-07-02 17:42:46  [ERROR]: Database connection failed: getaddrinfo EAI_AGAIN mysql
2026-07-02 17:43:47  [INFO]: Server running on port 3000
2026-07-02 17:43:52  [ERROR]: Database connection failed: getaddrinfo EAI_AGAIN mysql
2026-07-02 17:44:52  [INFO]: Server running on port 3000
2026-07-02 17:44:57  [ERROR]: Database connection failed: getaddrinfo EAI_AGAIN mysql
2026-07-02 17:45:58  [INFO]: Server running on port 3000
2026-07-02 17:46:03  [ERROR]: Database connection failed: getaddrinfo EAI_AGAIN mysql
2026-07-02 17:47:04  [INFO]: Server running on port 3000
2026-07-02 17:47:09  [ERROR]: Database connection failed: getaddrinfo EAI_AGAIN mysql
2026-07-02 17:48:10  [INFO]: Server running on port 3000
2026-07-02 17:48:15  [ERROR]: Database connection failed: getaddrinfo EAI_AGAIN mysql
2026-07-02 17:49:15  [INFO]: Server running on port 3000
2026-07-02 17:49:20  [ERROR]: Database connection failed: getaddrinfo EAI_AGAIN mysql
2026-07-02 17:50:21  [INFO]: Server running on port 3000
2026-07-02 17:50:26  [ERROR]: Database connection failed: getaddrinfo EAI_AGAIN mysql
2026-07-02 17:51:27  [INFO]: Server running on port 3000
2026-07-02 17:51:32  [ERROR]: Database connection failed: getaddrinfo EAI_AGAIN mysql
2026-07-02 17:52:33  [INFO]: Server running on port 3000
2026-07-02 17:52:38  [ERROR]: Database connection failed: getaddrinfo EAI_AGAIN mysql
2026-07-02 17:53:38  [INFO]: Server running on port 3000
2026-07-02 17:53:43  [ERROR]: Database connection failed: getaddrinfo EAI_AGAIN mysql
2026-07-02 17:54:44  [INFO]: Server running on port 3000
2026-07-02 17:54:49  [ERROR]: Database connection failed: getaddrinfo EAI_AGAIN mysql
2026-07-02 17:55:50  [INFO]: Server running on port 3000
2026-07-02 17:55:55  [ERROR]: Database connection failed: getaddrinfo EAI_AGAIN mysql
2026-07-02 17:56:55  [INFO]: Server running on port 3000
2026-07-02 17:57:00  [ERROR]: Database connection failed: getaddrinfo EAI_AGAIN mysql
2026-07-02 17:58:01  [INFO]: Server running on port 3000
2026-07-02 17:58:06  [ERROR]: Database connection failed: getaddrinfo EAI_AGAIN mysql
2026-07-02 17:59:07  [INFO]: Server running on port 3000
2026-07-02 17:59:12  [ERROR]: Database connection failed: getaddrinfo EAI_AGAIN mysql
2026-07-02 18:00:13  [INFO]: Server running on port 3000
2026-07-02 18:00:18  [ERROR]: Database connection failed: getaddrinfo EAI_AGAIN mysql
2026-07-02 18:01:18  [INFO]: Server running on port 3000
2026-07-02 18:01:23  [ERROR]: Database connection failed: getaddrinfo EAI_AGAIN mysql
2026-07-02 18:02:24  [INFO]: Server running on port 3000
2026-07-02 18:02:29  [ERROR]: Database connection failed: getaddrinfo EAI_AGAIN mysql
2026-07-02 18:03:30  [INFO]: Server running on port 3000
2026-07-02 18:03:35  [ERROR]: Database connection failed: getaddrinfo EAI_AGAIN mysql
2026-07-02 18:04:36  [INFO]: Server running on port 3000
2026-07-02 18:04:41  [ERROR]: Database connection failed: getaddrinfo EAI_AGAIN mysql
2026-07-02 18:05:41  [INFO]: Server running on port 3000
2026-07-02 18:05:46  [ERROR]: Database connection failed: getaddrinfo EAI_AGAIN mysql
2026-07-02 18:06:47  [INFO]: Server running on port 3000
2026-07-02 18:06:52  [ERROR]: Database connection failed: getaddrinfo EAI_AGAIN mysql
2026-07-02 18:07:53  [INFO]: Server running on port 3000
2026-07-02 18:07:58  [ERROR]: Database connection failed: getaddrinfo EAI_AGAIN mysql
2026-07-02 18:08:59  [INFO]: Server running on port 3000
2026-07-02 18:09:04  [ERROR]: Database connection failed: getaddrinfo EAI_AGAIN mysql
2026-07-02 18:10:04  [INFO]: Server running on port 3000
2026-07-02 18:10:09  [ERROR]: Database connection failed: getaddrinfo EAI_AGAIN mysql
2026-07-02 18:11:10  [INFO]: Server running on port 3000
2026-07-02 18:11:15  [ERROR]: Database connection failed: getaddrinfo EAI_AGAIN mysql
2026-07-02 18:12:16  [INFO]: Server running on port 3000
2026-07-02 18:12:21  [ERROR]: Database connection failed: getaddrinfo EAI_AGAIN mysql
2026-07-02 18:13:21  [INFO]: Server running on port 3000
2026-07-02 18:13:26  [ERROR]: Database connection failed: getaddrinfo EAI_AGAIN mysql
2026-07-02 18:14:27  [INFO]: Server running on port 3000
2026-07-02 18:14:32  [ERROR]: Database connection failed: getaddrinfo EAI_AGAIN mysql
2026-07-02 18:15:33  [INFO]: Server running on port 3000
2026-07-02 18:15:38  [ERROR]: Database connection failed: getaddrinfo EAI_AGAIN mysql
2026-07-02 18:16:39  [INFO]: Server running on port 3000
2026-07-02 18:16:44  [ERROR]: Database connection failed: getaddrinfo EAI_AGAIN mysql
2026-07-02 18:17:44  [INFO]: Server running on port 3000
2026-07-02 18:17:49  [ERROR]: Database connection failed: getaddrinfo EAI_AGAIN mysql
2026-07-02 18:18:50  [INFO]: Server running on port 3000
2026-07-02 18:18:55  [ERROR]: Database connection failed: getaddrinfo EAI_AGAIN mysql
2026-07-02 18:19:56  [INFO]: Server running on port 3000
2026-07-02 18:20:01  [ERROR]: Database connection failed: getaddrinfo EAI_AGAIN mysql
2026-07-02 18:21:02  [INFO]: Server running on port 3000
2026-07-02 18:21:07  [ERROR]: Database connection failed: getaddrinfo EAI_AGAIN mysql
2026-07-02 18:22:07  [INFO]: Server running on port 3000
2026-07-02 18:22:12  [ERROR]: Database connection failed: getaddrinfo EAI_AGAIN mysql
2026-07-02 18:23:13  [INFO]: Server running on port 3000
2026-07-02 18:23:18  [ERROR]: Database connection failed: getaddrinfo EAI_AGAIN mysql
2026-07-02 18:24:19  [INFO]: Server running on port 3000
2026-07-02 18:24:24  [ERROR]: Database connection failed: getaddrinfo EAI_AGAIN mysql
2026-07-02 18:25:24  [INFO]: Server running on port 3000
2026-07-02 18:25:29  [ERROR]: Database connection failed: getaddrinfo EAI_AGAIN mysql
2026-07-02 18:26:30  [INFO]: Server running on port 3000
2026-07-02 18:26:35  [ERROR]: Database connection failed: getaddrinfo EAI_AGAIN mysql
2026-07-02 18:27:36  [INFO]: Server running on port 3000
2026-07-02 18:27:41  [ERROR]: Database connection failed: getaddrinfo EAI_AGAIN mysql
2026-07-02 18:28:42  [INFO]: Server running on port 3000
2026-07-02 18:28:47  [ERROR]: Database connection failed: getaddrinfo EAI_AGAIN mysql
2026-07-02 18:29:47  [INFO]: Server running on port 3000
2026-07-02 18:29:52  [ERROR]: Database connection failed: getaddrinfo EAI_AGAIN mysql
2026-07-02 18:30:53  [INFO]: Server running on port 3000
2026-07-02 18:30:58  [ERROR]: Database connection failed: getaddrinfo EAI_AGAIN mysql
2026-07-02 18:31:59  [INFO]: Server running on port 3000
2026-07-02 18:32:04  [ERROR]: Database connection failed: getaddrinfo EAI_AGAIN mysql
2026-07-02 18:33:05  [INFO]: Server running on port 3000
2026-07-02 18:33:10  [ERROR]: Database connection failed: getaddrinfo EAI_AGAIN mysql
2026-07-02 18:34:10  [INFO]: Server running on port 3000
2026-07-02 18:34:15  [ERROR]: Database connection failed: getaddrinfo EAI_AGAIN mysql
2026-07-02 18:35:16  [INFO]: Server running on port 3000
2026-07-02 18:35:21  [ERROR]: Database connection failed: getaddrinfo EAI_AGAIN mysql
2026-07-02 18:36:22  [INFO]: Server running on port 3000
2026-07-02 18:36:27  [ERROR]: Database connection failed: getaddrinfo EAI_AGAIN mysql
2026-07-02 18:37:28  [INFO]: Server running on port 3000
2026-07-02 18:37:33  [ERROR]: Database connection failed: getaddrinfo EAI_AGAIN mysql
2026-07-02 18:38:33  [INFO]: Server running on port 3000
2026-07-02 18:38:38  [ERROR]: Database connection failed: getaddrinfo EAI_AGAIN mysql
2026-07-02 18:39:39  [INFO]: Server running on port 3000
2026-07-02 18:39:44  [ERROR]: Database connection failed: getaddrinfo EAI_AGAIN mysql
2026-07-02 18:40:45  [INFO]: Server running on port 3000
2026-07-02 18:40:50  [ERROR]: Database connection failed: getaddrinfo EAI_AGAIN mysql
2026-07-02 18:41:51  [INFO]: Server running on port 3000
2026-07-02 18:41:56  [ERROR]: Database connection failed: getaddrinfo EAI_AGAIN mysql
2026-07-02 18:42:56  [INFO]: Server running on port 3000
2026-07-02 18:43:01  [ERROR]: Database connection failed: getaddrinfo EAI_AGAIN mysql
2026-07-02 18:44:02  [INFO]: Server running on port 3000
2026-07-02 18:44:07  [ERROR]: Database connection failed: getaddrinfo EAI_AGAIN mysql
2026-07-02 18:45:08  [INFO]: Server running on port 3000
2026-07-02 18:45:13  [ERROR]: Database connection failed: getaddrinfo EAI_AGAIN mysql
2026-07-02 18:46:13  [INFO]: Server running on port 3000
2026-07-02 18:46:18  [ERROR]: Database connection failed: getaddrinfo EAI_AGAIN mysql
2026-07-02 18:47:19  [INFO]: Server running on port 3000
2026-07-02 18:47:24  [ERROR]: Database connection failed: getaddrinfo EAI_AGAIN mysql
2026-07-02 18:48:25  [INFO]: Server running on port 3000
2026-07-02 18:48:30  [ERROR]: Database connection failed: getaddrinfo EAI_AGAIN mysql
2026-07-02 18:49:31  [INFO]: Server running on port 3000
2026-07-02 18:49:36  [ERROR]: Database connection failed: getaddrinfo EAI_AGAIN mysql
2026-07-02 18:50:36  [INFO]: Server running on port 3000
2026-07-02 18:50:41  [ERROR]: Database connection failed: getaddrinfo EAI_AGAIN mysql
2026-07-02 18:51:43  [INFO]: Server running on port 3000
2026-07-02 18:51:48  [ERROR]: Database connection failed: getaddrinfo EAI_AGAIN mysql
2026-07-02 18:52:49  [INFO]: Server running on port 3000
2026-07-02 18:52:54  [ERROR]: Database connection failed: getaddrinfo EAI_AGAIN mysql
2026-07-02 18:53:56  [INFO]: Server running on port 3000
2026-07-02 18:54:01  [ERROR]: Database connection failed: getaddrinfo EAI_AGAIN mysql
2026-07-02 18:55:02  [INFO]: Server running on port 3000
2026-07-02 18:55:07  [ERROR]: Database connection failed: getaddrinfo EAI_AGAIN mysql
2026-07-02 18:56:08  [INFO]: Server running on port 3000
2026-07-02 18:56:13  [ERROR]: Database connection failed: getaddrinfo EAI_AGAIN mysql
2026-07-02 18:57:15  [INFO]: Server running on port 3000
2026-07-02 18:57:20  [ERROR]: Database connection failed: getaddrinfo EAI_AGAIN mysql
2026-07-02 18:58:21  [INFO]: Server running on port 3000
2026-07-02 18:58:26  [ERROR]: Database connection failed: getaddrinfo EAI_AGAIN mysql
2026-07-02 18:59:27  [INFO]: Server running on port 3000
2026-07-02 18:59:32  [ERROR]: Database connection failed: getaddrinfo EAI_AGAIN mysql
2026-07-02 19:00:34  [INFO]: Server running on port 3000
2026-07-02 19:00:39  [ERROR]: Database connection failed: getaddrinfo EAI_AGAIN mysql
2026-07-02 19:01:40  [INFO]: Server running on port 3000
2026-07-02 19:01:45  [ERROR]: Database connection failed: getaddrinfo EAI_AGAIN mysql
2026-07-02 19:02:46  [INFO]: Server running on port 3000
2026-07-02 19:02:51  [ERROR]: Database connection failed: getaddrinfo EAI_AGAIN mysql
2026-07-02 19:03:53  [INFO]: Server running on port 3000
2026-07-02 19:03:58  [ERROR]: Database connection failed: getaddrinfo EAI_AGAIN mysql
2026-07-02 19:04:59  [INFO]: Server running on port 3000
2026-07-02 19:05:04  [ERROR]: Database connection failed: getaddrinfo EAI_AGAIN mysql
2026-07-02 19:06:05  [INFO]: Server running on port 3000
2026-07-02 19:06:10  [ERROR]: Database connection failed: getaddrinfo EAI_AGAIN mysql
2026-07-02 19:07:12  [INFO]: Server running on port 3000
2026-07-02 19:07:17  [ERROR]: Database connection failed: getaddrinfo EAI_AGAIN mysql
2026-07-02 19:08:18  [INFO]: Server running on port 3000
2026-07-02 19:08:23  [ERROR]: Database connection failed: getaddrinfo EAI_AGAIN mysql
2026-07-02 19:09:25  [INFO]: Server running on port 3000
2026-07-02 19:09:30  [ERROR]: Database connection failed: getaddrinfo EAI_AGAIN mysql
2026-07-02 19:10:32  [INFO]: Server running on port 3000
2026-07-02 19:10:44  [ERROR]: Database connection failed: getaddrinfo EAI_AGAIN mysql
2026-07-02 19:10:48  [INFO]: Server running on port 3000
2026-07-02 19:10:52  [ERROR]: Database connection failed: getaddrinfo EAI_AGAIN mysql
2026-07-02 19:10:55  [INFO]: Server running on port 3000
2026-07-02 19:11:00  [ERROR]: Database connection failed: getaddrinfo EAI_AGAIN mysql
2026-07-02 19:11:03  [INFO]: Server running on port 3000
2026-07-02 19:11:08  [ERROR]: Database connection failed: getaddrinfo EAI_AGAIN mysql
2026-07-02 19:11:12  [INFO]: Server running on port 3000
2026-07-02 19:11:17  [ERROR]: Database connection failed: getaddrinfo EAI_AGAIN mysql
2026-07-02 19:11:21  [INFO]: Server running on port 3000
2026-07-02 19:11:26  [ERROR]: Database connection failed: getaddrinfo EAI_AGAIN mysql
2026-07-02 19:11:32  [INFO]: Server running on port 3000
2026-07-02 19:11:37  [ERROR]: Database connection failed: getaddrinfo EAI_AGAIN mysql
2026-07-02 19:11:46  [INFO]: Server running on port 3000
2026-07-02 19:11:51  [ERROR]: Database connection failed: getaddrinfo EAI_AGAIN mysql
2026-07-02 19:12:05  [INFO]: Server running on port 3000
2026-07-02 19:12:10  [ERROR]: Database connection failed: getaddrinfo EAI_AGAIN mysql
2026-07-02 19:12:38  [INFO]: Server running on port 3000
2026-07-02 19:12:43  [ERROR]: Database connection failed: getaddrinfo EAI_AGAIN mysql
2026-07-02 19:13:40  [INFO]: Server running on port 3000
2026-07-02 19:13:45  [ERROR]: Database connection failed: getaddrinfo EAI_AGAIN mysql
2026-07-02 19:13:47  [INFO]: Server running on port 3000
2026-07-02 19:13:52  [ERROR]: Database connection failed: getaddrinfo EAI_AGAIN mysql
2026-07-02 19:13:53  [INFO]: Server running on port 3000
2026-07-02 19:13:58  [ERROR]: Database connection failed: getaddrinfo EAI_AGAIN mysql
2026-07-02 19:14:00  [INFO]: Server running on port 3000
2026-07-02 19:14:05  [ERROR]: Database connection failed: getaddrinfo EAI_AGAIN mysql
2026-07-02 19:14:07  [INFO]: Server running on port 3000
2026-07-02 19:14:12  [ERROR]: Database connection failed: getaddrinfo EAI_AGAIN mysql
2026-07-02 19:14:15  [INFO]: Server running on port 3000
2026-07-02 19:14:20  [ERROR]: Database connection failed: getaddrinfo EAI_AGAIN mysql
2026-07-02 19:14:24  [INFO]: Server running on port 3000
2026-07-02 19:14:29  [ERROR]: Database connection failed: getaddrinfo EAI_AGAIN mysql
2026-07-02 19:14:37  [INFO]: Server running on port 3000
2026-07-02 19:14:42  [ERROR]: Database connection failed: getaddrinfo EAI_AGAIN mysql
2026-07-02 19:14:56  [INFO]: Server running on port 3000
2026-07-02 19:15:01  [ERROR]: Database connection failed: getaddrinfo EAI_AGAIN mysql
2026-07-03 04:52:05  [INFO]: Server running on port 3000
2026-07-03 04:52:10  [ERROR]: Database connection failed: getaddrinfo EAI_AGAIN mysql
2026-07-03 04:52:12  [INFO]: Server running on port 3000
2026-07-03 04:52:17  [ERROR]: Database connection failed: getaddrinfo EAI_AGAIN mysql
2026-07-03 04:52:19  [INFO]: Server running on port 3000
2026-07-03 04:52:24  [ERROR]: Database connection failed: getaddrinfo EAI_AGAIN mysql
2026-07-03 04:52:25  [INFO]: Server running on port 3000
2026-07-03 04:52:30  [ERROR]: Database connection failed: getaddrinfo EAI_AGAIN mysql
2026-07-03 04:52:33  [INFO]: Server running on port 3000
2026-07-03 04:52:38  [ERROR]: Database connection failed: getaddrinfo EAI_AGAIN mysql
2026-07-03 04:52:42  [INFO]: Server running on port 3000
2026-07-03 04:52:47  [ERROR]: Database connection failed: getaddrinfo EAI_AGAIN mysql
2026-07-03 04:52:52  [INFO]: Server running on port 3000
2026-07-03 04:52:57  [ERROR]: Database connection failed: getaddrinfo EAI_AGAIN mysql
2026-07-03 04:53:05  [INFO]: Server running on port 3000
2026-07-03 04:53:10  [ERROR]: Database connection failed: getaddrinfo EAI_AGAIN mysql
2026-07-03 04:53:24  [INFO]: Server running on port 3000
2026-07-03 04:53:29  [ERROR]: Database connection failed: getaddrinfo EAI_AGAIN mysql
2026-07-03 04:53:56  [INFO]: Server running on port 3000
2026-07-03 04:54:01  [ERROR]: Database connection failed: getaddrinfo EAI_AGAIN mysql
2026-07-03 04:54:54  [INFO]: Server running on port 3000
2026-07-03 04:54:59  [ERROR]: Database connection failed: getaddrinfo EAI_AGAIN mysql
2026-07-03 04:56:01  [INFO]: Server running on port 3000
2026-07-03 04:56:06  [ERROR]: Database connection failed: getaddrinfo EAI_AGAIN mysql
2026-07-03 04:57:57  [INFO]: Server running on port 3000
2026-07-03 04:58:02  [ERROR]: Database connection failed: getaddrinfo EAI_AGAIN mysql
2026-07-03 04:58:38  [INFO]: Server running on port 3000
2026-07-03 04:58:43  [ERROR]: Database connection failed: getaddrinfo EAI_AGAIN mysql
2026-07-03 04:59:03  [INFO]: Server running on port 3000
2026-07-03 04:59:08  [ERROR]: Database connection failed: getaddrinfo EAI_AGAIN mysql
2026-07-03 04:59:20  [INFO]: Server running on port 3000
2026-07-03 04:59:25  [ERROR]: Database connection failed: getaddrinfo EAI_AGAIN mysql
2026-07-03 04:59:30  [INFO]: Server running on port 3000
2026-07-03 04:59:34  [ERROR]: Database connection failed: getaddrinfo EAI_AGAIN mysql
2026-07-03 04:59:50  [INFO]: Server running on port 3000
2026-07-03 04:59:55  [ERROR]: Database connection failed: getaddrinfo EAI_AGAIN mysql
2026-07-03 05:00:02  [INFO]: Server running on port 3000
2026-07-03 05:00:07  [ERROR]: Database connection failed: getaddrinfo EAI_AGAIN mysql
2026-07-03 05:00:15  [INFO]: Server running on port 3000
2026-07-03 05:00:20  [ERROR]: Database connection failed: getaddrinfo EAI_AGAIN mysql
2026-07-03 05:00:23  [INFO]: Server running on port 3000
2026-07-03 05:00:28  [ERROR]: Database connection failed: getaddrinfo EAI_AGAIN mysql
2026-07-03 05:00:31  [INFO]: Server running on port 3000
2026-07-03 05:00:36  [ERROR]: Database connection failed: getaddrinfo EAI_AGAIN mysql
2026-07-03 05:00:39  [INFO]: Server running on port 3000
2026-07-03 05:00:44  [ERROR]: Database connection failed: getaddrinfo EAI_AGAIN mysql
2026-07-03 05:00:51  [INFO]: Server running on port 3000
2026-07-03 05:00:56  [ERROR]: Database connection failed: getaddrinfo EAI_AGAIN mysql
2026-07-03 05:01:02  [INFO]: Server running on port 3000
2026-07-03 05:01:07  [ERROR]: Database connection failed: getaddrinfo EAI_AGAIN mysql
2026-07-03 05:01:12  [INFO]: Server running on port 3000
2026-07-03 05:01:17  [ERROR]: Database connection failed: getaddrinfo EAI_AGAIN mysql
2026-07-03 05:01:21  [INFO]: Server running on port 3000
2026-07-03 05:01:26  [ERROR]: Database connection failed: getaddrinfo EAI_AGAIN mysql
2026-07-03 05:01:29  [INFO]: Server running on port 3000
2026-07-03 05:01:34  [ERROR]: Database connection failed: getaddrinfo EAI_AGAIN mysql
2026-07-03 05:01:36  [INFO]: Server running on port 3000
2026-07-03 05:01:41  [ERROR]: Database connection failed: getaddrinfo EAI_AGAIN mysql
2026-07-03 05:01:44  [INFO]: Server running on port 3000
2026-07-03 05:01:49  [ERROR]: Database connection failed: getaddrinfo EAI_AGAIN mysql
2026-07-03 05:01:53  [INFO]: Server running on port 3000
2026-07-03 05:01:58  [ERROR]: Database connection failed: getaddrinfo EAI_AGAIN mysql
2026-07-03 05:02:06  [INFO]: Server running on port 3000
2026-07-03 05:02:11  [ERROR]: Database connection failed: getaddrinfo EAI_AGAIN mysql
2026-07-03 05:02:25  [INFO]: Server running on port 3000
2026-07-03 05:02:30  [ERROR]: Database connection failed: getaddrinfo EAI_AGAIN mysql
2026-07-03 05:02:58  [INFO]: Server running on port 3000
2026-07-03 05:03:03  [ERROR]: Database connection failed: getaddrinfo EAI_AGAIN mysql
2026-07-03 05:03:56  [INFO]: Server running on port 3000
2026-07-03 05:04:01  [ERROR]: Database connection failed: getaddrinfo EAI_AGAIN mysql
2026-07-03 05:05:03  [INFO]: Server running on port 3000
2026-07-03 05:05:08  [ERROR]: Database connection failed: getaddrinfo EAI_AGAIN mysql
2026-07-03 05:06:10  [INFO]: Server running on port 3000
2026-07-03 05:06:15  [ERROR]: Database connection failed: getaddrinfo EAI_AGAIN mysql
2026-07-03 05:07:25  [INFO]: Server running on port 3000
2026-07-03 05:07:30  [ERROR]: Database connection failed: getaddrinfo EAI_AGAIN mysql
2026-07-03 05:07:59  [INFO]: Server running on port 3000
2026-07-03 05:08:04  [ERROR]: Database connection failed: getaddrinfo EAI_AGAIN mysql
2026-07-03 05:08:11  [INFO]: Server running on port 3000
2026-07-03 05:08:16  [ERROR]: Database connection failed: getaddrinfo EAI_AGAIN mysql
2026-07-03 05:08:17  [INFO]: Server running on port 3000
2026-07-03 05:08:22  [ERROR]: Database connection failed: getaddrinfo EAI_AGAIN mysql
2026-07-03 05:08:24  [INFO]: Server running on port 3000
2026-07-03 05:08:29  [ERROR]: Database connection failed: getaddrinfo EAI_AGAIN mysql
2026-07-03 05:08:31  [INFO]: Server running on port 3000
2026-07-03 05:08:36  [ERROR]: Database connection failed: getaddrinfo EAI_AGAIN mysql
2026-07-03 05:08:39  [INFO]: Server running on port 3000
2026-07-03 05:08:44  [ERROR]: Database connection failed: getaddrinfo EAI_AGAIN mysql
2026-07-03 05:08:49  [INFO]: Server running on port 3000
2026-07-03 05:08:54  [ERROR]: Database connection failed: getaddrinfo EAI_AGAIN mysql
2026-07-03 05:09:04  [INFO]: Server running on port 3000
2026-07-03 05:09:09  [ERROR]: Database connection failed: getaddrinfo EAI_AGAIN mysql
2026-07-03 05:09:26  [INFO]: Server running on port 3000
2026-07-03 05:09:31  [ERROR]: Database connection failed: getaddrinfo EAI_AGAIN mysql
2026-07-03 05:09:59  [INFO]: Server running on port 3000
2026-07-03 05:10:04  [ERROR]: Database connection failed: getaddrinfo EAI_AGAIN mysql
2026-07-03 05:10:57  [INFO]: Server running on port 3000
2026-07-03 05:11:02  [ERROR]: Database connection failed: getaddrinfo EAI_AGAIN mysql
2026-07-03 05:12:04  [INFO]: Server running on port 3000
2026-07-03 05:12:09  [ERROR]: Database connection failed: getaddrinfo EAI_AGAIN mysql
2026-07-03 05:13:11  [INFO]: Server running on port 3000
2026-07-03 05:13:16  [ERROR]: Database connection failed: getaddrinfo EAI_AGAIN mysql
2026-07-03 05:14:17  [INFO]: Server running on port 3000
2026-07-03 05:14:22  [ERROR]: Database connection failed: getaddrinfo EAI_AGAIN mysql
2026-07-03 05:18:08  [INFO]: Server running on port 3000
2026-07-03 05:18:13  [ERROR]: Database connection failed: getaddrinfo EAI_AGAIN mysql
2026-07-03 05:18:15  [INFO]: Server running on port 3000
2026-07-03 05:18:20  [ERROR]: Database connection failed: getaddrinfo EAI_AGAIN mysql
2026-07-03 05:18:22  [INFO]: Server running on port 3000
2026-07-03 05:18:27  [ERROR]: Database connection failed: getaddrinfo EAI_AGAIN mysql
2026-07-03 05:18:29  [INFO]: Server running on port 3000
2026-07-03 05:18:34  [ERROR]: Database connection failed: getaddrinfo EAI_AGAIN mysql
2026-07-03 05:18:37  [INFO]: Server running on port 3000
2026-07-03 05:18:42  [ERROR]: Database connection failed: getaddrinfo EAI_AGAIN mysql
2026-07-03 05:18:45  [INFO]: Server running on port 3000
2026-07-03 05:18:50  [ERROR]: Database connection failed: getaddrinfo EAI_AGAIN mysql
2026-07-03 05:18:55  [INFO]: Server running on port 3000
2026-07-03 05:19:00  [ERROR]: Database connection failed: getaddrinfo EAI_AGAIN mysql
2026-07-03 05:19:08  [INFO]: Server running on port 3000
2026-07-03 05:19:13  [ERROR]: Database connection failed: getaddrinfo EAI_AGAIN mysql
2026-07-03 05:19:27  [INFO]: Server running on port 3000
2026-07-03 05:19:32  [ERROR]: Database connection failed: getaddrinfo EAI_AGAIN mysql
2026-07-03 05:19:59  [INFO]: Server running on port 3000
2026-07-03 05:20:04  [ERROR]: Database connection failed: getaddrinfo EAI_AGAIN mysql
2026-07-03 05:20:57  [INFO]: Server running on port 3000
2026-07-03 05:21:02  [ERROR]: Database connection failed: getaddrinfo EAI_AGAIN mysql
2026-07-03 05:38:18  [INFO]: Server running on port 3000
2026-07-03 05:38:23  [ERROR]: Database connection failed: getaddrinfo EAI_AGAIN mysql
2026-07-03 05:38:27  [INFO]: Server running on port 3000
2026-07-03 05:38:32  [ERROR]: Database connection failed: getaddrinfo EAI_AGAIN mysql
2026-07-03 05:38:35  [INFO]: Server running on port 3000
2026-07-03 05:38:40  [ERROR]: Database connection failed: getaddrinfo EAI_AGAIN mysql
2026-07-03 05:38:42  [INFO]: Server running on port 3000
2026-07-03 05:38:47  [ERROR]: Database connection failed: getaddrinfo EAI_AGAIN mysql
2026-07-03 05:38:50  [INFO]: Server running on port 3000
2026-07-03 05:38:55  [ERROR]: Database connection failed: getaddrinfo EAI_AGAIN mysql
2026-07-03 05:38:58  [INFO]: Server running on port 3000
2026-07-03 05:39:03  [ERROR]: Database connection failed: getaddrinfo EAI_AGAIN mysql
2026-07-03 05:39:07  [INFO]: Server running on port 3000
2026-07-03 05:39:12  [ERROR]: Database connection failed: getaddrinfo EAI_AGAIN mysql
2026-07-03 05:39:20  [INFO]: Server running on port 3000
2026-07-03 05:39:25  [ERROR]: Database connection failed: getaddrinfo EAI_AGAIN mysql
2026-07-03 05:39:39  [INFO]: Server running on port 3000
2026-07-03 05:39:44  [ERROR]: Database connection failed: getaddrinfo EAI_AGAIN mysql
2026-07-03 05:40:11  [INFO]: Server running on port 3000
2026-07-03 05:40:16  [ERROR]: Database connection failed: getaddrinfo EAI_AGAIN mysql
2026-07-03 05:41:08  [INFO]: Server running on port 3000
2026-07-03 05:41:13  [ERROR]: Database connection failed: getaddrinfo EAI_AGAIN mysql
2026-07-03 05:42:14  [INFO]: Server running on port 3000
2026-07-03 05:42:19  [ERROR]: Database connection failed: getaddrinfo EAI_AGAIN mysql
2026-07-03 05:43:21  [INFO]: Server running on port 3000
2026-07-03 05:43:26  [ERROR]: Database connection failed: getaddrinfo EAI_AGAIN mysql
2026-07-03 05:44:27  [INFO]: Server running on port 3000
2026-07-03 05:44:32  [ERROR]: Database connection failed: getaddrinfo EAI_AGAIN mysql
2026-07-03 05:50:15  [INFO]: Server running on port 3000
2026-07-03 05:50:20  [ERROR]: Database connection failed: getaddrinfo EAI_AGAIN mysql
2026-07-03 05:51:22  [INFO]: Server running on port 3000
2026-07-03 05:51:27  [ERROR]: Database connection failed: getaddrinfo EAI_AGAIN mysql
2026-07-03 05:52:28  [INFO]: Server running on port 3000
2026-07-03 05:52:33  [ERROR]: Database connection failed: getaddrinfo EAI_AGAIN mysql
2026-07-03 05:53:35  [INFO]: Server running on port 3000
2026-07-03 05:53:40  [ERROR]: Database connection failed: getaddrinfo EAI_AGAIN mysql
2026-07-03 05:54:41  [INFO]: Server running on port 3000
2026-07-03 05:54:46  [ERROR]: Database connection failed: getaddrinfo EAI_AGAIN mysql
2026-07-03 05:55:47  [INFO]: Server running on port 3000
2026-07-03 05:55:52  [ERROR]: Database connection failed: getaddrinfo EAI_AGAIN mysql
2026-07-03 05:56:54  [INFO]: Server running on port 3000
2026-07-03 05:56:59  [ERROR]: Database connection failed: getaddrinfo EAI_AGAIN mysql
2026-07-03 05:58:00  [INFO]: Server running on port 3000
2026-07-03 05:58:05  [ERROR]: Database connection failed: getaddrinfo EAI_AGAIN mysql
2026-07-03 05:59:07  [INFO]: Server running on port 3000
2026-07-03 05:59:12  [ERROR]: Database connection failed: getaddrinfo EAI_AGAIN mysql
2026-07-03 06:00:14  [INFO]: Server running on port 3000
2026-07-03 06:00:19  [ERROR]: Database connection failed: getaddrinfo EAI_AGAIN mysql
2026-07-03 06:01:20  [INFO]: Server running on port 3000
2026-07-03 06:01:25  [ERROR]: Database connection failed: getaddrinfo EAI_AGAIN mysql
2026-07-03 06:02:27  [INFO]: Server running on port 3000
2026-07-03 06:02:32  [ERROR]: Database connection failed: getaddrinfo EAI_AGAIN mysql
2026-07-03 06:03:33  [INFO]: Server running on port 3000
2026-07-03 06:03:38  [ERROR]: Database connection failed: getaddrinfo EAI_AGAIN mysql
2026-07-03 06:04:39  [INFO]: Server running on port 3000
2026-07-03 06:04:44  [ERROR]: Database connection failed: getaddrinfo EAI_AGAIN mysql
2026-07-03 06:05:45  [INFO]: Server running on port 3000
2026-07-03 06:05:50  [ERROR]: Database connection failed: getaddrinfo EAI_AGAIN mysql
2026-07-03 06:06:51  [INFO]: Server running on port 3000
2026-07-03 06:06:56  [ERROR]: Database connection failed: getaddrinfo EAI_AGAIN mysql
2026-07-03 06:07:56  [INFO]: Server running on port 3000
2026-07-03 06:08:01  [ERROR]: Database connection failed: getaddrinfo EAI_AGAIN mysql
2026-07-03 06:09:02  [INFO]: Server running on port 3000
2026-07-03 06:09:07  [ERROR]: Database connection failed: getaddrinfo EAI_AGAIN mysql
2026-07-03 06:10:08  [INFO]: Server running on port 3000
2026-07-03 06:10:13  [ERROR]: Database connection failed: getaddrinfo EAI_AGAIN mysql
2026-07-03 06:11:14  [INFO]: Server running on port 3000
2026-07-03 06:11:19  [ERROR]: Database connection failed: getaddrinfo EAI_AGAIN mysql
2026-07-03 06:12:19  [INFO]: Server running on port 3000
2026-07-03 06:12:24  [ERROR]: Database connection failed: getaddrinfo EAI_AGAIN mysql
2026-07-03 06:13:25  [INFO]: Server running on port 3000
2026-07-03 06:13:30  [ERROR]: Database connection failed: getaddrinfo EAI_AGAIN mysql
2026-07-03 06:14:31  [INFO]: Server running on port 3000
2026-07-03 06:14:36  [ERROR]: Database connection failed: getaddrinfo EAI_AGAIN mysql
2026-07-03 06:15:37  [INFO]: Server running on port 3000
2026-07-03 06:15:42  [ERROR]: Database connection failed: getaddrinfo EAI_AGAIN mysql
2026-07-03 06:16:43  [INFO]: Server running on port 3000
2026-07-03 06:16:48  [ERROR]: Database connection failed: getaddrinfo EAI_AGAIN mysql
2026-07-03 06:17:49  [INFO]: Server running on port 3000
2026-07-03 06:17:54  [ERROR]: Database connection failed: getaddrinfo EAI_AGAIN mysql
2026-07-03 06:18:55  [INFO]: Server running on port 3000
2026-07-03 06:19:00  [ERROR]: Database connection failed: getaddrinfo EAI_AGAIN mysql
2026-07-03 06:20:00  [INFO]: Server running on port 3000
2026-07-03 06:20:05  [ERROR]: Database connection failed: getaddrinfo EAI_AGAIN mysql
2026-07-03 06:21:06  [INFO]: Server running on port 3000
2026-07-03 06:21:11  [ERROR]: Database connection failed: getaddrinfo EAI_AGAIN mysql
2026-07-03 06:22:12  [INFO]: Server running on port 3000
2026-07-03 06:22:17  [ERROR]: Database connection failed: getaddrinfo EAI_AGAIN mysql
2026-07-03 06:23:18  [INFO]: Server running on port 3000
2026-07-03 06:23:23  [ERROR]: Database connection failed: getaddrinfo EAI_AGAIN mysql
2026-07-03 06:24:24  [INFO]: Server running on port 3000
2026-07-03 06:24:29  [ERROR]: Database connection failed: getaddrinfo EAI_AGAIN mysql
2026-07-03 06:25:30  [INFO]: Server running on port 3000
2026-07-03 06:25:35  [ERROR]: Database connection failed: getaddrinfo EAI_AGAIN mysql
2026-07-03 06:26:36  [INFO]: Server running on port 3000
2026-07-03 06:26:41  [ERROR]: Database connection failed: getaddrinfo EAI_AGAIN mysql
2026-07-03 06:27:43  [INFO]: Server running on port 3000
2026-07-03 06:27:48  [ERROR]: Database connection failed: getaddrinfo EAI_AGAIN mysql
2026-07-03 06:28:50  [INFO]: Server running on port 3000
2026-07-03 06:28:55  [ERROR]: Database connection failed: getaddrinfo EAI_AGAIN mysql
2026-07-03 06:29:57  [INFO]: Server running on port 3000
2026-07-03 06:30:02  [ERROR]: Database connection failed: getaddrinfo EAI_AGAIN mysql
2026-07-03 06:31:04  [INFO]: Server running on port 3000
2026-07-03 06:31:09  [ERROR]: Database connection failed: getaddrinfo EAI_AGAIN mysql
2026-07-03 06:32:10  [INFO]: Server running on port 3000
2026-07-03 06:32:15  [ERROR]: Database connection failed: getaddrinfo EAI_AGAIN mysql
2026-07-03 06:33:17  [INFO]: Server running on port 3000
2026-07-03 06:33:22  [ERROR]: Database connection failed: getaddrinfo EAI_AGAIN mysql
2026-07-03 06:34:24  [INFO]: Server running on port 3000
2026-07-03 06:34:29  [ERROR]: Database connection failed: getaddrinfo EAI_AGAIN mysql
2026-07-03 06:35:31  [INFO]: Server running on port 3000
2026-07-03 06:35:36  [ERROR]: Database connection failed: getaddrinfo EAI_AGAIN mysql
2026-07-03 06:36:38  [INFO]: Server running on port 3000
2026-07-03 06:36:43  [ERROR]: Database connection failed: getaddrinfo EAI_AGAIN mysql
2026-07-03 06:37:45  [INFO]: Server running on port 3000
2026-07-03 06:37:50  [ERROR]: Database connection failed: getaddrinfo EAI_AGAIN mysql
2026-07-03 06:38:52  [INFO]: Server running on port 3000
2026-07-03 06:38:57  [ERROR]: Database connection failed: getaddrinfo EAI_AGAIN mysql
2026-07-03 06:39:58  [INFO]: Server running on port 3000
2026-07-03 06:40:03  [ERROR]: Database connection failed: getaddrinfo EAI_AGAIN mysql
2026-07-03 06:41:04  [INFO]: Server running on port 3000
2026-07-03 06:41:09  [ERROR]: Database connection failed: getaddrinfo EAI_AGAIN mysql
2026-07-03 06:42:11  [INFO]: Server running on port 3000
2026-07-03 06:42:16  [ERROR]: Database connection failed: getaddrinfo EAI_AGAIN mysql
2026-07-03 06:43:17  [INFO]: Server running on port 3000
2026-07-03 06:43:22  [ERROR]: Database connection failed: getaddrinfo EAI_AGAIN mysql
2026-07-03 06:44:23  [INFO]: Server running on port 3000
2026-07-03 06:44:28  [ERROR]: Database connection failed: getaddrinfo EAI_AGAIN mysql
2026-07-03 06:45:29  [INFO]: Server running on port 3000
2026-07-03 06:45:34  [ERROR]: Database connection failed: getaddrinfo EAI_AGAIN mysql
2026-07-03 06:46:36  [INFO]: Server running on port 3000
2026-07-03 06:46:41  [ERROR]: Database connection failed: getaddrinfo EAI_AGAIN mysql
2026-07-03 06:47:42  [INFO]: Server running on port 3000
2026-07-03 06:47:47  [ERROR]: Database connection failed: getaddrinfo EAI_AGAIN mysql
2026-07-03 06:48:48  [INFO]: Server running on port 3000
2026-07-03 06:48:53  [ERROR]: Database connection failed: getaddrinfo EAI_AGAIN mysql
2026-07-03 06:49:56  [INFO]: Server running on port 3000
2026-07-03 06:50:01  [ERROR]: Database connection failed: getaddrinfo EAI_AGAIN mysql
2026-07-03 06:51:03  [INFO]: Server running on port 3000
2026-07-03 06:51:08  [ERROR]: Database connection failed: getaddrinfo EAI_AGAIN mysql
2026-07-03 06:52:11  [INFO]: Server running on port 3000
2026-07-03 06:52:16  [ERROR]: Database connection failed: getaddrinfo EAI_AGAIN mysql
2026-07-03 06:53:19  [INFO]: Server running on port 3000
2026-07-03 06:53:24  [ERROR]: Database connection failed: getaddrinfo EAI_AGAIN mysql
2026-07-03 06:54:25  [INFO]: Server running on port 3000
2026-07-03 06:54:30  [ERROR]: Database connection failed: getaddrinfo EAI_AGAIN mysql
2026-07-03 06:55:32  [INFO]: Server running on port 3000
2026-07-03 06:55:37  [ERROR]: Database connection failed: getaddrinfo EAI_AGAIN mysql
2026-07-03 06:56:39  [INFO]: Server running on port 3000
2026-07-03 06:56:44  [ERROR]: Database connection failed: getaddrinfo EAI_AGAIN mysql
2026-07-03 06:57:45  [INFO]: Server running on port 3000
2026-07-03 06:57:50  [ERROR]: Database connection failed: getaddrinfo EAI_AGAIN mysql
2026-07-03 06:58:52  [INFO]: Server running on port 3000
2026-07-03 06:58:57  [ERROR]: Database connection failed: getaddrinfo EAI_AGAIN mysql
2026-07-03 06:59:59  [INFO]: Server running on port 3000
2026-07-03 07:00:04  [ERROR]: Database connection failed: getaddrinfo EAI_AGAIN mysql
2026-07-03 07:01:06  [INFO]: Server running on port 3000
2026-07-03 07:01:11  [ERROR]: Database connection failed: getaddrinfo EAI_AGAIN mysql
2026-07-03 07:02:12  [INFO]: Server running on port 3000
2026-07-03 07:02:17  [ERROR]: Database connection failed: getaddrinfo EAI_AGAIN mysql
2026-07-03 07:03:19  [INFO]: Server running on port 3000
2026-07-03 07:03:24  [ERROR]: Database connection failed: getaddrinfo EAI_AGAIN mysql
2026-07-03 07:04:25  [INFO]: Server running on port 3000
2026-07-03 07:04:30  [ERROR]: Database connection failed: getaddrinfo EAI_AGAIN mysql
2026-07-03 07:05:32  [INFO]: Server running on port 3000
2026-07-03 07:05:37  [ERROR]: Database connection failed: getaddrinfo EAI_AGAIN mysql
2026-07-03 07:06:39  [INFO]: Server running on port 3000
2026-07-03 07:06:44  [ERROR]: Database connection failed: getaddrinfo EAI_AGAIN mysql
2026-07-03 07:07:45  [INFO]: Server running on port 3000
2026-07-03 07:07:50  [ERROR]: Database connection failed: getaddrinfo EAI_AGAIN mysql
2026-07-03 07:08:51  [INFO]: Server running on port 3000
2026-07-03 07:08:56  [ERROR]: Database connection failed: getaddrinfo EAI_AGAIN mysql
2026-07-03 07:09:58  [INFO]: Server running on port 3000
2026-07-03 07:10:03  [ERROR]: Database connection failed: getaddrinfo EAI_AGAIN mysql
2026-07-03 07:11:05  [INFO]: Server running on port 3000
2026-07-03 07:11:10  [ERROR]: Database connection failed: getaddrinfo EAI_AGAIN mysql
2026-07-03 07:12:13  [INFO]: Server running on port 3000
2026-07-03 07:12:18  [ERROR]: Database connection failed: getaddrinfo EAI_AGAIN mysql
2026-07-03 07:13:25  [INFO]: Server running on port 3000
2026-07-03 07:13:30  [ERROR]: Database connection failed: getaddrinfo EAI_AGAIN mysql
2026-07-03 07:13:32  [INFO]: Server running on port 3000
2026-07-03 07:13:37  [ERROR]: Database connection failed: getaddrinfo EAI_AGAIN mysql
2026-07-03 07:13:39  [INFO]: Server running on port 3000
2026-07-03 07:13:44  [ERROR]: Database connection failed: getaddrinfo EAI_AGAIN mysql
2026-07-03 07:13:46  [INFO]: Server running on port 3000
2026-07-03 07:13:51  [ERROR]: Database connection failed: getaddrinfo EAI_AGAIN mysql
2026-07-03 07:13:56  [INFO]: Server running on port 3000
2026-07-03 07:14:01  [ERROR]: Database connection failed: getaddrinfo EAI_AGAIN mysql
2026-07-03 07:14:05  [INFO]: Server running on port 3000
2026-07-03 07:14:10  [ERROR]: Database connection failed: getaddrinfo EAI_AGAIN mysql
2026-07-03 07:14:16  [INFO]: Server running on port 3000
2026-07-03 07:14:21  [ERROR]: Database connection failed: getaddrinfo EAI_AGAIN mysql
2026-07-03 07:14:34  [INFO]: Server running on port 3000
2026-07-03 07:14:39  [ERROR]: Database connection failed: getaddrinfo EAI_AGAIN mysql
2026-07-03 07:14:42  [INFO]: Server running on port 3000
2026-07-03 07:14:47  [ERROR]: Database connection failed: getaddrinfo EAI_AGAIN mysql
2026-07-03 07:14:49  [INFO]: Server running on port 3000
2026-07-03 07:14:54  [ERROR]: Database connection failed: getaddrinfo EAI_AGAIN mysql
2026-07-03 07:14:56  [INFO]: Server running on port 3000
2026-07-03 07:15:01  [ERROR]: Database connection failed: getaddrinfo EAI_AGAIN mysql
2026-07-03 07:15:04  [INFO]: Server running on port 3000
2026-07-03 07:15:09  [ERROR]: Database connection failed: getaddrinfo EAI_AGAIN mysql
2026-07-03 07:15:15  [INFO]: Server running on port 3000
2026-07-03 07:15:20  [ERROR]: Database connection failed: getaddrinfo EAI_AGAIN mysql
2026-07-03 07:15:25  [INFO]: Server running on port 3000
2026-07-03 07:15:30  [ERROR]: Database connection failed: getaddrinfo EAI_AGAIN mysql
2026-07-03 07:15:38  [INFO]: Server running on port 3000
2026-07-03 07:15:43  [ERROR]: Database connection failed: getaddrinfo EAI_AGAIN mysql
2026-07-03 07:15:58  [INFO]: Server running on port 3000
2026-07-03 07:16:03  [ERROR]: Database connection failed: getaddrinfo EAI_AGAIN mysql
2026-07-03 07:16:31  [INFO]: Server running on port 3000
2026-07-03 07:16:36  [ERROR]: Database connection failed: getaddrinfo EAI_AGAIN mysql
2026-07-03 07:17:29  [INFO]: Server running on port 3000
2026-07-03 07:17:34  [ERROR]: Database connection failed: getaddrinfo EAI_AGAIN mysql
2026-07-03 07:18:36  [INFO]: Server running on port 3000
2026-07-03 07:18:41  [ERROR]: Database connection failed: getaddrinfo EAI_AGAIN mysql
2026-07-03 07:19:43  [INFO]: Server running on port 3000
2026-07-03 07:19:48  [ERROR]: Database connection failed: getaddrinfo EAI_AGAIN mysql
2026-07-03 07:20:50  [INFO]: Server running on port 3000
2026-07-03 07:20:55  [ERROR]: Database connection failed: getaddrinfo EAI_AGAIN mysql
2026-07-03 07:21:57  [INFO]: Server running on port 3000
2026-07-03 07:22:02  [ERROR]: Database connection failed: getaddrinfo EAI_AGAIN mysql
2026-07-03 07:23:05  [INFO]: Server running on port 3000
2026-07-03 07:23:10  [ERROR]: Database connection failed: getaddrinfo EAI_AGAIN mysql
2026-07-03 07:24:13  [INFO]: Server running on port 3000
2026-07-03 07:24:18  [ERROR]: Database connection failed: getaddrinfo EAI_AGAIN mysql
2026-07-03 07:25:19  [INFO]: Server running on port 3000
2026-07-03 07:25:24  [ERROR]: Database connection failed: getaddrinfo EAI_AGAIN mysql
2026-07-03 07:26:26  [INFO]: Server running on port 3000
2026-07-03 07:26:31  [ERROR]: Database connection failed: getaddrinfo EAI_AGAIN mysql
2026-07-03 07:27:32  [INFO]: Server running on port 3000
2026-07-03 07:27:37  [ERROR]: Database connection failed: getaddrinfo EAI_AGAIN mysql
2026-07-03 07:28:38  [INFO]: Server running on port 3000
2026-07-03 07:28:43  [ERROR]: Database connection failed: getaddrinfo EAI_AGAIN mysql
2026-07-03 07:29:45  [INFO]: Server running on port 3000
2026-07-03 07:29:50  [ERROR]: Database connection failed: getaddrinfo EAI_AGAIN mysql
2026-07-03 07:30:52  [INFO]: Server running on port 3000
2026-07-03 07:30:57  [ERROR]: Database connection failed: getaddrinfo EAI_AGAIN mysql
2026-07-03 07:31:59  [INFO]: Server running on port 3000
2026-07-03 07:32:04  [ERROR]: Database connection failed: getaddrinfo EAI_AGAIN mysql
2026-07-03 07:33:07  [INFO]: Server running on port 3000
2026-07-03 07:33:12  [ERROR]: Database connection failed: getaddrinfo EAI_AGAIN mysql
2026-07-03 07:34:13  [INFO]: Server running on port 3000
2026-07-03 07:34:18  [ERROR]: Database connection failed: getaddrinfo EAI_AGAIN mysql
2026-07-03 07:35:20  [INFO]: Server running on port 3000
2026-07-03 07:35:25  [ERROR]: Database connection failed: getaddrinfo EAI_AGAIN mysql
2026-07-03 07:36:26  [INFO]: Server running on port 3000
2026-07-03 07:36:31  [ERROR]: Database connection failed: getaddrinfo EAI_AGAIN mysql
2026-07-03 07:37:33  [INFO]: Server running on port 3000
2026-07-03 07:37:38  [ERROR]: Database connection failed: getaddrinfo EAI_AGAIN mysql
2026-07-03 07:38:40  [INFO]: Server running on port 3000
2026-07-03 07:38:45  [ERROR]: Database connection failed: getaddrinfo EAI_AGAIN mysql
2026-07-03 07:39:46  [INFO]: Server running on port 3000
2026-07-03 07:39:51  [ERROR]: Database connection failed: getaddrinfo EAI_AGAIN mysql
2026-07-03 07:40:54  [INFO]: Server running on port 3000
2026-07-03 07:40:58  [ERROR]: Database connection failed: getaddrinfo EAI_AGAIN mysql
2026-07-03 07:42:00  [INFO]: Server running on port 3000
2026-07-03 07:42:05  [ERROR]: Database connection failed: getaddrinfo EAI_AGAIN mysql
2026-07-03 07:43:06  [INFO]: Server running on port 3000
2026-07-03 07:43:11  [ERROR]: Database connection failed: getaddrinfo EAI_AGAIN mysql
2026-07-03 07:44:14  [INFO]: Server running on port 3000
2026-07-03 07:44:19  [ERROR]: Database connection failed: getaddrinfo EAI_AGAIN mysql
2026-07-03 07:45:20  [INFO]: Server running on port 3000
2026-07-03 07:45:25  [ERROR]: Database connection failed: getaddrinfo EAI_AGAIN mysql
2026-07-03 07:46:27  [INFO]: Server running on port 3000
2026-07-03 07:46:32  [ERROR]: Database connection failed: getaddrinfo EAI_AGAIN mysql
2026-07-03 07:47:33  [INFO]: Server running on port 3000
2026-07-03 07:47:38  [ERROR]: Database connection failed: getaddrinfo EAI_AGAIN mysql
2026-07-03 07:48:39  [INFO]: Server running on port 3000
2026-07-03 07:48:44  [ERROR]: Database connection failed: getaddrinfo EAI_AGAIN mysql
2026-07-03 07:49:46  [INFO]: Server running on port 3000
2026-07-03 07:49:51  [ERROR]: Database connection failed: getaddrinfo EAI_AGAIN mysql
2026-07-03 07:50:52  [INFO]: Server running on port 3000
2026-07-03 07:50:57  [ERROR]: Database connection failed: getaddrinfo EAI_AGAIN mysql
2026-07-03 07:52:01  [INFO]: Server running on port 3000
2026-07-03 07:52:06  [ERROR]: Database connection failed: getaddrinfo EAI_AGAIN mysql
2026-07-03 07:53:07  [INFO]: Server running on port 3000
2026-07-03 07:53:12  [ERROR]: Database connection failed: getaddrinfo EAI_AGAIN mysql
2026-07-03 07:54:15  [INFO]: Server running on port 3000
2026-07-03 07:54:20  [ERROR]: Database connection failed: getaddrinfo EAI_AGAIN mysql
2026-07-03 07:55:22  [INFO]: Server running on port 3000
2026-07-03 07:55:27  [ERROR]: Database connection failed: getaddrinfo EAI_AGAIN mysql
2026-07-03 07:56:29  [INFO]: Server running on port 3000
2026-07-03 07:56:34  [ERROR]: Database connection failed: getaddrinfo EAI_AGAIN mysql
2026-07-03 07:57:36  [INFO]: Server running on port 3000
2026-07-03 07:57:41  [ERROR]: Database connection failed: getaddrinfo EAI_AGAIN mysql
2026-07-03 07:58:43  [INFO]: Server running on port 3000
2026-07-03 07:58:48  [ERROR]: Database connection failed: getaddrinfo EAI_AGAIN mysql
2026-07-03 07:59:50  [INFO]: Server running on port 3000
2026-07-03 07:59:55  [ERROR]: Database connection failed: getaddrinfo EAI_AGAIN mysql
2026-07-03 08:00:57  [INFO]: Server running on port 3000
2026-07-03 08:01:02  [ERROR]: Database connection failed: getaddrinfo EAI_AGAIN mysql
2026-07-03 08:02:03  [INFO]: Server running on port 3000
2026-07-03 08:02:08  [ERROR]: Database connection failed: getaddrinfo EAI_AGAIN mysql
2026-07-03 08:03:10  [INFO]: Server running on port 3000
2026-07-03 08:03:15  [ERROR]: Database connection failed: getaddrinfo EAI_AGAIN mysql
2026-07-03 08:04:17  [INFO]: Server running on port 3000
2026-07-03 08:04:22  [ERROR]: Database connection failed: getaddrinfo EAI_AGAIN mysql
2026-07-03 08:05:24  [INFO]: Server running on port 3000
2026-07-03 08:05:29  [ERROR]: Database connection failed: getaddrinfo EAI_AGAIN mysql
2026-07-03 08:06:31  [INFO]: Server running on port 3000
2026-07-03 08:06:36  [ERROR]: Database connection failed: getaddrinfo EAI_AGAIN mysql
2026-07-03 08:07:38  [INFO]: Server running on port 3000
2026-07-03 08:07:43  [ERROR]: Database connection failed: getaddrinfo EAI_AGAIN mysql
2026-07-03 08:08:45  [INFO]: Server running on port 3000
2026-07-03 08:08:50  [ERROR]: Database connection failed: getaddrinfo EAI_AGAIN mysql
2026-07-03 08:09:51  [INFO]: Server running on port 3000
2026-07-03 08:09:56  [ERROR]: Database connection failed: getaddrinfo EAI_AGAIN mysql
2026-07-03 08:10:58  [INFO]: Server running on port 3000
2026-07-03 08:11:03  [ERROR]: Database connection failed: getaddrinfo EAI_AGAIN mysql
2026-07-03 08:12:05  [INFO]: Server running on port 3000
2026-07-03 08:12:10  [ERROR]: Database connection failed: getaddrinfo EAI_AGAIN mysql
2026-07-03 08:13:12  [INFO]: Server running on port 3000
2026-07-03 08:13:17  [ERROR]: Database connection failed: getaddrinfo EAI_AGAIN mysql
2026-07-03 08:14:18  [INFO]: Server running on port 3000
2026-07-03 08:14:23  [ERROR]: Database connection failed: getaddrinfo EAI_AGAIN mysql
2026-07-03 08:15:27  [INFO]: Server running on port 3000
2026-07-03 08:15:32  [ERROR]: Database connection failed: getaddrinfo EAI_AGAIN mysql
2026-07-03 08:16:33  [INFO]: Server running on port 3000
2026-07-03 08:16:38  [ERROR]: Database connection failed: getaddrinfo EAI_AGAIN mysql
2026-07-03 08:17:40  [INFO]: Server running on port 3000
2026-07-03 08:17:45  [ERROR]: Database connection failed: getaddrinfo EAI_AGAIN mysql
2026-07-03 08:18:48  [INFO]: Server running on port 3000
2026-07-03 08:18:53  [ERROR]: Database connection failed: getaddrinfo EAI_AGAIN mysql
2026-07-03 08:19:55  [INFO]: Server running on port 3000
2026-07-03 08:20:00  [ERROR]: Database connection failed: getaddrinfo EAI_AGAIN mysql
2026-07-03 08:21:01  [INFO]: Server running on port 3000
2026-07-03 08:21:06  [ERROR]: Database connection failed: getaddrinfo EAI_AGAIN mysql
2026-07-03 08:22:08  [INFO]: Server running on port 3000
2026-07-03 08:22:13  [ERROR]: Database connection failed: getaddrinfo EAI_AGAIN mysql
2026-07-03 08:23:17  [INFO]: Server running on port 3000
2026-07-03 08:23:22  [ERROR]: Database connection failed: getaddrinfo EAI_AGAIN mysql
2026-07-03 08:24:26  [INFO]: Server running on port 3000
2026-07-03 08:24:31  [ERROR]: Database connection failed: getaddrinfo EAI_AGAIN mysql
2026-07-03 08:25:33  [INFO]: Server running on port 3000
2026-07-03 08:25:38  [ERROR]: Database connection failed: getaddrinfo EAI_AGAIN mysql
2026-07-03 08:26:39  [INFO]: Server running on port 3000
2026-07-03 08:26:44  [ERROR]: Database connection failed: getaddrinfo EAI_AGAIN mysql
2026-07-03 08:27:47  [INFO]: Server running on port 3000
2026-07-03 08:27:52  [ERROR]: Database connection failed: getaddrinfo EAI_AGAIN mysql
2026-07-03 08:28:54  [INFO]: Server running on port 3000
2026-07-03 08:28:59  [ERROR]: Database connection failed: getaddrinfo EAI_AGAIN mysql
2026-07-03 08:30:01  [INFO]: Server running on port 3000
2026-07-03 08:30:06  [ERROR]: Database connection failed: getaddrinfo EAI_AGAIN mysql
2026-07-03 08:31:10  [INFO]: Server running on port 3000
2026-07-03 08:31:15  [ERROR]: Database connection failed: getaddrinfo EAI_AGAIN mysql
2026-07-03 08:32:16  [INFO]: Server running on port 3000
2026-07-03 08:32:21  [ERROR]: Database connection failed: getaddrinfo EAI_AGAIN mysql
2026-07-03 08:33:23  [INFO]: Server running on port 3000
2026-07-03 08:33:28  [ERROR]: Database connection failed: getaddrinfo EAI_AGAIN mysql
2026-07-03 08:34:31  [INFO]: Server running on port 3000
2026-07-03 08:34:36  [ERROR]: Database connection failed: getaddrinfo EAI_AGAIN mysql
2026-07-03 08:35:39  [INFO]: Server running on port 3000
2026-07-03 08:35:44  [ERROR]: Database connection failed: getaddrinfo EAI_AGAIN mysql
2026-07-03 08:36:46  [INFO]: Server running on port 3000
2026-07-03 08:36:51  [ERROR]: Database connection failed: getaddrinfo EAI_AGAIN mysql
2026-07-03 08:37:52  [INFO]: Server running on port 3000
2026-07-03 08:37:57  [ERROR]: Database connection failed: getaddrinfo EAI_AGAIN mysql
2026-07-03 08:38:58  [INFO]: Server running on port 3000
2026-07-03 08:39:03  [ERROR]: Database connection failed: getaddrinfo EAI_AGAIN mysql
2026-07-03 08:40:05  [INFO]: Server running on port 3000
2026-07-03 08:40:10  [ERROR]: Database connection failed: getaddrinfo EAI_AGAIN mysql
2026-07-03 08:41:11  [INFO]: Server running on port 3000
2026-07-03 08:41:16  [ERROR]: Database connection failed: getaddrinfo EAI_AGAIN mysql
2026-07-03 08:42:18  [INFO]: Server running on port 3000
2026-07-03 08:42:23  [ERROR]: Database connection failed: getaddrinfo EAI_AGAIN mysql
2026-07-03 08:43:25  [INFO]: Server running on port 3000
2026-07-03 08:43:30  [ERROR]: Database connection failed: getaddrinfo EAI_AGAIN mysql
2026-07-03 08:44:32  [INFO]: Server running on port 3000
2026-07-03 08:44:37  [ERROR]: Database connection failed: getaddrinfo EAI_AGAIN mysql
2026-07-03 08:45:39  [INFO]: Server running on port 3000
2026-07-03 08:45:44  [ERROR]: Database connection failed: getaddrinfo EAI_AGAIN mysql
2026-07-03 08:46:45  [INFO]: Server running on port 3000
2026-07-03 08:46:50  [ERROR]: Database connection failed: getaddrinfo EAI_AGAIN mysql
2026-07-03 08:47:53  [INFO]: Server running on port 3000
2026-07-03 08:47:58  [ERROR]: Database connection failed: getaddrinfo EAI_AGAIN mysql
2026-07-03 08:49:01  [INFO]: Server running on port 3000
2026-07-03 08:49:06  [ERROR]: Database connection failed: getaddrinfo EAI_AGAIN mysql
2026-07-03 08:50:09  [INFO]: Server running on port 3000
2026-07-03 08:50:14  [ERROR]: Database connection failed: getaddrinfo EAI_AGAIN mysql
2026-07-03 08:51:16  [INFO]: Server running on port 3000
2026-07-03 08:51:21  [ERROR]: Database connection failed: getaddrinfo EAI_AGAIN mysql
2026-07-03 08:52:22  [INFO]: Server running on port 3000
2026-07-03 08:52:27  [ERROR]: Database connection failed: getaddrinfo EAI_AGAIN mysql
2026-07-03 08:53:29  [INFO]: Server running on port 3000
2026-07-03 08:53:34  [ERROR]: Database connection failed: getaddrinfo EAI_AGAIN mysql
2026-07-03 08:54:36  [INFO]: Server running on port 3000
2026-07-03 08:54:41  [ERROR]: Database connection failed: getaddrinfo EAI_AGAIN mysql
2026-07-03 08:55:43  [INFO]: Server running on port 3000
2026-07-03 08:55:48  [ERROR]: Database connection failed: getaddrinfo EAI_AGAIN mysql
2026-07-03 08:56:49  [INFO]: Server running on port 3000
2026-07-03 08:56:54  [ERROR]: Database connection failed: getaddrinfo EAI_AGAIN mysql
2026-07-03 08:57:56  [INFO]: Server running on port 3000
2026-07-03 08:58:01  [ERROR]: Database connection failed: getaddrinfo EAI_AGAIN mysql
2026-07-03 08:59:02  [INFO]: Server running on port 3000
2026-07-03 08:59:07  [ERROR]: Database connection failed: getaddrinfo EAI_AGAIN mysql
2026-07-03 09:00:08  [INFO]: Server running on port 3000
2026-07-03 09:00:13  [ERROR]: Database connection failed: getaddrinfo EAI_AGAIN mysql
2026-07-03 09:01:15  [INFO]: Server running on port 3000
2026-07-03 09:01:20  [ERROR]: Database connection failed: getaddrinfo EAI_AGAIN mysql
2026-07-03 09:02:21  [INFO]: Server running on port 3000
2026-07-03 09:02:26  [ERROR]: Database connection failed: getaddrinfo EAI_AGAIN mysql
2026-07-03 09:03:27  [INFO]: Server running on port 3000
2026-07-03 09:03:32  [ERROR]: Database connection failed: getaddrinfo EAI_AGAIN mysql
2026-07-03 09:04:34  [INFO]: Server running on port 3000
2026-07-03 09:04:39  [ERROR]: Database connection failed: getaddrinfo EAI_AGAIN mysql
2026-07-03 10:29:42  [INFO]: Server running on port 3000
2026-07-03 10:29:47  [ERROR]: Database connection failed: getaddrinfo EAI_AGAIN mysql
2026-07-03 10:30:48  [INFO]: Server running on port 3000
2026-07-03 10:30:53  [ERROR]: Database connection failed: getaddrinfo EAI_AGAIN mysql
2026-07-03 10:31:54  [INFO]: Server running on port 3000
2026-07-03 10:31:59  [ERROR]: Database connection failed: getaddrinfo EAI_AGAIN mysql
2026-07-03 10:33:00  [INFO]: Server running on port 3000
2026-07-03 10:33:05  [ERROR]: Database connection failed: getaddrinfo EAI_AGAIN mysql
2026-07-03 10:34:06  [INFO]: Server running on port 3000
2026-07-03 10:34:11  [ERROR]: Database connection failed: getaddrinfo EAI_AGAIN mysql
2026-07-03 10:35:12  [INFO]: Server running on port 3000
2026-07-03 10:35:17  [ERROR]: Database connection failed: getaddrinfo EAI_AGAIN mysql
2026-07-03 10:36:18  [INFO]: Server running on port 3000
2026-07-03 10:36:23  [ERROR]: Database connection failed: getaddrinfo EAI_AGAIN mysql
2026-07-03 10:37:24  [INFO]: Server running on port 3000
2026-07-03 10:37:29  [ERROR]: Database connection failed: getaddrinfo EAI_AGAIN mysql
2026-07-03 10:38:30  [INFO]: Server running on port 3000
2026-07-03 10:38:35  [ERROR]: Database connection failed: getaddrinfo EAI_AGAIN mysql
2026-07-03 10:39:36  [INFO]: Server running on port 3000
2026-07-03 10:39:41  [ERROR]: Database connection failed: getaddrinfo EAI_AGAIN mysql
2026-07-03 10:40:42  [INFO]: Server running on port 3000
2026-07-03 10:40:47  [ERROR]: Database connection failed: getaddrinfo EAI_AGAIN mysql
2026-07-03 10:41:48  [INFO]: Server running on port 3000
2026-07-03 10:41:53  [ERROR]: Database connection failed: getaddrinfo EAI_AGAIN mysql
2026-07-03 10:42:54  [INFO]: Server running on port 3000
2026-07-03 10:42:59  [ERROR]: Database connection failed: getaddrinfo EAI_AGAIN mysql
2026-07-03 10:44:00  [INFO]: Server running on port 3000
2026-07-03 10:44:05  [ERROR]: Database connection failed: getaddrinfo EAI_AGAIN mysql
2026-07-03 10:45:06  [INFO]: Server running on port 3000
2026-07-03 10:45:11  [ERROR]: Database connection failed: getaddrinfo EAI_AGAIN mysql
2026-07-03 10:46:12  [INFO]: Server running on port 3000
2026-07-03 10:46:17  [ERROR]: Database connection failed: getaddrinfo EAI_AGAIN mysql
2026-07-03 10:47:18  [INFO]: Server running on port 3000
2026-07-03 10:47:23  [ERROR]: Database connection failed: getaddrinfo EAI_AGAIN mysql
2026-07-03 10:48:24  [INFO]: Server running on port 3000
2026-07-03 10:48:29  [ERROR]: Database connection failed: getaddrinfo EAI_AGAIN mysql
2026-07-03 10:49:30  [INFO]: Server running on port 3000
2026-07-03 10:49:35  [ERROR]: Database connection failed: getaddrinfo EAI_AGAIN mysql
2026-07-03 10:50:36  [INFO]: Server running on port 3000
2026-07-03 10:50:41  [ERROR]: Database connection failed: getaddrinfo EAI_AGAIN mysql
2026-07-03 10:51:42  [INFO]: Server running on port 3000
2026-07-03 10:51:47  [ERROR]: Database connection failed: getaddrinfo EAI_AGAIN mysql
2026-07-03 10:52:47  [INFO]: Server running on port 3000
2026-07-03 10:52:52  [ERROR]: Database connection failed: getaddrinfo EAI_AGAIN mysql
2026-07-03 10:53:53  [INFO]: Server running on port 3000
2026-07-03 10:53:58  [ERROR]: Database connection failed: getaddrinfo EAI_AGAIN mysql
2026-07-03 10:54:59  [INFO]: Server running on port 3000
2026-07-03 10:55:04  [ERROR]: Database connection failed: getaddrinfo EAI_AGAIN mysql
2026-07-03 10:56:05  [INFO]: Server running on port 3000
2026-07-03 10:56:10  [ERROR]: Database connection failed: getaddrinfo EAI_AGAIN mysql
2026-07-03 10:57:12  [INFO]: Server running on port 3000
2026-07-03 10:57:17  [ERROR]: Database connection failed: getaddrinfo EAI_AGAIN mysql
2026-07-03 10:58:18  [INFO]: Server running on port 3000
2026-07-03 10:58:23  [ERROR]: Database connection failed: getaddrinfo EAI_AGAIN mysql
2026-07-03 10:59:25  [INFO]: Server running on port 3000
2026-07-03 10:59:30  [ERROR]: Database connection failed: getaddrinfo EAI_AGAIN mysql
2026-07-03 11:00:31  [INFO]: Server running on port 3000
2026-07-03 11:00:36  [ERROR]: Database connection failed: getaddrinfo EAI_AGAIN mysql
2026-07-03 11:01:38  [INFO]: Server running on port 3000
2026-07-03 11:01:43  [ERROR]: Database connection failed: getaddrinfo EAI_AGAIN mysql
2026-07-03 11:02:44  [INFO]: Server running on port 3000
2026-07-03 11:02:49  [ERROR]: Database connection failed: getaddrinfo EAI_AGAIN mysql
2026-07-03 11:03:51  [INFO]: Server running on port 3000
2026-07-03 11:03:56  [ERROR]: Database connection failed: getaddrinfo EAI_AGAIN mysql
2026-07-03 11:05:16  [INFO]: Server running on port 3000
2026-07-03 11:05:21  [ERROR]: Database connection failed: getaddrinfo EAI_AGAIN mysql
2026-07-03 11:05:36  [INFO]: Server running on port 3000
2026-07-03 11:05:41  [ERROR]: Database connection failed: getaddrinfo EAI_AGAIN mysql
2026-07-03 11:06:05  [INFO]: Server running on port 3000
2026-07-03 11:06:10  [ERROR]: Database connection failed: getaddrinfo EAI_AGAIN mysql
2026-07-03 11:06:14  [INFO]: Server running on port 3000
2026-07-03 11:06:19  [ERROR]: Database connection failed: getaddrinfo EAI_AGAIN mysql
2026-07-03 11:06:25  [INFO]: Server running on port 3000
2026-07-03 11:06:30  [ERROR]: Database connection failed: getaddrinfo EAI_AGAIN mysql
2026-07-03 11:06:33  [INFO]: Server running on port 3000
2026-07-03 11:06:38  [ERROR]: Database connection failed: getaddrinfo EAI_AGAIN mysql
2026-07-03 11:06:43  [INFO]: Server running on port 3000
2026-07-03 11:06:48  [ERROR]: Database connection failed: getaddrinfo EAI_AGAIN mysql
2026-07-03 11:06:53  [INFO]: Server running on port 3000
2026-07-03 11:06:58  [ERROR]: Database connection failed: getaddrinfo EAI_AGAIN mysql
2026-07-03 11:07:05  [INFO]: Server running on port 3000
2026-07-03 11:07:10  [ERROR]: Database connection failed: getaddrinfo EAI_AGAIN mysql
2026-07-03 11:07:18  [INFO]: Server running on port 3000
2026-07-03 11:07:23  [ERROR]: Database connection failed: getaddrinfo EAI_AGAIN mysql
2026-07-03 11:07:37  [INFO]: Server running on port 3000
2026-07-03 11:07:42  [ERROR]: Database connection failed: getaddrinfo EAI_AGAIN mysql
2026-07-03 11:08:10  [INFO]: Server running on port 3000
2026-07-03 11:08:15  [ERROR]: Database connection failed: getaddrinfo EAI_AGAIN mysql
2026-07-03 11:09:07  [INFO]: Server running on port 3000
2026-07-03 11:09:12  [ERROR]: Database connection failed: getaddrinfo EAI_AGAIN mysql
2026-07-03 11:10:13  [INFO]: Server running on port 3000
2026-07-03 11:10:18  [ERROR]: Database connection failed: getaddrinfo EAI_AGAIN mysql
2026-07-03 11:11:19  [INFO]: Server running on port 3000
2026-07-03 11:11:24  [ERROR]: Database connection failed: getaddrinfo EAI_AGAIN mysql
2026-07-03 11:12:25  [INFO]: Server running on port 3000
2026-07-03 11:12:30  [ERROR]: Database connection failed: getaddrinfo EAI_AGAIN mysql
2026-07-03 11:13:31  [INFO]: Server running on port 3000
2026-07-03 11:13:36  [ERROR]: Database connection failed: getaddrinfo EAI_AGAIN mysql
2026-07-03 11:14:37  [INFO]: Server running on port 3000
2026-07-03 11:14:42  [ERROR]: Database connection failed: getaddrinfo EAI_AGAIN mysql
2026-07-03 11:15:43  [INFO]: Server running on port 3000
2026-07-03 11:15:48  [ERROR]: Database connection failed: getaddrinfo EAI_AGAIN mysql
2026-07-03 11:16:49  [INFO]: Server running on port 3000
2026-07-03 11:16:54  [ERROR]: Database connection failed: getaddrinfo EAI_AGAIN mysql
2026-07-03 11:17:55  [INFO]: Server running on port 3000
2026-07-03 11:18:00  [ERROR]: Database connection failed: getaddrinfo EAI_AGAIN mysql
2026-07-03 11:19:01  [INFO]: Server running on port 3000
2026-07-03 11:19:06  [ERROR]: Database connection failed: getaddrinfo EAI_AGAIN mysql
2026-07-03 11:20:07  [INFO]: Server running on port 3000
2026-07-03 11:20:12  [ERROR]: Database connection failed: getaddrinfo EAI_AGAIN mysql
2026-07-03 11:21:15  [INFO]: Server running on port 3000
2026-07-03 11:21:20  [ERROR]: Database connection failed: getaddrinfo EAI_AGAIN mysql
2026-07-03 11:22:21  [INFO]: Server running on port 3000
2026-07-03 11:22:26  [ERROR]: Database connection failed: getaddrinfo EAI_AGAIN mysql
2026-07-03 11:23:27  [INFO]: Server running on port 3000
2026-07-03 11:23:32  [ERROR]: Database connection failed: getaddrinfo EAI_AGAIN mysql
2026-07-03 11:24:33  [INFO]: Server running on port 3000
2026-07-03 11:24:38  [ERROR]: Database connection failed: getaddrinfo EAI_AGAIN mysql
2026-07-03 11:25:39  [INFO]: Server running on port 3000
2026-07-03 11:25:44  [ERROR]: Database connection failed: getaddrinfo EAI_AGAIN mysql
2026-07-03 11:26:45  [INFO]: Server running on port 3000
2026-07-03 11:26:50  [ERROR]: Database connection failed: getaddrinfo EAI_AGAIN mysql
2026-07-03 11:27:51  [INFO]: Server running on port 3000
2026-07-03 11:27:56  [ERROR]: Database connection failed: getaddrinfo EAI_AGAIN mysql
2026-07-03 11:28:57  [INFO]: Server running on port 3000
2026-07-03 11:29:02  [ERROR]: Database connection failed: getaddrinfo EAI_AGAIN mysql
2026-07-03 11:30:02  [INFO]: Server running on port 3000
2026-07-03 11:30:07  [ERROR]: Database connection failed: getaddrinfo EAI_AGAIN mysql
2026-07-03 11:31:08  [INFO]: Server running on port 3000
2026-07-03 11:31:13  [ERROR]: Database connection failed: getaddrinfo EAI_AGAIN mysql
2026-07-03 11:32:14  [INFO]: Server running on port 3000
2026-07-03 11:32:19  [ERROR]: Database connection failed: getaddrinfo EAI_AGAIN mysql
2026-07-03 11:33:20  [INFO]: Server running on port 3000
2026-07-03 11:33:25  [ERROR]: Database connection failed: getaddrinfo EAI_AGAIN mysql
2026-07-03 11:34:26  [INFO]: Server running on port 3000
2026-07-03 11:34:31  [ERROR]: Database connection failed: getaddrinfo EAI_AGAIN mysql
2026-07-03 11:35:32  [INFO]: Server running on port 3000
2026-07-03 11:35:37  [ERROR]: Database connection failed: getaddrinfo EAI_AGAIN mysql
2026-07-03 11:36:37  [INFO]: Server running on port 3000
2026-07-03 11:36:42  [ERROR]: Database connection failed: getaddrinfo EAI_AGAIN mysql
2026-07-03 11:37:43  [INFO]: Server running on port 3000
2026-07-03 11:37:48  [ERROR]: Database connection failed: getaddrinfo EAI_AGAIN mysql
2026-07-03 11:38:49  [INFO]: Server running on port 3000
2026-07-03 11:38:54  [ERROR]: Database connection failed: getaddrinfo EAI_AGAIN mysql
2026-07-03 11:39:55  [INFO]: Server running on port 3000
2026-07-03 11:40:00  [ERROR]: Database connection failed: getaddrinfo EAI_AGAIN mysql
2026-07-03 11:41:01  [INFO]: Server running on port 3000
2026-07-03 11:41:06  [ERROR]: Database connection failed: getaddrinfo EAI_AGAIN mysql
2026-07-03 11:42:07  [INFO]: Server running on port 3000
2026-07-03 11:42:12  [ERROR]: Database connection failed: getaddrinfo EAI_AGAIN mysql
2026-07-03 11:43:13  [INFO]: Server running on port 3000
2026-07-03 11:43:18  [ERROR]: Database connection failed: getaddrinfo EAI_AGAIN mysql
2026-07-03 11:44:18  [INFO]: Server running on port 3000
2026-07-03 11:44:23  [ERROR]: Database connection failed: getaddrinfo EAI_AGAIN mysql
2026-07-03 11:45:24  [INFO]: Server running on port 3000
2026-07-03 11:45:29  [ERROR]: Database connection failed: getaddrinfo EAI_AGAIN mysql
2026-07-03 11:46:30  [INFO]: Server running on port 3000
2026-07-03 11:46:35  [ERROR]: Database connection failed: getaddrinfo EAI_AGAIN mysql
2026-07-03 11:47:36  [INFO]: Server running on port 3000
2026-07-03 11:47:41  [ERROR]: Database connection failed: getaddrinfo EAI_AGAIN mysql
2026-07-03 11:48:42  [INFO]: Server running on port 3000
2026-07-03 11:48:47  [ERROR]: Database connection failed: getaddrinfo EAI_AGAIN mysql
2026-07-03 11:49:48  [INFO]: Server running on port 3000
2026-07-03 11:49:53  [ERROR]: Database connection failed: getaddrinfo EAI_AGAIN mysql
2026-07-03 11:50:54  [INFO]: Server running on port 3000
2026-07-03 11:50:59  [ERROR]: Database connection failed: getaddrinfo EAI_AGAIN mysql
2026-07-03 11:52:00  [INFO]: Server running on port 3000
2026-07-03 11:52:05  [ERROR]: Database connection failed: getaddrinfo EAI_AGAIN mysql
2026-07-03 11:53:05  [INFO]: Server running on port 3000
2026-07-03 11:53:10  [ERROR]: Database connection failed: getaddrinfo EAI_AGAIN mysql
2026-07-03 11:54:11  [INFO]: Server running on port 3000
2026-07-03 11:54:16  [ERROR]: Database connection failed: getaddrinfo EAI_AGAIN mysql
2026-07-03 11:55:17  [INFO]: Server running on port 3000
2026-07-03 11:55:22  [ERROR]: Database connection failed: getaddrinfo EAI_AGAIN mysql
2026-07-03 11:56:23  [INFO]: Server running on port 3000
2026-07-03 11:56:28  [ERROR]: Database connection failed: getaddrinfo EAI_AGAIN mysql
2026-07-03 11:57:29  [INFO]: Server running on port 3000
2026-07-03 11:57:34  [ERROR]: Database connection failed: getaddrinfo EAI_AGAIN mysql
2026-07-03 11:58:35  [INFO]: Server running on port 3000
2026-07-03 11:58:40  [ERROR]: Database connection failed: getaddrinfo EAI_AGAIN mysql
2026-07-03 11:59:41  [INFO]: Server running on port 3000
2026-07-03 11:59:46  [ERROR]: Database connection failed: getaddrinfo EAI_AGAIN mysql
2026-07-03 12:00:46  [INFO]: Server running on port 3000
2026-07-03 12:00:51  [ERROR]: Database connection failed: getaddrinfo EAI_AGAIN mysql
2026-07-03 12:01:52  [INFO]: Server running on port 3000
2026-07-03 12:01:57  [ERROR]: Database connection failed: getaddrinfo EAI_AGAIN mysql
2026-07-03 12:02:58  [INFO]: Server running on port 3000
2026-07-03 12:03:03  [ERROR]: Database connection failed: getaddrinfo EAI_AGAIN mysql
2026-07-03 12:04:04  [INFO]: Server running on port 3000
2026-07-03 12:04:09  [ERROR]: Database connection failed: getaddrinfo EAI_AGAIN mysql
2026-07-03 12:05:10  [INFO]: Server running on port 3000
2026-07-03 12:05:15  [ERROR]: Database connection failed: getaddrinfo EAI_AGAIN mysql
2026-07-03 12:06:16  [INFO]: Server running on port 3000
2026-07-03 12:06:21  [ERROR]: Database connection failed: getaddrinfo EAI_AGAIN mysql
2026-07-03 12:07:22  [INFO]: Server running on port 3000
2026-07-03 12:07:27  [ERROR]: Database connection failed: getaddrinfo EAI_AGAIN mysql
2026-07-03 12:08:28  [INFO]: Server running on port 3000
2026-07-03 12:08:33  [ERROR]: Database connection failed: getaddrinfo EAI_AGAIN mysql
2026-07-03 12:09:33  [INFO]: Server running on port 3000
2026-07-03 12:09:38  [ERROR]: Database connection failed: getaddrinfo EAI_AGAIN mysql
2026-07-03 12:10:40  [INFO]: Server running on port 3000
2026-07-03 12:10:45  [ERROR]: Database connection failed: getaddrinfo EAI_AGAIN mysql
2026-07-03 12:11:46  [INFO]: Server running on port 3000
2026-07-03 12:11:51  [ERROR]: Database connection failed: getaddrinfo EAI_AGAIN mysql
2026-07-03 12:12:52  [INFO]: Server running on port 3000
2026-07-03 12:12:57  [ERROR]: Database connection failed: getaddrinfo EAI_AGAIN mysql
2026-07-03 12:13:58  [INFO]: Server running on port 3000
2026-07-03 12:14:03  [ERROR]: Database connection failed: getaddrinfo EAI_AGAIN mysql
2026-07-03 12:15:04  [INFO]: Server running on port 3000
2026-07-03 12:15:09  [ERROR]: Database connection failed: getaddrinfo EAI_AGAIN mysql
2026-07-03 12:16:10  [INFO]: Server running on port 3000
2026-07-03 12:16:15  [ERROR]: Database connection failed: getaddrinfo EAI_AGAIN mysql
2026-07-03 12:22:29  [INFO]: Server running on port 3000
2026-07-03 12:22:34  [ERROR]: Database connection failed: getaddrinfo EAI_AGAIN mysql
2026-07-04 11:17:50  [INFO]: Server running on port 3000
2026-07-04 11:17:55  [ERROR]: Database connection failed: getaddrinfo EAI_AGAIN mysql
2026-07-05 10:30:32  [INFO]: Server running on port 3000
2026-07-05 10:30:37  [ERROR]: Database connection failed: getaddrinfo EAI_AGAIN mysql
2026-07-05 10:31:40  [INFO]: Server running on port 3000
2026-07-05 10:46:39  [ERROR]: Database connection failed: getaddrinfo EAI_AGAIN mysql
2026-07-05 10:46:42  [INFO]: Server running on port 3000
2026-07-05 10:46:47  [ERROR]: Database connection failed: getaddrinfo EAI_AGAIN mysql
2026-07-05 10:46:49  [INFO]: Server running on port 3000
2026-07-05 10:46:54  [ERROR]: Database connection failed: getaddrinfo EAI_AGAIN mysql
2026-07-05 10:46:56  [INFO]: Server running on port 3000
2026-07-05 10:47:01  [ERROR]: Database connection failed: getaddrinfo EAI_AGAIN mysql
2026-07-05 10:47:04  [INFO]: Server running on port 3000
2026-07-05 10:47:09  [ERROR]: Database connection failed: getaddrinfo EAI_AGAIN mysql
2026-07-05 10:47:12  [INFO]: Server running on port 3000
2026-07-05 10:47:17  [ERROR]: Database connection failed: getaddrinfo EAI_AGAIN mysql
2026-07-05 10:47:22  [INFO]: Server running on port 3000
2026-07-05 10:47:27  [ERROR]: Database connection failed: getaddrinfo EAI_AGAIN mysql
2026-07-05 10:47:35  [INFO]: Server running on port 3000
2026-07-05 10:47:40  [ERROR]: Database connection failed: getaddrinfo EAI_AGAIN mysql
2026-07-05 10:47:55  [INFO]: Server running on port 3000
2026-07-05 10:48:00  [ERROR]: Database connection failed: getaddrinfo EAI_AGAIN mysql
2026-07-05 10:48:27  [INFO]: Server running on port 3000
2026-07-05 10:48:32  [ERROR]: Database connection failed: getaddrinfo EAI_AGAIN mysql
2026-07-05 10:49:25  [INFO]: Server running on port 3000
2026-07-05 10:49:30  [ERROR]: Database connection failed: getaddrinfo EAI_AGAIN mysql
2026-07-05 10:50:32  [INFO]: Server running on port 3000
2026-07-05 10:50:37  [ERROR]: Database connection failed: getaddrinfo EAI_AGAIN mysql
2026-07-05 10:51:38  [INFO]: Server running on port 3000
2026-07-05 10:51:43  [ERROR]: Database connection failed: getaddrinfo EAI_AGAIN mysql
2026-07-05 10:52:44  [INFO]: Server running on port 3000
2026-07-05 10:52:49  [ERROR]: Database connection failed: getaddrinfo EAI_AGAIN mysql
2026-07-05 10:53:51  [INFO]: Server running on port 3000
2026-07-05 10:53:56  [ERROR]: Database connection failed: getaddrinfo EAI_AGAIN mysql
2026-07-05 10:54:57  [INFO]: Server running on port 3000
2026-07-05 10:55:02  [ERROR]: Database connection failed: getaddrinfo EAI_AGAIN mysql
2026-07-05 10:56:03  [INFO]: Server running on port 3000
2026-07-05 10:56:08  [ERROR]: Database connection failed: getaddrinfo EAI_AGAIN mysql
2026-07-05 10:57:10  [INFO]: Server running on port 3000
2026-07-05 10:57:15  [ERROR]: Database connection failed: getaddrinfo EAI_AGAIN mysql
2026-07-05 10:58:16  [INFO]: Server running on port 3000
2026-07-05 10:58:21  [ERROR]: Database connection failed: getaddrinfo EAI_AGAIN mysql
2026-07-05 10:59:22  [INFO]: Server running on port 3000
2026-07-05 10:59:27  [ERROR]: Database connection failed: getaddrinfo EAI_AGAIN mysql
2026-07-05 11:00:29  [INFO]: Server running on port 3000
2026-07-05 11:00:34  [ERROR]: Database connection failed: getaddrinfo EAI_AGAIN mysql
2026-07-05 11:01:35  [INFO]: Server running on port 3000
2026-07-05 11:01:40  [ERROR]: Database connection failed: getaddrinfo EAI_AGAIN mysql
2026-07-05 11:02:41  [INFO]: Server running on port 3000
2026-07-05 11:02:46  [ERROR]: Database connection failed: getaddrinfo EAI_AGAIN mysql
2026-07-05 11:03:47  [INFO]: Server running on port 3000
2026-07-05 11:03:52  [ERROR]: Database connection failed: getaddrinfo EAI_AGAIN mysql
2026-07-05 11:04:54  [INFO]: Server running on port 3000
2026-07-05 11:04:59  [ERROR]: Database connection failed: getaddrinfo EAI_AGAIN mysql
2026-07-05 11:06:01  [INFO]: Server running on port 3000
2026-07-05 11:06:06  [ERROR]: Database connection failed: getaddrinfo EAI_AGAIN mysql
2026-07-05 11:07:08  [INFO]: Server running on port 3000
2026-07-05 11:07:13  [ERROR]: Database connection failed: getaddrinfo EAI_AGAIN mysql
2026-07-05 11:08:14  [INFO]: Server running on port 3000
2026-07-05 11:08:19  [ERROR]: Database connection failed: getaddrinfo EAI_AGAIN mysql
2026-07-05 11:09:20  [INFO]: Server running on port 3000
2026-07-05 11:09:25  [ERROR]: Database connection failed: getaddrinfo EAI_AGAIN mysql
2026-07-05 11:10:26  [INFO]: Server running on port 3000
2026-07-05 11:10:31  [ERROR]: Database connection failed: getaddrinfo EAI_AGAIN mysql
2026-07-05 11:11:32  [INFO]: Server running on port 3000
2026-07-05 11:11:37  [ERROR]: Database connection failed: getaddrinfo EAI_AGAIN mysql
2026-07-05 11:12:39  [INFO]: Server running on port 3000
2026-07-05 11:12:44  [ERROR]: Database connection failed: getaddrinfo EAI_AGAIN mysql
2026-07-05 11:13:45  [INFO]: Server running on port 3000
2026-07-05 11:13:50  [ERROR]: Database connection failed: getaddrinfo EAI_AGAIN mysql
2026-07-05 11:14:51  [INFO]: Server running on port 3000
2026-07-05 11:14:56  [ERROR]: Database connection failed: getaddrinfo EAI_AGAIN mysql
2026-07-05 11:15:58  [INFO]: Server running on port 3000
2026-07-05 11:16:03  [ERROR]: Database connection failed: getaddrinfo EAI_AGAIN mysql
2026-07-05 11:17:05  [INFO]: Server running on port 3000
2026-07-05 11:17:10  [ERROR]: Database connection failed: getaddrinfo EAI_AGAIN mysql
2026-07-05 11:18:11  [INFO]: Server running on port 3000
2026-07-05 11:18:16  [ERROR]: Database connection failed: getaddrinfo EAI_AGAIN mysql
2026-07-05 11:19:17  [INFO]: Server running on port 3000
2026-07-05 11:19:22  [ERROR]: Database connection failed: getaddrinfo EAI_AGAIN mysql
2026-07-05 11:20:24  [INFO]: Server running on port 3000
2026-07-05 11:20:29  [ERROR]: Database connection failed: getaddrinfo EAI_AGAIN mysql
2026-07-05 11:21:30  [INFO]: Server running on port 3000
2026-07-05 11:21:35  [ERROR]: Database connection failed: getaddrinfo EAI_AGAIN mysql
2026-07-05 11:22:36  [INFO]: Server running on port 3000
2026-07-05 11:22:41  [ERROR]: Database connection failed: getaddrinfo EAI_AGAIN mysql
2026-07-05 11:23:42  [INFO]: Server running on port 3000
2026-07-05 11:23:47  [ERROR]: Database connection failed: getaddrinfo EAI_AGAIN mysql
2026-07-05 11:24:48  [INFO]: Server running on port 3000
2026-07-05 11:24:53  [ERROR]: Database connection failed: getaddrinfo EAI_AGAIN mysql
2026-07-05 11:25:55  [INFO]: Server running on port 3000
2026-07-05 11:26:00  [ERROR]: Database connection failed: getaddrinfo EAI_AGAIN mysql
2026-07-05 11:27:01  [INFO]: Server running on port 3000
2026-07-05 11:27:06  [ERROR]: Database connection failed: getaddrinfo EAI_AGAIN mysql
2026-07-05 11:28:08  [INFO]: Server running on port 3000
2026-07-05 11:28:13  [ERROR]: Database connection failed: getaddrinfo EAI_AGAIN mysql
2026-07-05 11:29:14  [INFO]: Server running on port 3000
2026-07-05 11:29:19  [ERROR]: Database connection failed: getaddrinfo EAI_AGAIN mysql
2026-07-05 11:30:20  [INFO]: Server running on port 3000
2026-07-05 11:30:25  [ERROR]: Database connection failed: getaddrinfo EAI_AGAIN mysql
2026-07-05 11:31:27  [INFO]: Server running on port 3000
2026-07-05 11:31:32  [ERROR]: Database connection failed: getaddrinfo EAI_AGAIN mysql
2026-07-05 11:32:34  [INFO]: Server running on port 3000
2026-07-05 11:32:39  [ERROR]: Database connection failed: getaddrinfo EAI_AGAIN mysql
2026-07-05 11:33:40  [INFO]: Server running on port 3000
2026-07-05 11:33:45  [ERROR]: Database connection failed: getaddrinfo EAI_AGAIN mysql
2026-07-05 11:34:47  [INFO]: Server running on port 3000
2026-07-05 11:34:52  [ERROR]: Database connection failed: getaddrinfo EAI_AGAIN mysql
2026-07-05 11:35:54  [INFO]: Server running on port 3000
2026-07-05 11:35:59  [ERROR]: Database connection failed: getaddrinfo EAI_AGAIN mysql
2026-07-05 11:37:00  [INFO]: Server running on port 3000
2026-07-05 11:37:05  [ERROR]: Database connection failed: getaddrinfo EAI_AGAIN mysql
2026-07-05 11:38:07  [INFO]: Server running on port 3000
2026-07-05 11:38:12  [ERROR]: Database connection failed: getaddrinfo EAI_AGAIN mysql
2026-07-05 11:39:13  [INFO]: Server running on port 3000
2026-07-05 11:39:18  [ERROR]: Database connection failed: getaddrinfo EAI_AGAIN mysql
2026-07-05 11:40:20  [INFO]: Server running on port 3000
2026-07-05 11:40:25  [ERROR]: Database connection failed: getaddrinfo EAI_AGAIN mysql
2026-07-05 11:41:26  [INFO]: Server running on port 3000
2026-07-05 11:41:31  [ERROR]: Database connection failed: getaddrinfo EAI_AGAIN mysql
2026-07-05 11:42:32  [INFO]: Server running on port 3000
2026-07-05 11:42:37  [ERROR]: Database connection failed: getaddrinfo EAI_AGAIN mysql
2026-07-05 11:43:40  [INFO]: Server running on port 3000
2026-07-05 11:43:45  [ERROR]: Database connection failed: getaddrinfo EAI_AGAIN mysql
2026-07-05 11:44:47  [INFO]: Server running on port 3000
2026-07-05 11:44:52  [ERROR]: Database connection failed: getaddrinfo EAI_AGAIN mysql
2026-07-05 11:45:54  [INFO]: Server running on port 3000
2026-07-05 11:45:59  [ERROR]: Database connection failed: getaddrinfo EAI_AGAIN mysql
2026-07-05 11:47:01  [INFO]: Server running on port 3000
2026-07-05 11:47:06  [ERROR]: Database connection failed: getaddrinfo EAI_AGAIN mysql
2026-07-05 11:48:08  [INFO]: Server running on port 3000
2026-07-05 11:48:13  [ERROR]: Database connection failed: getaddrinfo EAI_AGAIN mysql
2026-07-05 11:49:14  [INFO]: Server running on port 3000
2026-07-05 11:49:19  [ERROR]: Database connection failed: getaddrinfo EAI_AGAIN mysql
2026-07-05 11:50:20  [INFO]: Server running on port 3000
2026-07-05 11:50:25  [ERROR]: Database connection failed: getaddrinfo EAI_AGAIN mysql
2026-07-05 11:51:26  [INFO]: Server running on port 3000
2026-07-05 11:51:31  [ERROR]: Database connection failed: getaddrinfo EAI_AGAIN mysql
2026-07-05 11:52:32  [INFO]: Server running on port 3000
2026-07-05 11:52:37  [ERROR]: Database connection failed: getaddrinfo EAI_AGAIN mysql
2026-07-05 11:53:39  [INFO]: Server running on port 3000
2026-07-05 11:53:44  [ERROR]: Database connection failed: getaddrinfo EAI_AGAIN mysql
2026-07-05 11:54:44  [INFO]: Server running on port 3000
2026-07-05 11:54:49  [ERROR]: Database connection failed: getaddrinfo EAI_AGAIN mysql
2026-07-05 11:55:50  [INFO]: Server running on port 3000
2026-07-05 11:55:55  [ERROR]: Database connection failed: getaddrinfo EAI_AGAIN mysql
2026-07-05 11:56:56  [INFO]: Server running on port 3000
2026-07-05 11:57:01  [ERROR]: Database connection failed: getaddrinfo EAI_AGAIN mysql
2026-07-05 11:58:02  [INFO]: Server running on port 3000
2026-07-05 11:58:07  [ERROR]: Database connection failed: getaddrinfo EAI_AGAIN mysql
2026-07-05 11:59:08  [INFO]: Server running on port 3000
2026-07-05 11:59:13  [ERROR]: Database connection failed: getaddrinfo EAI_AGAIN mysql
2026-07-05 12:00:14  [INFO]: Server running on port 3000
2026-07-05 12:00:19  [ERROR]: Database connection failed: getaddrinfo EAI_AGAIN mysql
2026-07-05 12:01:20  [INFO]: Server running on port 3000
2026-07-05 12:01:25  [ERROR]: Database connection failed: getaddrinfo EAI_AGAIN mysql
2026-07-05 12:02:26  [INFO]: Server running on port 3000
2026-07-05 12:02:31  [ERROR]: Database connection failed: getaddrinfo EAI_AGAIN mysql
2026-07-05 12:03:31  [INFO]: Server running on port 3000
2026-07-05 12:03:36  [ERROR]: Database connection failed: getaddrinfo EAI_AGAIN mysql
2026-07-05 12:04:37  [INFO]: Server running on port 3000
2026-07-05 12:04:42  [ERROR]: Database connection failed: getaddrinfo EAI_AGAIN mysql
2026-07-05 12:05:43  [INFO]: Server running on port 3000
2026-07-05 12:05:48  [ERROR]: Database connection failed: getaddrinfo EAI_AGAIN mysql
2026-07-05 12:06:49  [INFO]: Server running on port 3000
2026-07-05 12:06:54  [ERROR]: Database connection failed: getaddrinfo EAI_AGAIN mysql
2026-07-05 12:07:55  [INFO]: Server running on port 3000
2026-07-05 12:08:00  [ERROR]: Database connection failed: getaddrinfo EAI_AGAIN mysql
2026-07-05 12:09:01  [INFO]: Server running on port 3000
2026-07-05 12:09:06  [ERROR]: Database connection failed: getaddrinfo EAI_AGAIN mysql
2026-07-05 12:10:07  [INFO]: Server running on port 3000
2026-07-05 12:10:12  [ERROR]: Database connection failed: getaddrinfo EAI_AGAIN mysql
2026-07-05 12:11:13  [INFO]: Server running on port 3000
2026-07-05 12:11:18  [ERROR]: Database connection failed: getaddrinfo EAI_AGAIN mysql
2026-07-05 12:12:19  [INFO]: Server running on port 3000
2026-07-05 12:12:24  [ERROR]: Database connection failed: getaddrinfo EAI_AGAIN mysql
2026-07-05 12:13:25  [INFO]: Server running on port 3000
2026-07-05 12:13:30  [ERROR]: Database connection failed: getaddrinfo EAI_AGAIN mysql
2026-07-05 12:14:30  [INFO]: Server running on port 3000
2026-07-05 12:14:35  [ERROR]: Database connection failed: getaddrinfo EAI_AGAIN mysql
2026-07-05 12:15:36  [INFO]: Server running on port 3000
2026-07-05 12:15:41  [ERROR]: Database connection failed: getaddrinfo EAI_AGAIN mysql
2026-07-05 12:16:42  [INFO]: Server running on port 3000
2026-07-05 12:16:47  [ERROR]: Database connection failed: getaddrinfo EAI_AGAIN mysql
2026-07-05 12:17:48  [INFO]: Server running on port 3000
2026-07-05 12:17:53  [ERROR]: Database connection failed: getaddrinfo EAI_AGAIN mysql
2026-07-05 12:18:54  [INFO]: Server running on port 3000
2026-07-05 12:18:59  [ERROR]: Database connection failed: getaddrinfo EAI_AGAIN mysql
2026-07-05 12:20:00  [INFO]: Server running on port 3000
2026-07-05 12:20:05  [ERROR]: Database connection failed: getaddrinfo EAI_AGAIN mysql
2026-07-05 12:21:06  [INFO]: Server running on port 3000
2026-07-05 12:21:11  [ERROR]: Database connection failed: getaddrinfo EAI_AGAIN mysql
2026-07-05 12:22:12  [INFO]: Server running on port 3000
2026-07-05 12:22:17  [ERROR]: Database connection failed: getaddrinfo EAI_AGAIN mysql
2026-07-05 12:23:18  [INFO]: Server running on port 3000
2026-07-05 12:23:23  [ERROR]: Database connection failed: getaddrinfo EAI_AGAIN mysql
2026-07-05 12:24:24  [INFO]: Server running on port 3000
2026-07-05 12:24:29  [ERROR]: Database connection failed: getaddrinfo EAI_AGAIN mysql
2026-07-05 12:25:30  [INFO]: Server running on port 3000
2026-07-05 12:25:35  [ERROR]: Database connection failed: getaddrinfo EAI_AGAIN mysql
2026-07-05 12:26:36  [INFO]: Server running on port 3000
2026-07-05 12:26:41  [ERROR]: Database connection failed: getaddrinfo EAI_AGAIN mysql
2026-07-05 12:27:42  [INFO]: Server running on port 3000
2026-07-05 12:27:47  [ERROR]: Database connection failed: getaddrinfo EAI_AGAIN mysql
2026-07-05 12:28:48  [INFO]: Server running on port 3000
2026-07-05 12:28:53  [ERROR]: Database connection failed: getaddrinfo EAI_AGAIN mysql
2026-07-05 12:29:54  [INFO]: Server running on port 3000
2026-07-05 12:29:59  [ERROR]: Database connection failed: getaddrinfo EAI_AGAIN mysql
2026-07-05 12:31:00  [INFO]: Server running on port 3000
2026-07-05 12:31:05  [ERROR]: Database connection failed: getaddrinfo EAI_AGAIN mysql
2026-07-05 12:32:06  [INFO]: Server running on port 3000
2026-07-05 12:32:11  [ERROR]: Database connection failed: getaddrinfo EAI_AGAIN mysql
2026-07-05 12:33:12  [INFO]: Server running on port 3000
2026-07-05 12:33:17  [ERROR]: Database connection failed: getaddrinfo EAI_AGAIN mysql
2026-07-05 12:34:18  [INFO]: Server running on port 3000
2026-07-05 12:34:23  [ERROR]: Database connection failed: getaddrinfo EAI_AGAIN mysql
2026-07-05 12:35:24  [INFO]: Server running on port 3000
2026-07-05 12:35:29  [ERROR]: Database connection failed: getaddrinfo EAI_AGAIN mysql
2026-07-05 12:36:30  [INFO]: Server running on port 3000
2026-07-05 12:36:35  [ERROR]: Database connection failed: getaddrinfo EAI_AGAIN mysql
2026-07-05 12:37:36  [INFO]: Server running on port 3000
2026-07-05 12:37:41  [ERROR]: Database connection failed: getaddrinfo EAI_AGAIN mysql
2026-07-05 12:38:42  [INFO]: Server running on port 3000
2026-07-05 12:38:47  [ERROR]: Database connection failed: getaddrinfo EAI_AGAIN mysql
2026-07-05 12:39:48  [INFO]: Server running on port 3000
2026-07-05 12:39:53  [ERROR]: Database connection failed: getaddrinfo EAI_AGAIN mysql
2026-07-05 12:40:54  [INFO]: Server running on port 3000
2026-07-05 12:40:59  [ERROR]: Database connection failed: getaddrinfo EAI_AGAIN mysql
2026-07-05 12:41:59  [INFO]: Server running on port 3000
2026-07-05 12:42:04  [ERROR]: Database connection failed: getaddrinfo EAI_AGAIN mysql
2026-07-05 12:43:05  [INFO]: Server running on port 3000
2026-07-05 12:43:10  [ERROR]: Database connection failed: getaddrinfo EAI_AGAIN mysql
2026-07-05 12:44:11  [INFO]: Server running on port 3000
2026-07-05 12:44:16  [ERROR]: Database connection failed: getaddrinfo EAI_AGAIN mysql
2026-07-05 12:45:17  [INFO]: Server running on port 3000
2026-07-05 12:45:22  [ERROR]: Database connection failed: getaddrinfo EAI_AGAIN mysql
2026-07-05 12:46:24  [INFO]: Server running on port 3000
2026-07-05 12:46:29  [ERROR]: Database connection failed: getaddrinfo EAI_AGAIN mysql
2026-07-05 12:47:31  [INFO]: Server running on port 3000
2026-07-05 12:47:36  [ERROR]: Database connection failed: getaddrinfo EAI_AGAIN mysql
2026-07-05 12:48:37  [INFO]: Server running on port 3000
2026-07-05 12:48:42  [ERROR]: Database connection failed: getaddrinfo EAI_AGAIN mysql
2026-07-05 12:49:44  [INFO]: Server running on port 3000
2026-07-05 12:49:49  [ERROR]: Database connection failed: getaddrinfo EAI_AGAIN mysql
2026-07-05 12:50:50  [INFO]: Server running on port 3000
2026-07-05 12:50:55  [ERROR]: Database connection failed: getaddrinfo EAI_AGAIN mysql
2026-07-05 12:51:57  [INFO]: Server running on port 3000
2026-07-05 12:52:02  [ERROR]: Database connection failed: getaddrinfo EAI_AGAIN mysql
2026-07-05 12:53:03  [INFO]: Server running on port 3000
2026-07-05 12:53:08  [ERROR]: Database connection failed: getaddrinfo EAI_AGAIN mysql
2026-07-05 12:54:09  [INFO]: Server running on port 3000
2026-07-05 12:54:14  [ERROR]: Database connection failed: getaddrinfo EAI_AGAIN mysql
2026-07-05 12:55:15  [INFO]: Server running on port 3000
2026-07-05 12:55:20  [ERROR]: Database connection failed: getaddrinfo EAI_AGAIN mysql
2026-07-05 12:56:20  [INFO]: Server running on port 3000
2026-07-05 12:56:25  [ERROR]: Database connection failed: getaddrinfo EAI_AGAIN mysql
2026-07-05 12:57:26  [INFO]: Server running on port 3000
2026-07-05 12:57:31  [ERROR]: Database connection failed: getaddrinfo EAI_AGAIN mysql
2026-07-05 12:58:32  [INFO]: Server running on port 3000
2026-07-05 12:58:37  [ERROR]: Database connection failed: getaddrinfo EAI_AGAIN mysql
2026-07-05 12:59:38  [INFO]: Server running on port 3000
2026-07-05 12:59:43  [ERROR]: Database connection failed: getaddrinfo EAI_AGAIN mysql
2026-07-05 13:00:44  [INFO]: Server running on port 3000
2026-07-05 13:00:49  [ERROR]: Database connection failed: getaddrinfo EAI_AGAIN mysql
2026-07-05 13:01:50  [INFO]: Server running on port 3000
2026-07-05 13:01:55  [ERROR]: Database connection failed: getaddrinfo EAI_AGAIN mysql
2026-07-05 13:02:55  [INFO]: Server running on port 3000
2026-07-05 13:03:00  [ERROR]: Database connection failed: getaddrinfo EAI_AGAIN mysql
2026-07-05 13:04:01  [INFO]: Server running on port 3000
2026-07-05 13:04:06  [ERROR]: Database connection failed: getaddrinfo EAI_AGAIN mysql
2026-07-05 13:05:07  [INFO]: Server running on port 3000
2026-07-05 13:05:12  [ERROR]: Database connection failed: getaddrinfo EAI_AGAIN mysql
2026-07-05 13:06:13  [INFO]: Server running on port 3000
2026-07-05 13:06:18  [ERROR]: Database connection failed: getaddrinfo EAI_AGAIN mysql
2026-07-05 13:07:19  [INFO]: Server running on port 3000
2026-07-05 13:07:24  [ERROR]: Database connection failed: getaddrinfo EAI_AGAIN mysql
2026-07-05 13:08:25  [INFO]: Server running on port 3000
2026-07-05 13:08:30  [ERROR]: Database connection failed: getaddrinfo EAI_AGAIN mysql
2026-07-05 13:09:31  [INFO]: Server running on port 3000
2026-07-05 13:09:36  [ERROR]: Database connection failed: getaddrinfo EAI_AGAIN mysql
2026-07-05 13:10:37  [INFO]: Server running on port 3000
2026-07-05 13:10:42  [ERROR]: Database connection failed: getaddrinfo EAI_AGAIN mysql
2026-07-05 13:11:44  [INFO]: Server running on port 3000
2026-07-05 13:11:49  [ERROR]: Database connection failed: getaddrinfo EAI_AGAIN mysql
2026-07-05 13:12:50  [INFO]: Server running on port 3000
2026-07-05 13:12:55  [ERROR]: Database connection failed: getaddrinfo EAI_AGAIN mysql
2026-07-05 13:13:56  [INFO]: Server running on port 3000
2026-07-05 13:14:01  [ERROR]: Database connection failed: getaddrinfo EAI_AGAIN mysql
2026-07-05 13:15:02  [INFO]: Server running on port 3000
2026-07-05 13:15:07  [ERROR]: Database connection failed: getaddrinfo EAI_AGAIN mysql
2026-07-05 13:16:08  [INFO]: Server running on port 3000
2026-07-05 13:16:13  [ERROR]: Database connection failed: getaddrinfo EAI_AGAIN mysql
2026-07-05 13:17:15  [INFO]: Server running on port 3000
2026-07-05 13:17:20  [ERROR]: Database connection failed: getaddrinfo EAI_AGAIN mysql
2026-07-05 13:18:21  [INFO]: Server running on port 3000
2026-07-05 13:18:26  [ERROR]: Database connection failed: getaddrinfo EAI_AGAIN mysql
2026-07-05 13:19:27  [INFO]: Server running on port 3000
2026-07-05 13:19:32  [ERROR]: Database connection failed: getaddrinfo EAI_AGAIN mysql
2026-07-05 13:20:33  [INFO]: Server running on port 3000
2026-07-05 13:20:38  [ERROR]: Database connection failed: getaddrinfo EAI_AGAIN mysql
2026-07-05 13:21:39  [INFO]: Server running on port 3000
2026-07-05 13:21:44  [ERROR]: Database connection failed: getaddrinfo EAI_AGAIN mysql
2026-07-05 13:22:45  [INFO]: Server running on port 3000
2026-07-05 13:22:50  [ERROR]: Database connection failed: getaddrinfo EAI_AGAIN mysql
2026-07-05 13:23:51  [INFO]: Server running on port 3000
2026-07-05 13:23:56  [ERROR]: Database connection failed: getaddrinfo EAI_AGAIN mysql
2026-07-05 13:24:58  [INFO]: Server running on port 3000
2026-07-05 13:25:03  [ERROR]: Database connection failed: getaddrinfo EAI_AGAIN mysql
2026-07-05 13:26:04  [INFO]: Server running on port 3000
2026-07-05 13:26:09  [ERROR]: Database connection failed: getaddrinfo EAI_AGAIN mysql
2026-07-05 13:27:10  [INFO]: Server running on port 3000
2026-07-05 13:27:15  [ERROR]: Database connection failed: getaddrinfo EAI_AGAIN mysql
2026-07-05 13:28:16  [INFO]: Server running on port 3000
2026-07-05 13:28:21  [ERROR]: Database connection failed: getaddrinfo EAI_AGAIN mysql
2026-07-05 13:29:22  [INFO]: Server running on port 3000
2026-07-05 13:29:27  [ERROR]: Database connection failed: getaddrinfo EAI_AGAIN mysql
2026-07-05 13:30:28  [INFO]: Server running on port 3000
2026-07-05 13:30:33  [ERROR]: Database connection failed: getaddrinfo EAI_AGAIN mysql
2026-07-05 14:01:03  [INFO]: Server running on port 3000
2026-07-05 14:01:08  [ERROR]: Database connection failed: getaddrinfo EAI_AGAIN mysql
2026-07-05 14:02:09  [INFO]: Server running on port 3000
2026-07-05 14:02:14  [ERROR]: Database connection failed: getaddrinfo EAI_AGAIN mysql
2026-07-05 14:03:16  [INFO]: Server running on port 3000
2026-07-05 14:03:21  [ERROR]: Database connection failed: getaddrinfo EAI_AGAIN mysql
2026-07-05 14:04:22  [INFO]: Server running on port 3000
2026-07-05 14:04:27  [ERROR]: Database connection failed: getaddrinfo EAI_AGAIN mysql
2026-07-05 14:05:29  [INFO]: Server running on port 3000
2026-07-05 14:05:34  [ERROR]: Database connection failed: getaddrinfo EAI_AGAIN mysql
2026-07-05 14:06:35  [INFO]: Server running on port 3000
2026-07-05 14:06:40  [ERROR]: Database connection failed: getaddrinfo EAI_AGAIN mysql
2026-07-05 14:07:41  [INFO]: Server running on port 3000
2026-07-05 14:07:46  [ERROR]: Database connection failed: getaddrinfo EAI_AGAIN mysql
2026-07-05 14:08:47  [INFO]: Server running on port 3000
2026-07-05 14:08:52  [ERROR]: Database connection failed: getaddrinfo EAI_AGAIN mysql
2026-07-05 14:09:54  [INFO]: Server running on port 3000
2026-07-05 14:09:59  [ERROR]: Database connection failed: getaddrinfo EAI_AGAIN mysql
2026-07-05 14:11:00  [INFO]: Server running on port 3000
2026-07-05 14:11:05  [ERROR]: Database connection failed: getaddrinfo EAI_AGAIN mysql
2026-07-05 14:12:06  [INFO]: Server running on port 3000
2026-07-05 14:12:11  [ERROR]: Database connection failed: getaddrinfo EAI_AGAIN mysql
2026-07-05 14:13:12  [INFO]: Server running on port 3000
2026-07-05 14:13:17  [ERROR]: Database connection failed: getaddrinfo EAI_AGAIN mysql
2026-07-05 14:14:19  [INFO]: Server running on port 3000
2026-07-05 14:14:24  [ERROR]: Database connection failed: getaddrinfo EAI_AGAIN mysql
2026-07-05 14:15:25  [INFO]: Server running on port 3000
2026-07-05 14:15:30  [ERROR]: Database connection failed: getaddrinfo EAI_AGAIN mysql
2026-07-05 14:16:32  [INFO]: Server running on port 3000
2026-07-05 14:16:37  [ERROR]: Database connection failed: getaddrinfo EAI_AGAIN mysql
2026-07-05 14:17:38  [INFO]: Server running on port 3000
2026-07-05 14:17:43  [ERROR]: Database connection failed: getaddrinfo EAI_AGAIN mysql
2026-07-05 14:18:45  [INFO]: Server running on port 3000
2026-07-05 14:18:50  [ERROR]: Database connection failed: getaddrinfo EAI_AGAIN mysql
2026-07-05 14:19:51  [INFO]: Server running on port 3000
2026-07-05 14:19:56  [ERROR]: Database connection failed: getaddrinfo EAI_AGAIN mysql
2026-07-05 14:20:57  [INFO]: Server running on port 3000
2026-07-05 14:21:02  [ERROR]: Database connection failed: getaddrinfo EAI_AGAIN mysql
2026-07-05 14:22:04  [INFO]: Server running on port 3000
2026-07-05 14:22:09  [ERROR]: Database connection failed: getaddrinfo EAI_AGAIN mysql
2026-07-05 14:23:10  [INFO]: Server running on port 3000
2026-07-05 14:23:15  [ERROR]: Database connection failed: getaddrinfo EAI_AGAIN mysql
2026-07-05 14:24:16  [INFO]: Server running on port 3000
2026-07-05 14:24:21  [ERROR]: Database connection failed: getaddrinfo EAI_AGAIN mysql
2026-07-05 14:25:23  [INFO]: Server running on port 3000
2026-07-05 14:25:28  [ERROR]: Database connection failed: getaddrinfo EAI_AGAIN mysql
2026-07-05 14:26:29  [INFO]: Server running on port 3000
2026-07-05 14:26:34  [ERROR]: Database connection failed: getaddrinfo EAI_AGAIN mysql
2026-07-05 14:27:35  [INFO]: Server running on port 3000
2026-07-05 14:27:40  [ERROR]: Database connection failed: getaddrinfo EAI_AGAIN mysql
2026-07-05 14:28:42  [INFO]: Server running on port 3000
2026-07-05 14:28:47  [ERROR]: Database connection failed: getaddrinfo EAI_AGAIN mysql
2026-07-05 14:29:48  [INFO]: Server running on port 3000
2026-07-05 14:29:53  [ERROR]: Database connection failed: getaddrinfo EAI_AGAIN mysql
2026-07-05 14:30:55  [INFO]: Server running on port 3000
2026-07-05 14:31:00  [ERROR]: Database connection failed: getaddrinfo EAI_AGAIN mysql
2026-07-05 14:32:01  [INFO]: Server running on port 3000
2026-07-05 14:32:06  [ERROR]: Database connection failed: getaddrinfo EAI_AGAIN mysql
2026-07-05 14:33:07  [INFO]: Server running on port 3000
2026-07-05 14:33:12  [ERROR]: Database connection failed: getaddrinfo EAI_AGAIN mysql
2026-07-05 14:34:13  [INFO]: Server running on port 3000
2026-07-05 14:34:18  [ERROR]: Database connection failed: getaddrinfo EAI_AGAIN mysql
2026-07-05 14:35:20  [INFO]: Server running on port 3000
2026-07-05 14:35:25  [ERROR]: Database connection failed: getaddrinfo EAI_AGAIN mysql
2026-07-05 14:36:26  [INFO]: Server running on port 3000
2026-07-05 14:36:31  [ERROR]: Database connection failed: getaddrinfo EAI_AGAIN mysql
2026-07-05 14:37:32  [INFO]: Server running on port 3000
2026-07-05 14:37:37  [ERROR]: Database connection failed: getaddrinfo EAI_AGAIN mysql
2026-07-05 14:38:39  [INFO]: Server running on port 3000
2026-07-05 14:38:44  [ERROR]: Database connection failed: getaddrinfo EAI_AGAIN mysql
2026-07-05 14:39:45  [INFO]: Server running on port 3000
2026-07-05 14:39:50  [ERROR]: Database connection failed: getaddrinfo EAI_AGAIN mysql
2026-07-05 14:40:52  [INFO]: Server running on port 3000
2026-07-05 14:40:57  [ERROR]: Database connection failed: getaddrinfo EAI_AGAIN mysql
2026-07-05 14:41:58  [INFO]: Server running on port 3000
2026-07-05 14:42:03  [ERROR]: Database connection failed: getaddrinfo EAI_AGAIN mysql
2026-07-05 14:43:04  [INFO]: Server running on port 3000
2026-07-05 14:43:09  [ERROR]: Database connection failed: getaddrinfo EAI_AGAIN mysql
2026-07-05 14:44:11  [INFO]: Server running on port 3000
2026-07-05 14:44:16  [ERROR]: Database connection failed: getaddrinfo EAI_AGAIN mysql
2026-07-05 14:45:17  [INFO]: Server running on port 3000
2026-07-05 14:45:22  [ERROR]: Database connection failed: getaddrinfo EAI_AGAIN mysql
2026-07-05 14:46:24  [INFO]: Server running on port 3000
2026-07-05 14:46:29  [ERROR]: Database connection failed: getaddrinfo EAI_AGAIN mysql
2026-07-05 14:47:30  [INFO]: Server running on port 3000
2026-07-05 14:47:35  [ERROR]: Database connection failed: getaddrinfo EAI_AGAIN mysql
2026-07-05 14:48:36  [INFO]: Server running on port 3000
2026-07-05 14:48:41  [ERROR]: Database connection failed: getaddrinfo EAI_AGAIN mysql
2026-07-05 14:49:42  [INFO]: Server running on port 3000
2026-07-05 14:49:47  [ERROR]: Database connection failed: getaddrinfo EAI_AGAIN mysql
2026-07-05 14:50:49  [INFO]: Server running on port 3000
2026-07-05 14:50:54  [ERROR]: Database connection failed: getaddrinfo EAI_AGAIN mysql
2026-07-05 14:51:55  [INFO]: Server running on port 3000
2026-07-05 14:52:00  [ERROR]: Database connection failed: getaddrinfo EAI_AGAIN mysql
2026-07-05 14:53:01  [INFO]: Server running on port 3000
2026-07-05 14:53:06  [ERROR]: Database connection failed: getaddrinfo EAI_AGAIN mysql
2026-07-05 14:54:07  [INFO]: Server running on port 3000
2026-07-05 14:54:12  [ERROR]: Database connection failed: getaddrinfo EAI_AGAIN mysql
2026-07-05 14:55:14  [INFO]: Server running on port 3000
2026-07-05 14:55:19  [ERROR]: Database connection failed: getaddrinfo EAI_AGAIN mysql
2026-07-05 14:56:20  [INFO]: Server running on port 3000
2026-07-05 14:56:25  [ERROR]: Database connection failed: getaddrinfo EAI_AGAIN mysql
2026-07-05 14:57:26  [INFO]: Server running on port 3000
2026-07-05 14:57:31  [ERROR]: Database connection failed: getaddrinfo EAI_AGAIN mysql
2026-07-05 14:58:32  [INFO]: Server running on port 3000
2026-07-05 14:58:37  [ERROR]: Database connection failed: getaddrinfo EAI_AGAIN mysql
2026-07-05 14:59:39  [INFO]: Server running on port 3000
2026-07-05 14:59:44  [ERROR]: Database connection failed: getaddrinfo EAI_AGAIN mysql
2026-07-05 15:00:45  [INFO]: Server running on port 3000
2026-07-05 15:00:50  [ERROR]: Database connection failed: getaddrinfo EAI_AGAIN mysql
2026-07-05 15:01:51  [INFO]: Server running on port 3000
2026-07-05 15:01:56  [ERROR]: Database connection failed: getaddrinfo EAI_AGAIN mysql
2026-07-05 15:02:58  [INFO]: Server running on port 3000
2026-07-05 15:03:03  [ERROR]: Database connection failed: getaddrinfo EAI_AGAIN mysql
2026-07-05 15:04:05  [INFO]: Server running on port 3000
2026-07-05 15:04:10  [ERROR]: Database connection failed: getaddrinfo EAI_AGAIN mysql
2026-07-05 15:05:12  [INFO]: Server running on port 3000
2026-07-05 15:05:17  [ERROR]: Database connection failed: getaddrinfo EAI_AGAIN mysql
2026-07-05 15:06:19  [INFO]: Server running on port 3000
2026-07-05 15:06:24  [ERROR]: Database connection failed: getaddrinfo EAI_AGAIN mysql
2026-07-05 15:07:26  [INFO]: Server running on port 3000
2026-07-05 15:07:31  [ERROR]: Database connection failed: getaddrinfo EAI_AGAIN mysql
2026-07-05 15:08:32  [INFO]: Server running on port 3000
2026-07-05 15:08:37  [ERROR]: Database connection failed: getaddrinfo EAI_AGAIN mysql
2026-07-05 15:09:38  [INFO]: Server running on port 3000
2026-07-05 15:09:43  [ERROR]: Database connection failed: getaddrinfo EAI_AGAIN mysql
2026-07-05 15:10:45  [INFO]: Server running on port 3000
2026-07-05 15:10:50  [ERROR]: Database connection failed: getaddrinfo EAI_AGAIN mysql
2026-07-05 15:11:51  [INFO]: Server running on port 3000
2026-07-05 15:11:56  [ERROR]: Database connection failed: getaddrinfo EAI_AGAIN mysql
2026-07-05 15:13:00  [INFO]: Server running on port 3000
2026-07-05 15:13:05  [ERROR]: Database connection failed: getaddrinfo EAI_AGAIN mysql
2026-07-05 15:14:07  [INFO]: Server running on port 3000
2026-07-05 15:14:12  [ERROR]: Database connection failed: getaddrinfo EAI_AGAIN mysql
2026-07-05 15:15:14  [INFO]: Server running on port 3000
2026-07-05 15:15:19  [ERROR]: Database connection failed: getaddrinfo EAI_AGAIN mysql
2026-07-05 15:16:21  [INFO]: Server running on port 3000
2026-07-05 15:16:26  [ERROR]: Database connection failed: getaddrinfo EAI_AGAIN mysql
2026-07-05 15:17:28  [INFO]: Server running on port 3000
2026-07-05 15:17:33  [ERROR]: Database connection failed: getaddrinfo EAI_AGAIN mysql
2026-07-05 15:18:35  [INFO]: Server running on port 3000
2026-07-05 15:18:40  [ERROR]: Database connection failed: getaddrinfo EAI_AGAIN mysql
2026-07-05 15:19:42  [INFO]: Server running on port 3000
2026-07-05 15:19:47  [ERROR]: Database connection failed: getaddrinfo EAI_AGAIN mysql
2026-07-05 15:20:48  [INFO]: Server running on port 3000
2026-07-05 15:20:53  [ERROR]: Database connection failed: getaddrinfo EAI_AGAIN mysql
2026-07-05 15:21:55  [INFO]: Server running on port 3000
2026-07-05 15:22:00  [ERROR]: Database connection failed: getaddrinfo EAI_AGAIN mysql
2026-07-05 15:23:02  [INFO]: Server running on port 3000
2026-07-05 15:23:07  [ERROR]: Database connection failed: getaddrinfo EAI_AGAIN mysql
2026-07-05 15:24:08  [INFO]: Server running on port 3000
2026-07-05 15:24:13  [ERROR]: Database connection failed: getaddrinfo EAI_AGAIN mysql
2026-07-05 15:25:14  [INFO]: Server running on port 3000
2026-07-05 15:25:19  [ERROR]: Database connection failed: getaddrinfo EAI_AGAIN mysql
2026-07-05 15:26:21  [INFO]: Server running on port 3000
2026-07-05 15:26:26  [ERROR]: Database connection failed: getaddrinfo EAI_AGAIN mysql
2026-07-05 15:27:27  [INFO]: Server running on port 3000
2026-07-05 15:27:32  [ERROR]: Database connection failed: getaddrinfo EAI_AGAIN mysql
2026-07-05 15:28:34  [INFO]: Server running on port 3000
2026-07-05 15:28:39  [ERROR]: Database connection failed: getaddrinfo EAI_AGAIN mysql
2026-07-05 15:29:41  [INFO]: Server running on port 3000
2026-07-05 15:29:46  [ERROR]: Database connection failed: getaddrinfo EAI_AGAIN mysql
2026-07-05 15:30:47  [INFO]: Server running on port 3000
2026-07-05 15:30:52  [ERROR]: Database connection failed: getaddrinfo EAI_AGAIN mysql
2026-07-05 15:31:54  [INFO]: Server running on port 3000
2026-07-05 15:31:59  [ERROR]: Database connection failed: getaddrinfo EAI_AGAIN mysql
2026-07-05 15:33:00  [INFO]: Server running on port 3000
2026-07-05 15:33:05  [ERROR]: Database connection failed: getaddrinfo EAI_AGAIN mysql
2026-07-05 15:34:06  [INFO]: Server running on port 3000
2026-07-05 15:34:11  [ERROR]: Database connection failed: getaddrinfo EAI_AGAIN mysql
2026-07-05 15:35:12  [INFO]: Server running on port 3000
2026-07-05 15:35:17  [ERROR]: Database connection failed: getaddrinfo EAI_AGAIN mysql
2026-07-05 15:36:19  [INFO]: Server running on port 3000
2026-07-05 15:36:24  [ERROR]: Database connection failed: getaddrinfo EAI_AGAIN mysql
2026-07-05 15:37:25  [INFO]: Server running on port 3000
2026-07-05 15:37:30  [ERROR]: Database connection failed: getaddrinfo EAI_AGAIN mysql
2026-07-05 15:38:31  [INFO]: Server running on port 3000
2026-07-05 15:38:36  [ERROR]: Database connection failed: getaddrinfo EAI_AGAIN mysql
2026-07-05 15:39:37  [INFO]: Server running on port 3000
2026-07-05 15:39:42  [ERROR]: Database connection failed: getaddrinfo EAI_AGAIN mysql
2026-07-05 15:40:44  [INFO]: Server running on port 3000
2026-07-05 15:40:49  [ERROR]: Database connection failed: getaddrinfo EAI_AGAIN mysql
2026-07-05 15:41:50  [INFO]: Server running on port 3000
2026-07-05 15:41:55  [ERROR]: Database connection failed: getaddrinfo EAI_AGAIN mysql
2026-07-05 15:42:57  [INFO]: Server running on port 3000
2026-07-05 15:43:02  [ERROR]: Database connection failed: getaddrinfo EAI_AGAIN mysql
2026-07-05 15:44:03  [INFO]: Server running on port 3000
2026-07-05 15:44:08  [ERROR]: Database connection failed: getaddrinfo EAI_AGAIN mysql
2026-07-05 15:45:09  [INFO]: Server running on port 3000
2026-07-05 15:45:14  [ERROR]: Database connection failed: getaddrinfo EAI_AGAIN mysql
2026-07-05 15:46:16  [INFO]: Server running on port 3000
2026-07-05 15:46:21  [ERROR]: Database connection failed: getaddrinfo EAI_AGAIN mysql
2026-07-05 15:47:22  [INFO]: Server running on port 3000
2026-07-05 15:47:27  [ERROR]: Database connection failed: getaddrinfo EAI_AGAIN mysql
2026-07-05 15:48:28  [INFO]: Server running on port 3000
2026-07-05 15:48:33  [ERROR]: Database connection failed: getaddrinfo EAI_AGAIN mysql
2026-07-05 15:49:34  [INFO]: Server running on port 3000
2026-07-05 15:49:39  [ERROR]: Database connection failed: getaddrinfo EAI_AGAIN mysql
2026-07-05 15:50:41  [INFO]: Server running on port 3000
2026-07-05 15:50:46  [ERROR]: Database connection failed: getaddrinfo EAI_AGAIN mysql
2026-07-05 15:51:47  [INFO]: Server running on port 3000
2026-07-05 15:51:52  [ERROR]: Database connection failed: getaddrinfo EAI_AGAIN mysql
2026-07-05 15:52:53  [INFO]: Server running on port 3000
2026-07-05 15:52:58  [ERROR]: Database connection failed: getaddrinfo EAI_AGAIN mysql
2026-07-06 06:03:49  [INFO]: Server running on port 3000
2026-07-06 06:03:54  [ERROR]: Database connection failed: getaddrinfo EAI_AGAIN mysql
2026-07-06 06:04:55  [INFO]: Server running on port 3000
2026-07-06 06:05:00  [ERROR]: Database connection failed: getaddrinfo EAI_AGAIN mysql
2026-07-06 06:06:00  [INFO]: Server running on port 3000
2026-07-06 06:06:05  [ERROR]: Database connection failed: getaddrinfo EAI_AGAIN mysql
2026-07-06 06:07:06  [INFO]: Server running on port 3000
2026-07-06 06:07:11  [ERROR]: Database connection failed: getaddrinfo EAI_AGAIN mysql
2026-07-06 06:08:12  [INFO]: Server running on port 3000
2026-07-06 06:08:17  [ERROR]: Database connection failed: getaddrinfo EAI_AGAIN mysql
2026-07-06 06:09:18  [INFO]: Server running on port 3000
2026-07-06 06:09:23  [ERROR]: Database connection failed: getaddrinfo EAI_AGAIN mysql
2026-07-06 06:10:24  [INFO]: Server running on port 3000
2026-07-06 06:10:29  [ERROR]: Database connection failed: getaddrinfo EAI_AGAIN mysql
2026-07-06 06:11:30  [INFO]: Server running on port 3000
2026-07-06 06:11:35  [ERROR]: Database connection failed: getaddrinfo EAI_AGAIN mysql
2026-07-06 06:12:35  [INFO]: Server running on port 3000
2026-07-06 06:12:40  [ERROR]: Database connection failed: getaddrinfo EAI_AGAIN mysql
2026-07-06 06:13:41  [INFO]: Server running on port 3000
2026-07-06 06:13:46  [ERROR]: Database connection failed: getaddrinfo EAI_AGAIN mysql
2026-07-06 06:14:47  [INFO]: Server running on port 3000
2026-07-06 06:14:52  [ERROR]: Database connection failed: getaddrinfo EAI_AGAIN mysql
2026-07-06 06:15:53  [INFO]: Server running on port 3000
2026-07-06 06:15:58  [ERROR]: Database connection failed: getaddrinfo EAI_AGAIN mysql
2026-07-06 06:16:59  [INFO]: Server running on port 3000
2026-07-06 06:17:04  [ERROR]: Database connection failed: getaddrinfo EAI_AGAIN mysql
2026-07-06 06:18:05  [INFO]: Server running on port 3000
2026-07-06 06:18:10  [ERROR]: Database connection failed: getaddrinfo EAI_AGAIN mysql
2026-07-06 06:19:11  [INFO]: Server running on port 3000
2026-07-06 06:19:16  [ERROR]: Database connection failed: getaddrinfo EAI_AGAIN mysql
2026-07-06 06:20:17  [INFO]: Server running on port 3000
2026-07-06 06:20:22  [ERROR]: Database connection failed: getaddrinfo EAI_AGAIN mysql
2026-07-06 06:21:23  [INFO]: Server running on port 3000
2026-07-06 06:21:28  [ERROR]: Database connection failed: getaddrinfo EAI_AGAIN mysql
2026-07-06 06:22:28  [INFO]: Server running on port 3000
2026-07-06 06:22:33  [ERROR]: Database connection failed: getaddrinfo EAI_AGAIN mysql
2026-07-06 06:23:34  [INFO]: Server running on port 3000
2026-07-06 06:23:39  [ERROR]: Database connection failed: getaddrinfo EAI_AGAIN mysql
2026-07-06 06:24:40  [INFO]: Server running on port 3000
2026-07-06 06:24:45  [ERROR]: Database connection failed: getaddrinfo EAI_AGAIN mysql
2026-07-06 06:25:46  [INFO]: Server running on port 3000
2026-07-06 06:25:51  [ERROR]: Database connection failed: getaddrinfo EAI_AGAIN mysql
2026-07-06 06:26:52  [INFO]: Server running on port 3000
2026-07-06 06:26:57  [ERROR]: Database connection failed: getaddrinfo EAI_AGAIN mysql
2026-07-06 06:27:58  [INFO]: Server running on port 3000
2026-07-06 06:28:03  [ERROR]: Database connection failed: getaddrinfo EAI_AGAIN mysql
2026-07-06 06:29:04  [INFO]: Server running on port 3000
2026-07-06 06:29:09  [ERROR]: Database connection failed: getaddrinfo EAI_AGAIN mysql
2026-07-06 06:30:10  [INFO]: Server running on port 3000
2026-07-06 06:30:15  [ERROR]: Database connection failed: getaddrinfo EAI_AGAIN mysql
2026-07-06 06:31:16  [INFO]: Server running on port 3000
2026-07-06 06:31:21  [ERROR]: Database connection failed: getaddrinfo EAI_AGAIN mysql
2026-07-06 06:32:21  [INFO]: Server running on port 3000
2026-07-06 06:32:26  [ERROR]: Database connection failed: getaddrinfo EAI_AGAIN mysql
2026-07-06 06:33:27  [INFO]: Server running on port 3000
2026-07-06 06:33:32  [ERROR]: Database connection failed: getaddrinfo EAI_AGAIN mysql
2026-07-06 06:34:33  [INFO]: Server running on port 3000
2026-07-06 06:34:38  [ERROR]: Database connection failed: getaddrinfo EAI_AGAIN mysql
2026-07-06 06:35:39  [INFO]: Server running on port 3000
2026-07-06 06:35:44  [ERROR]: Database connection failed: getaddrinfo EAI_AGAIN mysql
2026-07-06 06:36:45  [INFO]: Server running on port 3000
2026-07-06 06:36:50  [ERROR]: Database connection failed: getaddrinfo EAI_AGAIN mysql
2026-07-06 06:37:51  [INFO]: Server running on port 3000
2026-07-06 06:37:56  [ERROR]: Database connection failed: getaddrinfo EAI_AGAIN mysql
2026-07-06 06:38:57  [INFO]: Server running on port 3000
2026-07-06 06:39:02  [ERROR]: Database connection failed: getaddrinfo EAI_AGAIN mysql
2026-07-06 06:40:03  [INFO]: Server running on port 3000
2026-07-06 06:40:08  [ERROR]: Database connection failed: getaddrinfo EAI_AGAIN mysql
2026-07-06 06:41:09  [INFO]: Server running on port 3000
2026-07-06 06:41:14  [ERROR]: Database connection failed: getaddrinfo EAI_AGAIN mysql
2026-07-06 06:42:15  [INFO]: Server running on port 3000
2026-07-06 06:42:20  [ERROR]: Database connection failed: getaddrinfo EAI_AGAIN mysql
2026-07-06 06:43:21  [INFO]: Server running on port 3000
2026-07-06 06:43:26  [ERROR]: Database connection failed: getaddrinfo EAI_AGAIN mysql
2026-07-06 06:44:27  [INFO]: Server running on port 3000
2026-07-06 06:44:32  [ERROR]: Database connection failed: getaddrinfo EAI_AGAIN mysql
2026-07-06 06:45:33  [INFO]: Server running on port 3000
2026-07-06 06:45:38  [ERROR]: Database connection failed: getaddrinfo EAI_AGAIN mysql
2026-07-06 06:46:39  [INFO]: Server running on port 3000
2026-07-06 06:46:44  [ERROR]: Database connection failed: getaddrinfo EAI_AGAIN mysql
2026-07-06 06:47:45  [INFO]: Server running on port 3000
2026-07-06 06:47:50  [ERROR]: Database connection failed: getaddrinfo EAI_AGAIN mysql
2026-07-06 06:48:51  [INFO]: Server running on port 3000
2026-07-06 06:48:56  [ERROR]: Database connection failed: getaddrinfo EAI_AGAIN mysql
2026-07-06 06:49:57  [INFO]: Server running on port 3000
2026-07-06 06:50:02  [ERROR]: Database connection failed: getaddrinfo EAI_AGAIN mysql
2026-07-06 06:51:02  [INFO]: Server running on port 3000
2026-07-06 06:51:07  [ERROR]: Database connection failed: getaddrinfo EAI_AGAIN mysql
2026-07-06 06:52:08  [INFO]: Server running on port 3000
2026-07-06 06:52:13  [ERROR]: Database connection failed: getaddrinfo EAI_AGAIN mysql
2026-07-06 06:53:14  [INFO]: Server running on port 3000
2026-07-06 06:53:19  [ERROR]: Database connection failed: getaddrinfo EAI_AGAIN mysql
2026-07-06 06:54:20  [INFO]: Server running on port 3000
2026-07-06 06:54:25  [ERROR]: Database connection failed: getaddrinfo EAI_AGAIN mysql
2026-07-06 06:55:26  [INFO]: Server running on port 3000
2026-07-06 06:55:31  [ERROR]: Database connection failed: getaddrinfo EAI_AGAIN mysql
2026-07-06 06:56:32  [INFO]: Server running on port 3000
2026-07-06 06:56:37  [ERROR]: Database connection failed: getaddrinfo EAI_AGAIN mysql
2026-07-06 06:57:38  [INFO]: Server running on port 3000
2026-07-06 06:57:43  [ERROR]: Database connection failed: getaddrinfo EAI_AGAIN mysql
2026-07-06 06:58:44  [INFO]: Server running on port 3000
2026-07-06 06:58:49  [ERROR]: Database connection failed: getaddrinfo EAI_AGAIN mysql
2026-07-06 06:59:49  [INFO]: Server running on port 3000
2026-07-06 06:59:54  [ERROR]: Database connection failed: getaddrinfo EAI_AGAIN mysql
2026-07-06 07:00:55  [INFO]: Server running on port 3000
2026-07-06 07:01:00  [ERROR]: Database connection failed: getaddrinfo EAI_AGAIN mysql
2026-07-06 07:02:01  [INFO]: Server running on port 3000
2026-07-06 07:02:06  [ERROR]: Database connection failed: getaddrinfo EAI_AGAIN mysql
2026-07-06 07:03:07  [INFO]: Server running on port 3000
2026-07-06 07:03:12  [ERROR]: Database connection failed: getaddrinfo EAI_AGAIN mysql
2026-07-06 07:04:13  [INFO]: Server running on port 3000
2026-07-06 07:04:18  [ERROR]: Database connection failed: getaddrinfo EAI_AGAIN mysql
2026-07-06 07:05:19  [INFO]: Server running on port 3000
2026-07-06 07:05:24  [ERROR]: Database connection failed: getaddrinfo EAI_AGAIN mysql
2026-07-06 07:06:25  [INFO]: Server running on port 3000
2026-07-06 07:06:30  [ERROR]: Database connection failed: getaddrinfo EAI_AGAIN mysql
2026-07-06 07:07:30  [INFO]: Server running on port 3000
2026-07-06 07:07:35  [ERROR]: Database connection failed: getaddrinfo EAI_AGAIN mysql
2026-07-06 07:08:36  [INFO]: Server running on port 3000
2026-07-06 07:08:41  [ERROR]: Database connection failed: getaddrinfo EAI_AGAIN mysql
2026-07-06 07:09:42  [INFO]: Server running on port 3000
2026-07-06 07:09:47  [ERROR]: Database connection failed: getaddrinfo EAI_AGAIN mysql
2026-07-06 07:10:48  [INFO]: Server running on port 3000
2026-07-06 07:10:53  [ERROR]: Database connection failed: getaddrinfo EAI_AGAIN mysql
2026-07-06 07:11:53  [INFO]: Server running on port 3000
2026-07-06 07:11:58  [ERROR]: Database connection failed: getaddrinfo EAI_AGAIN mysql
2026-07-06 07:12:59  [INFO]: Server running on port 3000
2026-07-06 07:13:04  [ERROR]: Database connection failed: getaddrinfo EAI_AGAIN mysql
2026-07-06 07:14:05  [INFO]: Server running on port 3000
2026-07-06 07:14:10  [ERROR]: Database connection failed: getaddrinfo EAI_AGAIN mysql
2026-07-06 07:15:11  [INFO]: Server running on port 3000
2026-07-06 07:15:16  [ERROR]: Database connection failed: getaddrinfo EAI_AGAIN mysql
2026-07-06 07:16:16  [INFO]: Server running on port 3000
2026-07-06 07:16:21  [ERROR]: Database connection failed: getaddrinfo EAI_AGAIN mysql
2026-07-06 07:17:22  [INFO]: Server running on port 3000
2026-07-06 07:17:27  [ERROR]: Database connection failed: getaddrinfo EAI_AGAIN mysql
2026-07-06 07:18:28  [INFO]: Server running on port 3000
2026-07-06 07:18:33  [ERROR]: Database connection failed: getaddrinfo EAI_AGAIN mysql
2026-07-06 07:19:34  [INFO]: Server running on port 3000
2026-07-06 07:19:39  [ERROR]: Database connection failed: getaddrinfo EAI_AGAIN mysql
2026-07-06 07:20:40  [INFO]: Server running on port 3000
2026-07-06 07:20:45  [ERROR]: Database connection failed: getaddrinfo EAI_AGAIN mysql
2026-07-06 07:21:46  [INFO]: Server running on port 3000
2026-07-06 07:21:51  [ERROR]: Database connection failed: getaddrinfo EAI_AGAIN mysql
2026-07-06 07:22:52  [INFO]: Server running on port 3000
2026-07-06 07:22:57  [ERROR]: Database connection failed: getaddrinfo EAI_AGAIN mysql
2026-07-06 07:23:58  [INFO]: Server running on port 3000
2026-07-06 07:24:03  [ERROR]: Database connection failed: getaddrinfo EAI_AGAIN mysql
2026-07-06 07:25:03  [INFO]: Server running on port 3000
2026-07-06 07:25:08  [ERROR]: Database connection failed: getaddrinfo EAI_AGAIN mysql
2026-07-06 07:26:09  [INFO]: Server running on port 3000
2026-07-06 07:26:14  [ERROR]: Database connection failed: getaddrinfo EAI_AGAIN mysql
2026-07-06 07:27:15  [INFO]: Server running on port 3000
2026-07-06 07:27:20  [ERROR]: Database connection failed: getaddrinfo EAI_AGAIN mysql
2026-07-06 07:28:21  [INFO]: Server running on port 3000
2026-07-06 07:28:26  [ERROR]: Database connection failed: getaddrinfo EAI_AGAIN mysql
2026-07-06 07:29:27  [INFO]: Server running on port 3000
2026-07-06 07:29:32  [ERROR]: Database connection failed: getaddrinfo EAI_AGAIN mysql
2026-07-06 07:30:33  [INFO]: Server running on port 3000
2026-07-06 07:30:38  [ERROR]: Database connection failed: getaddrinfo EAI_AGAIN mysql
2026-07-06 07:31:39  [INFO]: Server running on port 3000
2026-07-06 07:31:44  [ERROR]: Database connection failed: getaddrinfo EAI_AGAIN mysql
2026-07-06 07:32:45  [INFO]: Server running on port 3000
2026-07-06 07:32:50  [ERROR]: Database connection failed: getaddrinfo EAI_AGAIN mysql
2026-07-06 07:33:50  [INFO]: Server running on port 3000
2026-07-06 07:33:55  [ERROR]: Database connection failed: getaddrinfo EAI_AGAIN mysql
2026-07-06 07:34:56  [INFO]: Server running on port 3000
2026-07-06 07:35:01  [ERROR]: Database connection failed: getaddrinfo EAI_AGAIN mysql
2026-07-06 07:36:03  [INFO]: Server running on port 3000
2026-07-06 07:36:08  [ERROR]: Database connection failed: getaddrinfo EAI_AGAIN mysql
2026-07-06 07:37:09  [INFO]: Server running on port 3000
2026-07-06 07:37:14  [ERROR]: Database connection failed: getaddrinfo EAI_AGAIN mysql
2026-07-06 07:38:15  [INFO]: Server running on port 3000
2026-07-06 07:38:20  [ERROR]: Database connection failed: getaddrinfo EAI_AGAIN mysql
2026-07-06 07:39:22  [INFO]: Server running on port 3000
2026-07-06 07:39:27  [ERROR]: Database connection failed: getaddrinfo EAI_AGAIN mysql
2026-07-06 07:40:28  [INFO]: Server running on port 3000
2026-07-06 07:40:33  [ERROR]: Database connection failed: getaddrinfo EAI_AGAIN mysql
2026-07-06 07:41:34  [INFO]: Server running on port 3000
2026-07-06 07:41:39  [ERROR]: Database connection failed: getaddrinfo EAI_AGAIN mysql
2026-07-06 07:42:41  [INFO]: Server running on port 3000
2026-07-06 07:42:46  [ERROR]: Database connection failed: getaddrinfo EAI_AGAIN mysql
2026-07-06 07:43:47  [INFO]: Server running on port 3000
2026-07-06 07:43:52  [ERROR]: Database connection failed: getaddrinfo EAI_AGAIN mysql
2026-07-06 07:44:54  [INFO]: Server running on port 3000
2026-07-06 07:44:59  [ERROR]: Database connection failed: getaddrinfo EAI_AGAIN mysql
2026-07-06 07:46:00  [INFO]: Server running on port 3000
2026-07-06 07:46:05  [ERROR]: Database connection failed: getaddrinfo EAI_AGAIN mysql
2026-07-06 07:47:07  [INFO]: Server running on port 3000
2026-07-06 07:47:12  [ERROR]: Database connection failed: getaddrinfo EAI_AGAIN mysql
2026-07-06 07:48:14  [INFO]: Server running on port 3000
2026-07-06 07:48:19  [ERROR]: Database connection failed: getaddrinfo EAI_AGAIN mysql
2026-07-06 07:49:20  [INFO]: Server running on port 3000
2026-07-06 07:49:25  [ERROR]: Database connection failed: getaddrinfo EAI_AGAIN mysql
2026-07-06 07:50:26  [INFO]: Server running on port 3000
2026-07-06 07:50:31  [ERROR]: Database connection failed: getaddrinfo EAI_AGAIN mysql
2026-07-06 07:51:33  [INFO]: Server running on port 3000
2026-07-06 07:51:38  [ERROR]: Database connection failed: getaddrinfo EAI_AGAIN mysql
2026-07-06 07:52:39  [INFO]: Server running on port 3000
2026-07-06 07:52:44  [ERROR]: Database connection failed: getaddrinfo EAI_AGAIN mysql
2026-07-06 07:53:45  [INFO]: Server running on port 3000
2026-07-06 07:53:50  [ERROR]: Database connection failed: getaddrinfo EAI_AGAIN mysql
2026-07-06 07:54:52  [INFO]: Server running on port 3000
2026-07-06 07:54:57  [ERROR]: Database connection failed: getaddrinfo EAI_AGAIN mysql
2026-07-06 07:55:59  [INFO]: Server running on port 3000
2026-07-06 07:56:03  [ERROR]: Database connection failed: getaddrinfo EAI_AGAIN mysql
2026-07-06 07:57:05  [INFO]: Server running on port 3000
2026-07-06 07:57:10  [ERROR]: Database connection failed: getaddrinfo EAI_AGAIN mysql
2026-07-06 07:58:11  [INFO]: Server running on port 3000
2026-07-06 07:58:16  [ERROR]: Database connection failed: getaddrinfo EAI_AGAIN mysql
2026-07-06 07:59:17  [INFO]: Server running on port 3000
2026-07-06 07:59:22  [ERROR]: Database connection failed: getaddrinfo EAI_AGAIN mysql
2026-07-06 08:00:24  [INFO]: Server running on port 3000
2026-07-06 08:00:29  [ERROR]: Database connection failed: getaddrinfo EAI_AGAIN mysql
2026-07-06 08:01:30  [INFO]: Server running on port 3000
2026-07-06 08:01:35  [ERROR]: Database connection failed: getaddrinfo EAI_AGAIN mysql
2026-07-06 08:02:37  [INFO]: Server running on port 3000
2026-07-06 08:02:42  [ERROR]: Database connection failed: getaddrinfo EAI_AGAIN mysql
2026-07-06 08:03:44  [INFO]: Server running on port 3000
2026-07-06 08:03:49  [ERROR]: Database connection failed: getaddrinfo EAI_AGAIN mysql
2026-07-06 08:04:51  [INFO]: Server running on port 3000
2026-07-06 08:04:56  [ERROR]: Database connection failed: getaddrinfo EAI_AGAIN mysql
2026-07-06 08:05:58  [INFO]: Server running on port 3000
2026-07-06 08:06:03  [ERROR]: Database connection failed: getaddrinfo EAI_AGAIN mysql
2026-07-06 08:07:05  [INFO]: Server running on port 3000
2026-07-06 08:07:10  [ERROR]: Database connection failed: getaddrinfo EAI_AGAIN mysql
2026-07-06 08:08:11  [INFO]: Server running on port 3000
2026-07-06 08:08:16  [ERROR]: Database connection failed: getaddrinfo EAI_AGAIN mysql
2026-07-06 08:09:18  [INFO]: Server running on port 3000
2026-07-06 08:09:23  [ERROR]: Database connection failed: getaddrinfo EAI_AGAIN mysql
2026-07-06 08:10:24  [INFO]: Server running on port 3000
2026-07-06 08:10:29  [ERROR]: Database connection failed: getaddrinfo EAI_AGAIN mysql
2026-07-06 08:11:31  [INFO]: Server running on port 3000
2026-07-06 08:11:36  [ERROR]: Database connection failed: getaddrinfo EAI_AGAIN mysql
2026-07-06 08:12:38  [INFO]: Server running on port 3000
2026-07-06 08:12:43  [ERROR]: Database connection failed: getaddrinfo EAI_AGAIN mysql
2026-07-06 08:13:45  [INFO]: Server running on port 3000
2026-07-06 08:13:50  [ERROR]: Database connection failed: getaddrinfo EAI_AGAIN mysql
2026-07-06 08:14:51  [INFO]: Server running on port 3000
2026-07-06 08:14:56  [ERROR]: Database connection failed: getaddrinfo EAI_AGAIN mysql
2026-07-06 08:15:58  [INFO]: Server running on port 3000
2026-07-06 08:16:03  [ERROR]: Database connection failed: getaddrinfo EAI_AGAIN mysql
2026-07-06 08:17:05  [INFO]: Server running on port 3000
2026-07-06 08:17:10  [ERROR]: Database connection failed: getaddrinfo EAI_AGAIN mysql
2026-07-06 08:18:11  [INFO]: Server running on port 3000
2026-07-06 08:18:16  [ERROR]: Database connection failed: getaddrinfo EAI_AGAIN mysql
2026-07-06 08:19:18  [INFO]: Server running on port 3000
2026-07-06 08:19:23  [ERROR]: Database connection failed: getaddrinfo EAI_AGAIN mysql
2026-07-06 08:20:24  [INFO]: Server running on port 3000
2026-07-06 08:20:29  [ERROR]: Database connection failed: getaddrinfo EAI_AGAIN mysql
2026-07-06 08:21:31  [INFO]: Server running on port 3000
2026-07-06 08:21:36  [ERROR]: Database connection failed: getaddrinfo EAI_AGAIN mysql
2026-07-06 08:22:37  [INFO]: Server running on port 3000
2026-07-06 08:22:42  [ERROR]: Database connection failed: getaddrinfo EAI_AGAIN mysql
2026-07-06 08:23:44  [INFO]: Server running on port 3000
2026-07-06 08:23:49  [ERROR]: Database connection failed: getaddrinfo EAI_AGAIN mysql
2026-07-06 08:24:50  [INFO]: Server running on port 3000
2026-07-06 08:24:55  [ERROR]: Database connection failed: getaddrinfo EAI_AGAIN mysql
2026-07-06 08:25:56  [INFO]: Server running on port 3000
2026-07-06 08:26:01  [ERROR]: Database connection failed: getaddrinfo EAI_AGAIN mysql
2026-07-06 08:27:03  [INFO]: Server running on port 3000
2026-07-06 08:27:08  [ERROR]: Database connection failed: getaddrinfo EAI_AGAIN mysql
2026-07-06 08:28:09  [INFO]: Server running on port 3000
2026-07-06 08:28:14  [ERROR]: Database connection failed: getaddrinfo EAI_AGAIN mysql
2026-07-06 08:29:16  [INFO]: Server running on port 3000
2026-07-06 08:29:21  [ERROR]: Database connection failed: getaddrinfo EAI_AGAIN mysql
2026-07-06 08:30:22  [INFO]: Server running on port 3000
2026-07-06 08:30:27  [ERROR]: Database connection failed: getaddrinfo EAI_AGAIN mysql
2026-07-06 08:31:28  [INFO]: Server running on port 3000
2026-07-06 08:31:33  [ERROR]: Database connection failed: getaddrinfo EAI_AGAIN mysql
2026-07-06 08:32:35  [INFO]: Server running on port 3000
2026-07-06 08:32:40  [ERROR]: Database connection failed: getaddrinfo EAI_AGAIN mysql
2026-07-06 08:33:42  [INFO]: Server running on port 3000
2026-07-06 08:33:47  [ERROR]: Database connection failed: getaddrinfo EAI_AGAIN mysql
2026-07-06 08:34:49  [INFO]: Server running on port 3000
2026-07-06 08:34:54  [ERROR]: Database connection failed: getaddrinfo EAI_AGAIN mysql
2026-07-06 08:35:55  [INFO]: Server running on port 3000
2026-07-06 08:36:00  [ERROR]: Database connection failed: getaddrinfo EAI_AGAIN mysql
2026-07-06 08:37:01  [INFO]: Server running on port 3000
2026-07-06 08:37:06  [ERROR]: Database connection failed: getaddrinfo EAI_AGAIN mysql
2026-07-06 08:38:11  [INFO]: Server running on port 3000
2026-07-06 08:38:15  [ERROR]: Database connection failed: getaddrinfo EAI_AGAIN mysql
2026-07-06 08:39:20  [INFO]: Server running on port 3000
2026-07-06 08:39:25  [ERROR]: Database connection failed: getaddrinfo EAI_AGAIN mysql
2026-07-06 08:40:28  [INFO]: Server running on port 3000
2026-07-06 08:40:33  [ERROR]: Database connection failed: getaddrinfo EAI_AGAIN mysql
2026-07-06 08:41:37  [INFO]: Server running on port 3000
2026-07-06 08:41:42  [ERROR]: Database connection failed: getaddrinfo EAI_AGAIN mysql
2026-07-06 08:42:47  [INFO]: Server running on port 3000
2026-07-06 08:42:52  [ERROR]: Database connection failed: getaddrinfo EAI_AGAIN mysql
2026-07-06 08:43:53  [INFO]: Server running on port 3000
2026-07-06 08:43:58  [ERROR]: Database connection failed: getaddrinfo EAI_AGAIN mysql
2026-07-06 08:45:02  [INFO]: Server running on port 3000
2026-07-06 08:45:07  [ERROR]: Database connection failed: getaddrinfo EAI_AGAIN mysql
2026-07-06 08:46:08  [INFO]: Server running on port 3000
2026-07-06 08:46:13  [ERROR]: Database connection failed: getaddrinfo EAI_AGAIN mysql
2026-07-06 08:47:14  [INFO]: Server running on port 3000
2026-07-06 08:47:19  [ERROR]: Database connection failed: getaddrinfo EAI_AGAIN mysql
2026-07-06 08:48:21  [INFO]: Server running on port 3000
2026-07-06 08:48:26  [ERROR]: Database connection failed: getaddrinfo EAI_AGAIN mysql
2026-07-06 08:49:27  [INFO]: Server running on port 3000
2026-07-06 08:49:32  [ERROR]: Database connection failed: getaddrinfo EAI_AGAIN mysql
2026-07-06 08:50:34  [INFO]: Server running on port 3000
2026-07-06 08:50:39  [ERROR]: Database connection failed: getaddrinfo EAI_AGAIN mysql
2026-07-06 08:51:40  [INFO]: Server running on port 3000
2026-07-06 08:51:45  [ERROR]: Database connection failed: getaddrinfo EAI_AGAIN mysql
2026-07-06 08:52:46  [INFO]: Server running on port 3000
2026-07-06 08:52:51  [ERROR]: Database connection failed: getaddrinfo EAI_AGAIN mysql
2026-07-06 08:53:52  [INFO]: Server running on port 3000
2026-07-06 08:53:57  [ERROR]: Database connection failed: getaddrinfo EAI_AGAIN mysql
2026-07-06 08:54:59  [INFO]: Server running on port 3000
2026-07-06 08:55:04  [ERROR]: Database connection failed: getaddrinfo EAI_AGAIN mysql
2026-07-06 08:56:05  [INFO]: Server running on port 3000
2026-07-06 08:56:10  [ERROR]: Database connection failed: getaddrinfo EAI_AGAIN mysql
2026-07-06 08:57:12  [INFO]: Server running on port 3000
2026-07-06 08:57:17  [ERROR]: Database connection failed: getaddrinfo EAI_AGAIN mysql
2026-07-06 08:58:19  [INFO]: Server running on port 3000
2026-07-06 08:58:24  [ERROR]: Database connection failed: getaddrinfo EAI_AGAIN mysql
2026-07-06 08:59:25  [INFO]: Server running on port 3000
2026-07-06 08:59:30  [ERROR]: Database connection failed: getaddrinfo EAI_AGAIN mysql
2026-07-06 09:00:33  [INFO]: Server running on port 3000
2026-07-06 09:00:38  [ERROR]: Database connection failed: getaddrinfo EAI_AGAIN mysql
2026-07-06 09:01:45  [INFO]: Server running on port 3000
2026-07-06 09:01:50  [ERROR]: Database connection failed: getaddrinfo EAI_AGAIN mysql
2026-07-06 09:02:00  [INFO]: Server running on port 3000
2026-07-06 09:02:05  [ERROR]: Database connection failed: getaddrinfo EAI_AGAIN mysql
2026-07-06 09:02:11  [INFO]: Server running on port 3000
2026-07-06 09:02:16  [ERROR]: Database connection failed: getaddrinfo EAI_AGAIN mysql
2026-07-06 09:02:18  [INFO]: Server running on port 3000
2026-07-06 09:02:23  [ERROR]: Database connection failed: getaddrinfo EAI_AGAIN mysql
2026-07-06 09:02:24  [INFO]: Server running on port 3000
2026-07-06 09:02:29  [ERROR]: Database connection failed: getaddrinfo EAI_AGAIN mysql
2026-07-06 09:02:32  [INFO]: Server running on port 3000
2026-07-06 09:02:37  [ERROR]: Database connection failed: getaddrinfo EAI_AGAIN mysql
2026-07-06 09:02:40  [INFO]: Server running on port 3000
2026-07-06 09:02:45  [ERROR]: Database connection failed: getaddrinfo EAI_AGAIN mysql
2026-07-06 09:02:49  [INFO]: Server running on port 3000
2026-07-06 09:02:54  [ERROR]: Database connection failed: getaddrinfo EAI_AGAIN mysql
2026-07-06 09:03:02  [INFO]: Server running on port 3000
2026-07-06 09:03:07  [ERROR]: Database connection failed: getaddrinfo EAI_AGAIN mysql
2026-07-06 09:03:21  [INFO]: Server running on port 3000
2026-07-06 09:03:26  [ERROR]: Database connection failed: getaddrinfo EAI_AGAIN mysql
2026-07-06 09:03:53  [INFO]: Server running on port 3000
2026-07-06 09:03:58  [ERROR]: Database connection failed: getaddrinfo EAI_AGAIN mysql
2026-07-06 09:04:51  [INFO]: Server running on port 3000
2026-07-06 09:04:56  [ERROR]: Database connection failed: getaddrinfo EAI_AGAIN mysql
2026-07-06 09:05:57  [INFO]: Server running on port 3000
2026-07-06 09:06:02  [ERROR]: Database connection failed: getaddrinfo EAI_AGAIN mysql
2026-07-06 09:07:03  [INFO]: Server running on port 3000
2026-07-06 09:07:08  [ERROR]: Database connection failed: getaddrinfo EAI_AGAIN mysql
2026-07-06 09:08:10  [INFO]: Server running on port 3000
2026-07-06 09:08:14  [ERROR]: Database connection failed: getaddrinfo EAI_AGAIN mysql
2026-07-06 09:09:16  [INFO]: Server running on port 3000
2026-07-06 09:09:21  [ERROR]: Database connection failed: getaddrinfo EAI_AGAIN mysql
2026-07-06 09:10:22  [INFO]: Server running on port 3000
2026-07-06 09:10:27  [ERROR]: Database connection failed: getaddrinfo EAI_AGAIN mysql
2026-07-06 09:11:28  [INFO]: Server running on port 3000
2026-07-06 09:11:33  [ERROR]: Database connection failed: getaddrinfo EAI_AGAIN mysql
2026-07-06 09:12:35  [INFO]: Server running on port 3000
2026-07-06 09:12:40  [ERROR]: Database connection failed: getaddrinfo EAI_AGAIN mysql
2026-07-06 09:13:41  [INFO]: Server running on port 3000
2026-07-06 09:13:46  [ERROR]: Database connection failed: getaddrinfo EAI_AGAIN mysql
2026-07-06 09:14:47  [INFO]: Server running on port 3000
2026-07-06 09:14:52  [ERROR]: Database connection failed: getaddrinfo EAI_AGAIN mysql
2026-07-06 09:15:54  [INFO]: Server running on port 3000
2026-07-06 09:15:59  [ERROR]: Database connection failed: getaddrinfo EAI_AGAIN mysql
2026-07-06 09:17:00  [INFO]: Server running on port 3000
2026-07-06 09:17:05  [ERROR]: Database connection failed: getaddrinfo EAI_AGAIN mysql
2026-07-06 09:18:06  [INFO]: Server running on port 3000
2026-07-06 09:18:11  [ERROR]: Database connection failed: getaddrinfo EAI_AGAIN mysql
2026-07-06 09:19:12  [INFO]: Server running on port 3000
2026-07-06 09:19:17  [ERROR]: Database connection failed: getaddrinfo EAI_AGAIN mysql
2026-07-06 09:20:19  [INFO]: Server running on port 3000
2026-07-06 09:20:24  [ERROR]: Database connection failed: getaddrinfo EAI_AGAIN mysql
2026-07-06 09:21:25  [INFO]: Server running on port 3000
2026-07-06 09:21:30  [ERROR]: Database connection failed: getaddrinfo EAI_AGAIN mysql
2026-07-06 09:22:31  [INFO]: Server running on port 3000
2026-07-06 09:22:36  [ERROR]: Database connection failed: getaddrinfo EAI_AGAIN mysql
2026-07-06 09:23:37  [INFO]: Server running on port 3000
2026-07-06 09:23:42  [ERROR]: Database connection failed: getaddrinfo EAI_AGAIN mysql
2026-07-06 09:24:44  [INFO]: Server running on port 3000
2026-07-06 09:24:49  [ERROR]: Database connection failed: getaddrinfo EAI_AGAIN mysql
2026-07-06 09:25:50  [INFO]: Server running on port 3000
2026-07-06 09:25:55  [ERROR]: Database connection failed: getaddrinfo EAI_AGAIN mysql
2026-07-06 09:35:22  [INFO]: Server running on port 3000
2026-07-06 09:35:27  [ERROR]: Database connection failed: getaddrinfo EAI_AGAIN mysql
2026-07-06 09:36:30  [INFO]: Server running on port 3000
2026-07-06 09:36:35  [ERROR]: Database connection failed: getaddrinfo EAI_AGAIN mysql
2026-07-06 09:37:36  [INFO]: Server running on port 3000
2026-07-06 09:37:41  [ERROR]: Database connection failed: getaddrinfo EAI_AGAIN mysql
2026-07-06 09:38:43  [INFO]: Server running on port 3000
2026-07-06 09:38:48  [ERROR]: Database connection failed: getaddrinfo EAI_AGAIN mysql
2026-07-06 09:39:49  [INFO]: Server running on port 3000
2026-07-06 09:39:54  [ERROR]: Database connection failed: getaddrinfo EAI_AGAIN mysql
2026-07-06 09:40:56  [INFO]: Server running on port 3000
2026-07-06 09:41:01  [ERROR]: Database connection failed: getaddrinfo EAI_AGAIN mysql
2026-07-06 09:42:03  [INFO]: Server running on port 3000
2026-07-06 09:42:08  [ERROR]: Database connection failed: getaddrinfo EAI_AGAIN mysql
2026-07-06 09:43:10  [INFO]: Server running on port 3000
2026-07-06 09:43:15  [ERROR]: Database connection failed: getaddrinfo EAI_AGAIN mysql
2026-07-06 09:44:17  [INFO]: Server running on port 3000
2026-07-06 09:44:22  [ERROR]: Database connection failed: getaddrinfo EAI_AGAIN mysql
2026-07-06 09:45:24  [INFO]: Server running on port 3000
2026-07-06 09:45:29  [ERROR]: Database connection failed: getaddrinfo EAI_AGAIN mysql
2026-07-06 09:46:30  [INFO]: Server running on port 3000
2026-07-06 09:46:35  [ERROR]: Database connection failed: getaddrinfo EAI_AGAIN mysql
2026-07-06 09:47:37  [INFO]: Server running on port 3000
2026-07-06 09:47:42  [ERROR]: Database connection failed: getaddrinfo EAI_AGAIN mysql
2026-07-06 09:48:43  [INFO]: Server running on port 3000
2026-07-06 09:48:48  [ERROR]: Database connection failed: getaddrinfo EAI_AGAIN mysql
2026-07-06 09:49:50  [INFO]: Server running on port 3000
2026-07-06 09:49:55  [ERROR]: Database connection failed: getaddrinfo EAI_AGAIN mysql
2026-07-06 09:50:57  [INFO]: Server running on port 3000
2026-07-06 09:51:02  [ERROR]: Database connection failed: getaddrinfo EAI_AGAIN mysql
2026-07-06 09:52:03  [INFO]: Server running on port 3000
2026-07-06 09:52:08  [ERROR]: Database connection failed: getaddrinfo EAI_AGAIN mysql
2026-07-06 09:53:10  [INFO]: Server running on port 3000
2026-07-06 09:53:15  [ERROR]: Database connection failed: getaddrinfo EAI_AGAIN mysql
2026-07-06 09:54:16  [INFO]: Server running on port 3000
2026-07-06 09:54:21  [ERROR]: Database connection failed: getaddrinfo EAI_AGAIN mysql
2026-07-06 09:55:23  [INFO]: Server running on port 3000
2026-07-06 09:55:28  [ERROR]: Database connection failed: getaddrinfo EAI_AGAIN mysql
2026-07-06 09:56:29  [INFO]: Server running on port 3000
2026-07-06 09:56:34  [ERROR]: Database connection failed: getaddrinfo EAI_AGAIN mysql
2026-07-06 09:57:36  [INFO]: Server running on port 3000
2026-07-06 09:57:41  [ERROR]: Database connection failed: getaddrinfo EAI_AGAIN mysql
2026-07-06 09:58:43  [INFO]: Server running on port 3000
2026-07-06 09:58:48  [ERROR]: Database connection failed: getaddrinfo EAI_AGAIN mysql
2026-07-06 09:59:49  [INFO]: Server running on port 3000
2026-07-06 09:59:54  [ERROR]: Database connection failed: getaddrinfo EAI_AGAIN mysql
2026-07-06 10:00:55  [INFO]: Server running on port 3000
2026-07-06 10:01:00  [ERROR]: Database connection failed: getaddrinfo EAI_AGAIN mysql
2026-07-06 10:02:02  [INFO]: Server running on port 3000
2026-07-06 10:02:07  [ERROR]: Database connection failed: getaddrinfo EAI_AGAIN mysql
2026-07-06 10:03:08  [INFO]: Server running on port 3000
2026-07-06 10:03:13  [ERROR]: Database connection failed: getaddrinfo EAI_AGAIN mysql
2026-07-06 10:04:14  [INFO]: Server running on port 3000
2026-07-06 10:04:19  [ERROR]: Database connection failed: getaddrinfo EAI_AGAIN mysql
2026-07-06 10:05:21  [INFO]: Server running on port 3000
2026-07-06 10:05:26  [ERROR]: Database connection failed: getaddrinfo EAI_AGAIN mysql
2026-07-06 10:06:27  [INFO]: Server running on port 3000
2026-07-06 10:06:32  [ERROR]: Database connection failed: getaddrinfo EAI_AGAIN mysql
2026-07-06 10:07:33  [INFO]: Server running on port 3000
2026-07-06 10:07:38  [ERROR]: Database connection failed: getaddrinfo EAI_AGAIN mysql
2026-07-06 10:08:39  [INFO]: Server running on port 3000
2026-07-06 10:08:44  [ERROR]: Database connection failed: getaddrinfo EAI_AGAIN mysql
2026-07-06 10:09:46  [INFO]: Server running on port 3000
2026-07-06 10:09:51  [ERROR]: Database connection failed: getaddrinfo EAI_AGAIN mysql
2026-07-06 10:10:52  [INFO]: Server running on port 3000
2026-07-06 10:10:57  [ERROR]: Database connection failed: getaddrinfo EAI_AGAIN mysql
2026-07-06 10:11:58  [INFO]: Server running on port 3000
2026-07-06 10:12:03  [ERROR]: Database connection failed: getaddrinfo EAI_AGAIN mysql
2026-07-06 10:13:04  [INFO]: Server running on port 3000
2026-07-06 10:13:09  [ERROR]: Database connection failed: getaddrinfo EAI_AGAIN mysql
2026-07-06 10:25:41  [INFO]: Server running on port 3000
2026-07-06 10:25:46  [ERROR]: Database connection failed: getaddrinfo EAI_AGAIN mysql
2026-07-06 10:26:49  [INFO]: Server running on port 3000
2026-07-06 10:26:54  [ERROR]: Database connection failed: getaddrinfo EAI_AGAIN mysql
2026-07-06 10:27:55  [INFO]: Server running on port 3000
2026-07-06 10:28:00  [ERROR]: Database connection failed: getaddrinfo EAI_AGAIN mysql
2026-07-06 10:29:01  [INFO]: Server running on port 3000
2026-07-06 10:29:06  [ERROR]: Database connection failed: getaddrinfo EAI_AGAIN mysql
2026-07-06 10:30:08  [INFO]: Server running on port 3000
2026-07-06 10:30:13  [ERROR]: Database connection failed: getaddrinfo EAI_AGAIN mysql
2026-07-06 10:31:15  [INFO]: Server running on port 3000
2026-07-06 10:31:20  [ERROR]: Database connection failed: getaddrinfo EAI_AGAIN mysql
2026-07-06 10:32:21  [INFO]: Server running on port 3000
2026-07-06 10:32:26  [ERROR]: Database connection failed: getaddrinfo EAI_AGAIN mysql
2026-07-06 10:33:29  [INFO]: Server running on port 3000
2026-07-06 10:33:34  [ERROR]: Database connection failed: getaddrinfo EAI_AGAIN mysql
2026-07-06 10:34:36  [INFO]: Server running on port 3000
2026-07-06 10:34:41  [ERROR]: Database connection failed: getaddrinfo EAI_AGAIN mysql
2026-07-06 10:35:43  [INFO]: Server running on port 3000
2026-07-06 10:35:48  [ERROR]: Database connection failed: getaddrinfo EAI_AGAIN mysql
2026-07-06 10:36:52  [INFO]: Server running on port 3000
2026-07-06 10:36:57  [ERROR]: Database connection failed: getaddrinfo EAI_AGAIN mysql
2026-07-06 10:37:58  [INFO]: Server running on port 3000
2026-07-06 10:38:03  [ERROR]: Database connection failed: getaddrinfo EAI_AGAIN mysql
2026-07-06 10:39:04  [INFO]: Server running on port 3000
2026-07-06 10:39:09  [ERROR]: Database connection failed: getaddrinfo EAI_AGAIN mysql
2026-07-06 10:40:11  [INFO]: Server running on port 3000
2026-07-06 10:40:16  [ERROR]: Database connection failed: getaddrinfo EAI_AGAIN mysql
2026-07-06 10:41:17  [INFO]: Server running on port 3000
2026-07-06 10:41:22  [ERROR]: Database connection failed: getaddrinfo EAI_AGAIN mysql
2026-07-06 10:42:23  [INFO]: Server running on port 3000
2026-07-06 10:42:28  [ERROR]: Database connection failed: getaddrinfo EAI_AGAIN mysql
2026-07-06 10:43:31  [INFO]: Server running on port 3000
2026-07-06 10:43:36  [ERROR]: Database connection failed: getaddrinfo EAI_AGAIN mysql
2026-07-06 10:44:37  [INFO]: Server running on port 3000
2026-07-06 10:44:42  [ERROR]: Database connection failed: getaddrinfo EAI_AGAIN mysql
2026-07-06 10:45:43  [INFO]: Server running on port 3000
2026-07-06 10:45:48  [ERROR]: Database connection failed: getaddrinfo EAI_AGAIN mysql
2026-07-06 10:46:50  [INFO]: Server running on port 3000
2026-07-06 10:46:55  [ERROR]: Database connection failed: getaddrinfo EAI_AGAIN mysql
2026-07-06 10:47:56  [INFO]: Server running on port 3000
2026-07-06 10:48:01  [ERROR]: Database connection failed: getaddrinfo EAI_AGAIN mysql
2026-07-06 10:49:02  [INFO]: Server running on port 3000
2026-07-06 10:49:07  [ERROR]: Database connection failed: getaddrinfo EAI_AGAIN mysql
2026-07-06 10:50:08  [INFO]: Server running on port 3000
2026-07-06 10:50:13  [ERROR]: Database connection failed: getaddrinfo EAI_AGAIN mysql
2026-07-06 10:51:14  [INFO]: Server running on port 3000
2026-07-06 10:51:19  [ERROR]: Database connection failed: getaddrinfo EAI_AGAIN mysql
2026-07-06 10:52:20  [INFO]: Server running on port 3000
2026-07-06 10:52:25  [ERROR]: Database connection failed: getaddrinfo EAI_AGAIN mysql
2026-07-06 10:53:27  [INFO]: Server running on port 3000
2026-07-06 10:53:32  [ERROR]: Database connection failed: getaddrinfo EAI_AGAIN mysql
2026-07-06 10:54:33  [INFO]: Server running on port 3000
2026-07-06 10:54:38  [ERROR]: Database connection failed: getaddrinfo EAI_AGAIN mysql
2026-07-06 10:55:39  [INFO]: Server running on port 3000
2026-07-06 10:55:44  [ERROR]: Database connection failed: getaddrinfo EAI_AGAIN mysql
2026-07-06 10:56:45  [INFO]: Server running on port 3000
2026-07-06 10:56:50  [ERROR]: Database connection failed: getaddrinfo EAI_AGAIN mysql
2026-07-06 10:57:52  [INFO]: Server running on port 3000
2026-07-06 10:57:57  [ERROR]: Database connection failed: getaddrinfo EAI_AGAIN mysql
2026-07-06 10:59:10  [INFO]: Server running on port 3000
2026-07-06 10:59:15  [ERROR]: Database connection failed: getaddrinfo EAI_AGAIN mysql
2026-07-06 10:59:17  [INFO]: Server running on port 3000
2026-07-06 10:59:22  [ERROR]: Database connection failed: getaddrinfo EAI_AGAIN mysql
2026-07-06 10:59:25  [INFO]: Server running on port 3000
2026-07-06 10:59:30  [ERROR]: Database connection failed: getaddrinfo EAI_AGAIN mysql
2026-07-06 10:59:32  [INFO]: Server running on port 3000
2026-07-06 10:59:37  [ERROR]: Database connection failed: getaddrinfo EAI_AGAIN mysql
2026-07-06 10:59:39  [INFO]: Server running on port 3000
2026-07-06 10:59:44  [ERROR]: Database connection failed: getaddrinfo EAI_AGAIN mysql
2026-07-06 10:59:47  [INFO]: Server running on port 3000
2026-07-06 10:59:52  [ERROR]: Database connection failed: getaddrinfo EAI_AGAIN mysql
2026-07-06 10:59:57  [INFO]: Server running on port 3000
2026-07-06 11:00:02  [ERROR]: Database connection failed: getaddrinfo EAI_AGAIN mysql
2026-07-06 11:00:09  [INFO]: Server running on port 3000
2026-07-06 11:00:14  [ERROR]: Database connection failed: getaddrinfo EAI_AGAIN mysql
2026-07-06 11:00:28  [INFO]: Server running on port 3000
2026-07-06 11:00:33  [ERROR]: Database connection failed: getaddrinfo EAI_AGAIN mysql
2026-07-06 11:01:01  [INFO]: Server running on port 3000
2026-07-06 11:01:06  [ERROR]: Database connection failed: getaddrinfo EAI_AGAIN mysql
2026-07-06 11:02:03  [INFO]: Server running on port 3000
2026-07-06 11:02:08  [ERROR]: Database connection failed: getaddrinfo EAI_AGAIN mysql
2026-07-06 11:02:10  [INFO]: Server running on port 3000
2026-07-06 11:02:15  [ERROR]: Database connection failed: getaddrinfo EAI_AGAIN mysql
2026-07-06 11:02:17  [INFO]: Server running on port 3000
2026-07-06 11:02:22  [ERROR]: Database connection failed: getaddrinfo EAI_AGAIN mysql
2026-07-06 11:02:25  [INFO]: Server running on port 3000
2026-07-06 11:02:30  [ERROR]: Database connection failed: getaddrinfo EAI_AGAIN mysql
2026-07-06 11:02:32  [INFO]: Server running on port 3000
2026-07-06 11:02:37  [ERROR]: Database connection failed: getaddrinfo EAI_AGAIN mysql
2026-07-06 11:05:06  [INFO]: Server running on port 3000
2026-07-06 11:05:11  [ERROR]: Database connection failed: getaddrinfo EAI_AGAIN mysql
2026-07-06 11:05:14  [INFO]: Server running on port 3000
2026-07-06 11:05:19  [ERROR]: Database connection failed: getaddrinfo EAI_AGAIN mysql
2026-07-06 11:05:22  [INFO]: Server running on port 3000
2026-07-06 11:05:27  [ERROR]: Database connection failed: getaddrinfo EAI_AGAIN mysql
2026-07-06 11:05:29  [INFO]: Server running on port 3000
2026-07-06 11:05:34  [ERROR]: Database connection failed: getaddrinfo EAI_AGAIN mysql
2026-07-06 11:05:37  [INFO]: Server running on port 3000
2026-07-06 11:05:42  [ERROR]: Database connection failed: getaddrinfo EAI_AGAIN mysql
2026-07-06 11:05:46  [INFO]: Server running on port 3000
2026-07-06 11:05:51  [ERROR]: Database connection failed: getaddrinfo EAI_AGAIN mysql
2026-07-06 11:05:58  [INFO]: Server running on port 3000
2026-07-06 11:06:03  [ERROR]: Database connection failed: getaddrinfo EAI_AGAIN mysql
2026-07-06 11:06:11  [INFO]: Server running on port 3000
2026-07-06 11:06:16  [ERROR]: Database connection failed: getaddrinfo EAI_AGAIN mysql
2026-07-06 11:06:31  [INFO]: Server running on port 3000
2026-07-06 11:06:36  [ERROR]: Database connection failed: getaddrinfo EAI_AGAIN mysql
2026-07-06 11:07:03  [INFO]: Server running on port 3000
2026-07-06 11:07:08  [ERROR]: Database connection failed: getaddrinfo EAI_AGAIN mysql
2026-07-06 11:08:02  [INFO]: Server running on port 3000
2026-07-06 11:08:07  [ERROR]: Database connection failed: getaddrinfo EAI_AGAIN mysql
2026-07-06 11:09:10  [INFO]: Server running on port 3000
2026-07-06 11:09:15  [ERROR]: Database connection failed: getaddrinfo EAI_AGAIN mysql
2026-07-06 11:10:16  [INFO]: Server running on port 3000
2026-07-06 11:10:21  [ERROR]: Database connection failed: getaddrinfo EAI_AGAIN mysql
2026-07-06 11:11:23  [INFO]: Server running on port 3000
2026-07-06 11:11:28  [ERROR]: Database connection failed: getaddrinfo EAI_AGAIN mysql
2026-07-06 11:12:30  [INFO]: Server running on port 3000
2026-07-06 11:12:35  [ERROR]: Database connection failed: getaddrinfo EAI_AGAIN mysql
2026-07-06 11:13:37  [INFO]: Server running on port 3000
2026-07-06 11:13:42  [ERROR]: Database connection failed: getaddrinfo EAI_AGAIN mysql
2026-07-06 11:14:43  [INFO]: Server running on port 3000
2026-07-06 11:14:48  [ERROR]: Database connection failed: getaddrinfo EAI_AGAIN mysql
2026-07-06 11:15:49  [INFO]: Server running on port 3000
2026-07-06 11:15:54  [ERROR]: Database connection failed: getaddrinfo EAI_AGAIN mysql
2026-07-06 11:16:55  [INFO]: Server running on port 3000
2026-07-06 11:17:00  [ERROR]: Database connection failed: getaddrinfo EAI_AGAIN mysql
2026-07-06 11:18:01  [INFO]: Server running on port 3000
2026-07-06 11:18:06  [ERROR]: Database connection failed: getaddrinfo EAI_AGAIN mysql
2026-07-06 11:19:07  [INFO]: Server running on port 3000
2026-07-06 11:19:12  [ERROR]: Database connection failed: getaddrinfo EAI_AGAIN mysql
2026-07-06 11:20:13  [INFO]: Server running on port 3000
2026-07-06 11:20:18  [ERROR]: Database connection failed: getaddrinfo EAI_AGAIN mysql
2026-07-06 11:21:19  [INFO]: Server running on port 3000
2026-07-06 11:21:24  [ERROR]: Database connection failed: getaddrinfo EAI_AGAIN mysql
2026-07-06 11:22:25  [INFO]: Server running on port 3000
2026-07-06 11:22:30  [ERROR]: Database connection failed: getaddrinfo EAI_AGAIN mysql
2026-07-06 11:23:31  [INFO]: Server running on port 3000
2026-07-06 11:23:36  [ERROR]: Database connection failed: getaddrinfo EAI_AGAIN mysql
2026-07-06 11:24:37  [INFO]: Server running on port 3000
2026-07-06 11:24:42  [ERROR]: Database connection failed: getaddrinfo EAI_AGAIN mysql
2026-07-06 11:25:43  [INFO]: Server running on port 3000
2026-07-06 11:25:48  [ERROR]: Database connection failed: getaddrinfo EAI_AGAIN mysql
2026-07-06 11:26:49  [INFO]: Server running on port 3000
2026-07-06 11:26:54  [ERROR]: Database connection failed: getaddrinfo EAI_AGAIN mysql
2026-07-06 11:27:55  [INFO]: Server running on port 3000
2026-07-06 11:28:00  [ERROR]: Database connection failed: getaddrinfo EAI_AGAIN mysql
2026-07-06 11:29:01  [INFO]: Server running on port 3000
2026-07-06 11:29:06  [ERROR]: Database connection failed: getaddrinfo EAI_AGAIN mysql
2026-07-06 11:30:07  [INFO]: Server running on port 3000
2026-07-06 11:30:12  [ERROR]: Database connection failed: getaddrinfo EAI_AGAIN mysql
2026-07-06 11:31:15  [INFO]: Server running on port 3000
2026-07-06 11:31:20  [ERROR]: Database connection failed: getaddrinfo EAI_AGAIN mysql
2026-07-06 11:32:21  [INFO]: Server running on port 3000
2026-07-06 11:32:26  [ERROR]: Database connection failed: getaddrinfo EAI_AGAIN mysql
2026-07-06 11:33:28  [INFO]: Server running on port 3000
2026-07-06 11:33:33  [ERROR]: Database connection failed: getaddrinfo EAI_AGAIN mysql
2026-07-06 11:34:35  [INFO]: Server running on port 3000
2026-07-06 11:34:40  [ERROR]: Database connection failed: getaddrinfo EAI_AGAIN mysql
2026-07-06 11:35:41  [INFO]: Server running on port 3000
2026-07-06 11:35:46  [ERROR]: Database connection failed: getaddrinfo EAI_AGAIN mysql
2026-07-06 11:36:47  [INFO]: Server running on port 3000
2026-07-06 11:36:52  [ERROR]: Database connection failed: getaddrinfo EAI_AGAIN mysql
2026-07-06 11:37:54  [INFO]: Server running on port 3000
2026-07-06 11:37:59  [ERROR]: Database connection failed: getaddrinfo EAI_AGAIN mysql
2026-07-06 11:39:00  [INFO]: Server running on port 3000
2026-07-06 11:39:05  [ERROR]: Database connection failed: getaddrinfo EAI_AGAIN mysql
2026-07-06 11:40:06  [INFO]: Server running on port 3000
2026-07-06 11:40:11  [ERROR]: Database connection failed: getaddrinfo EAI_AGAIN mysql
2026-07-06 11:41:13  [INFO]: Server running on port 3000
2026-07-06 11:41:18  [ERROR]: Database connection failed: getaddrinfo EAI_AGAIN mysql
2026-07-06 11:42:19  [INFO]: Server running on port 3000
2026-07-06 11:42:24  [ERROR]: Database connection failed: getaddrinfo EAI_AGAIN mysql
2026-07-06 11:43:25  [INFO]: Server running on port 3000
2026-07-06 11:43:30  [ERROR]: Database connection failed: getaddrinfo EAI_AGAIN mysql
2026-07-06 11:44:32  [INFO]: Server running on port 3000
2026-07-06 11:44:37  [ERROR]: Database connection failed: getaddrinfo EAI_AGAIN mysql
2026-07-06 11:45:38  [INFO]: Server running on port 3000
2026-07-06 11:45:43  [ERROR]: Database connection failed: getaddrinfo EAI_AGAIN mysql
2026-07-06 11:46:47  [INFO]: Server running on port 3000
2026-07-06 11:46:52  [ERROR]: Database connection failed: getaddrinfo EAI_AGAIN mysql
2026-07-06 11:47:55  [INFO]: Server running on port 3000
2026-07-06 11:48:00  [ERROR]: Database connection failed: getaddrinfo EAI_AGAIN mysql
2026-07-06 11:49:01  [INFO]: Server running on port 3000
2026-07-06 11:49:06  [ERROR]: Database connection failed: getaddrinfo EAI_AGAIN mysql
2026-07-06 11:50:08  [INFO]: Server running on port 3000
2026-07-06 11:50:13  [ERROR]: Database connection failed: getaddrinfo EAI_AGAIN mysql
2026-07-06 11:51:15  [INFO]: Server running on port 3000
2026-07-06 11:51:20  [ERROR]: Database connection failed: getaddrinfo EAI_AGAIN mysql
2026-07-06 11:52:21  [INFO]: Server running on port 3000
2026-07-06 11:52:26  [ERROR]: Database connection failed: getaddrinfo EAI_AGAIN mysql
2026-07-06 11:53:28  [INFO]: Server running on port 3000
2026-07-06 11:53:33  [ERROR]: Database connection failed: getaddrinfo EAI_AGAIN mysql
2026-07-06 11:54:35  [INFO]: Server running on port 3000
2026-07-06 11:54:40  [ERROR]: Database connection failed: getaddrinfo EAI_AGAIN mysql
2026-07-06 11:55:41  [INFO]: Server running on port 3000
2026-07-06 11:55:46  [ERROR]: Database connection failed: getaddrinfo EAI_AGAIN mysql
2026-07-06 11:56:48  [INFO]: Server running on port 3000
2026-07-06 11:56:53  [ERROR]: Database connection failed: getaddrinfo EAI_AGAIN mysql
2026-07-06 11:57:54  [INFO]: Server running on port 3000
2026-07-06 11:57:59  [ERROR]: Database connection failed: getaddrinfo EAI_AGAIN mysql
2026-07-06 11:59:02  [INFO]: Server running on port 3000
2026-07-06 11:59:07  [ERROR]: Database connection failed: getaddrinfo EAI_AGAIN mysql
2026-07-06 12:00:08  [INFO]: Server running on port 3000
2026-07-06 12:00:13  [ERROR]: Database connection failed: getaddrinfo EAI_AGAIN mysql
2026-07-06 12:01:15  [INFO]: Server running on port 3000
2026-07-06 12:01:20  [ERROR]: Database connection failed: getaddrinfo EAI_AGAIN mysql
2026-07-06 12:02:22  [INFO]: Server running on port 3000
2026-07-06 12:02:27  [ERROR]: Database connection failed: getaddrinfo EAI_AGAIN mysql
2026-07-06 12:03:29  [INFO]: Server running on port 3000
2026-07-06 12:03:34  [ERROR]: Database connection failed: getaddrinfo EAI_AGAIN mysql
2026-07-06 12:04:35  [INFO]: Server running on port 3000
2026-07-06 12:04:40  [ERROR]: Database connection failed: getaddrinfo EAI_AGAIN mysql
2026-07-06 12:05:42  [INFO]: Server running on port 3000
2026-07-06 12:05:47  [ERROR]: Database connection failed: getaddrinfo EAI_AGAIN mysql
2026-07-06 12:06:49  [INFO]: Server running on port 3000
2026-07-06 12:06:54  [ERROR]: Database connection failed: getaddrinfo EAI_AGAIN mysql
2026-07-06 12:07:56  [INFO]: Server running on port 3000
2026-07-06 12:08:01  [ERROR]: Database connection failed: getaddrinfo EAI_AGAIN mysql
2026-07-06 12:09:03  [INFO]: Server running on port 3000
2026-07-06 12:09:08  [ERROR]: Database connection failed: getaddrinfo EAI_AGAIN mysql
2026-07-06 12:10:12  [INFO]: Server running on port 3000
2026-07-06 12:10:17  [ERROR]: Database connection failed: getaddrinfo EAI_AGAIN mysql
2026-07-06 12:11:19  [INFO]: Server running on port 3000
2026-07-06 12:11:24  [ERROR]: Database connection failed: getaddrinfo EAI_AGAIN mysql
2026-07-06 12:12:26  [INFO]: Server running on port 3000
2026-07-06 12:12:31  [ERROR]: Database connection failed: getaddrinfo EAI_AGAIN mysql
2026-07-06 12:13:33  [INFO]: Server running on port 3000
2026-07-06 12:13:38  [ERROR]: Database connection failed: getaddrinfo EAI_AGAIN mysql
2026-07-06 12:14:41  [INFO]: Server running on port 3000
2026-07-06 12:14:46  [ERROR]: Database connection failed: getaddrinfo EAI_AGAIN mysql
2026-07-06 12:15:48  [INFO]: Server running on port 3000
2026-07-06 12:15:53  [ERROR]: Database connection failed: getaddrinfo EAI_AGAIN mysql
2026-07-06 12:16:56  [INFO]: Server running on port 3000
2026-07-06 12:17:01  [ERROR]: Database connection failed: getaddrinfo EAI_AGAIN mysql
2026-07-06 12:18:04  [INFO]: Server running on port 3000
2026-07-06 12:18:09  [ERROR]: Database connection failed: getaddrinfo EAI_AGAIN mysql
2026-07-06 12:19:10  [INFO]: Server running on port 3000
2026-07-06 12:19:15  [ERROR]: Database connection failed: getaddrinfo EAI_AGAIN mysql
2026-07-06 12:20:18  [INFO]: Server running on port 3000
2026-07-06 12:20:23  [ERROR]: Database connection failed: getaddrinfo EAI_AGAIN mysql
2026-07-06 12:21:25  [INFO]: Server running on port 3000
2026-07-06 12:21:30  [ERROR]: Database connection failed: getaddrinfo EAI_AGAIN mysql
2026-07-06 12:22:32  [INFO]: Server running on port 3000
2026-07-06 12:22:37  [ERROR]: Database connection failed: getaddrinfo EAI_AGAIN mysql
2026-07-06 12:23:39  [INFO]: Server running on port 3000
2026-07-06 12:23:44  [ERROR]: Database connection failed: getaddrinfo EAI_AGAIN mysql
2026-07-06 12:24:46  [INFO]: Server running on port 3000
2026-07-06 12:24:51  [ERROR]: Database connection failed: getaddrinfo EAI_AGAIN mysql
2026-07-06 12:25:52  [INFO]: Server running on port 3000
2026-07-06 12:25:57  [ERROR]: Database connection failed: getaddrinfo EAI_AGAIN mysql
2026-07-06 12:26:59  [INFO]: Server running on port 3000
2026-07-06 12:27:04  [ERROR]: Database connection failed: getaddrinfo EAI_AGAIN mysql
2026-07-06 12:28:05  [INFO]: Server running on port 3000
2026-07-06 12:28:10  [ERROR]: Database connection failed: getaddrinfo EAI_AGAIN mysql
2026-07-06 12:29:12  [INFO]: Server running on port 3000
2026-07-06 12:29:17  [ERROR]: Database connection failed: getaddrinfo EAI_AGAIN mysql
2026-07-06 12:30:18  [INFO]: Server running on port 3000
2026-07-06 12:30:23  [ERROR]: Database connection failed: getaddrinfo EAI_AGAIN mysql
2026-07-06 12:31:24  [INFO]: Server running on port 3000
2026-07-06 12:31:29  [ERROR]: Database connection failed: getaddrinfo EAI_AGAIN mysql
2026-07-06 12:32:31  [INFO]: Server running on port 3000
2026-07-06 12:32:36  [ERROR]: Database connection failed: getaddrinfo EAI_AGAIN mysql
2026-07-06 12:33:38  [INFO]: Server running on port 3000
2026-07-06 12:33:42  [ERROR]: Database connection failed: getaddrinfo EAI_AGAIN mysql
2026-07-06 12:34:44  [INFO]: Server running on port 3000
2026-07-06 12:34:49  [ERROR]: Database connection failed: getaddrinfo EAI_AGAIN mysql
2026-07-06 12:35:50  [INFO]: Server running on port 3000
2026-07-06 12:35:55  [ERROR]: Database connection failed: getaddrinfo EAI_AGAIN mysql
2026-07-06 12:36:57  [INFO]: Server running on port 3000
2026-07-06 12:37:02  [ERROR]: Database connection failed: getaddrinfo EAI_AGAIN mysql
2026-07-06 12:38:03  [INFO]: Server running on port 3000
2026-07-06 12:38:08  [ERROR]: Database connection failed: getaddrinfo EAI_AGAIN mysql
2026-07-06 12:39:09  [INFO]: Server running on port 3000
2026-07-06 12:39:14  [ERROR]: Database connection failed: getaddrinfo EAI_AGAIN mysql
2026-07-06 12:40:16  [INFO]: Server running on port 3000
2026-07-06 12:40:21  [ERROR]: Database connection failed: getaddrinfo EAI_AGAIN mysql
2026-07-06 12:41:23  [INFO]: Server running on port 3000
2026-07-06 12:41:28  [ERROR]: Database connection failed: getaddrinfo EAI_AGAIN mysql
2026-07-06 12:42:29  [INFO]: Server running on port 3000
2026-07-06 12:42:34  [ERROR]: Database connection failed: getaddrinfo EAI_AGAIN mysql
2026-07-06 12:43:35  [INFO]: Server running on port 3000
2026-07-06 12:43:40  [ERROR]: Database connection failed: getaddrinfo EAI_AGAIN mysql
2026-07-06 12:44:42  [INFO]: Server running on port 3000
2026-07-06 12:44:47  [ERROR]: Database connection failed: getaddrinfo EAI_AGAIN mysql
2026-07-06 12:45:49  [INFO]: Server running on port 3000
2026-07-06 23:39:08  [ERROR]: Database connection failed: getaddrinfo EAI_AGAIN mysql
2026-07-06 23:39:12  [INFO]: Server running on port 3000
2026-07-06 23:39:17  [ERROR]: Database connection failed: getaddrinfo EAI_AGAIN mysql
2026-07-06 23:39:20  [INFO]: Server running on port 3000
2026-07-06 23:39:25  [ERROR]: Database connection failed: getaddrinfo EAI_AGAIN mysql
2026-07-06 23:39:36  [INFO]: Server running on port 3000
2026-07-06 23:39:40  [ERROR]: Database connection failed: getaddrinfo EAI_AGAIN mysql
2026-07-06 23:39:43  [INFO]: Server running on port 3000
2026-07-06 23:39:48  [ERROR]: Database connection failed: getaddrinfo EAI_AGAIN mysql
2026-07-06 23:39:52  [INFO]: Server running on port 3000
2026-07-06 23:39:57  [ERROR]: Database connection failed: getaddrinfo EAI_AGAIN mysql
2026-07-06 23:39:59  [INFO]: Server running on port 3000
2026-07-06 23:40:04  [ERROR]: Database connection failed: getaddrinfo EAI_AGAIN mysql
2026-07-06 23:40:07  [INFO]: Server running on port 3000
2026-07-06 23:40:12  [ERROR]: Database connection failed: getaddrinfo EAI_AGAIN mysql
2026-07-06 23:40:15  [INFO]: Server running on port 3000
2026-07-06 23:40:20  [ERROR]: Database connection failed: getaddrinfo EAI_AGAIN mysql
2026-07-06 23:40:25  [INFO]: Server running on port 3000
2026-07-06 23:40:30  [ERROR]: Database connection failed: getaddrinfo EAI_AGAIN mysql
2026-07-06 23:40:38  [INFO]: Server running on port 3000
2026-07-06 23:40:43  [ERROR]: Database connection failed: getaddrinfo EAI_AGAIN mysql
2026-07-06 23:40:57  [INFO]: Server running on port 3000
2026-07-06 23:41:02  [ERROR]: Database connection failed: getaddrinfo EAI_AGAIN mysql
2026-07-06 23:41:30  [INFO]: Server running on port 3000
2026-07-06 23:41:35  [ERROR]: Database connection failed: getaddrinfo EAI_AGAIN mysql
2026-07-07 05:45:39  [INFO]: Server running on port 3000
2026-07-07 05:45:44  [ERROR]: Database connection failed: getaddrinfo EAI_AGAIN mysql
2026-07-07 05:46:46  [INFO]: Server running on port 3000
2026-07-07 05:46:51  [ERROR]: Database connection failed: getaddrinfo EAI_AGAIN mysql
2026-07-07 05:47:56  [INFO]: Server running on port 3000
2026-07-07 05:48:01  [ERROR]: Database connection failed: getaddrinfo EAI_AGAIN mysql
2026-07-07 05:49:02  [INFO]: Server running on port 3000
2026-07-07 05:49:07  [ERROR]: Database connection failed: getaddrinfo EAI_AGAIN mysql
2026-07-07 05:50:08  [INFO]: Server running on port 3000
2026-07-07 05:50:13  [ERROR]: Database connection failed: getaddrinfo EAI_AGAIN mysql
2026-07-07 05:51:14  [INFO]: Server running on port 3000
2026-07-07 05:51:19  [ERROR]: Database connection failed: getaddrinfo EAI_AGAIN mysql
2026-07-07 05:52:20  [INFO]: Server running on port 3000
2026-07-07 05:52:25  [ERROR]: Database connection failed: getaddrinfo EAI_AGAIN mysql
2026-07-07 05:53:26  [INFO]: Server running on port 3000
2026-07-07 05:53:31  [ERROR]: Database connection failed: getaddrinfo EAI_AGAIN mysql
2026-07-07 05:54:32  [INFO]: Server running on port 3000
2026-07-07 05:54:37  [ERROR]: Database connection failed: getaddrinfo EAI_AGAIN mysql
2026-07-07 05:55:38  [INFO]: Server running on port 3000
2026-07-07 05:55:43  [ERROR]: Database connection failed: getaddrinfo EAI_AGAIN mysql
2026-07-07 05:56:44  [INFO]: Server running on port 3000
2026-07-07 05:56:49  [ERROR]: Database connection failed: getaddrinfo EAI_AGAIN mysql
2026-07-07 05:57:49  [INFO]: Server running on port 3000
2026-07-07 05:57:54  [ERROR]: Database connection failed: getaddrinfo EAI_AGAIN mysql
2026-07-07 05:58:55  [INFO]: Server running on port 3000
2026-07-07 05:59:00  [ERROR]: Database connection failed: getaddrinfo EAI_AGAIN mysql
2026-07-07 06:00:02  [INFO]: Server running on port 3000
2026-07-07 06:00:07  [ERROR]: Database connection failed: getaddrinfo EAI_AGAIN mysql
2026-07-07 06:01:07  [INFO]: Server running on port 3000
2026-07-07 06:01:12  [ERROR]: Database connection failed: getaddrinfo EAI_AGAIN mysql
2026-07-07 06:02:13  [INFO]: Server running on port 3000
2026-07-07 06:02:18  [ERROR]: Database connection failed: getaddrinfo EAI_AGAIN mysql
2026-07-07 06:03:19  [INFO]: Server running on port 3000
2026-07-07 06:03:24  [ERROR]: Database connection failed: getaddrinfo EAI_AGAIN mysql
2026-07-07 06:04:25  [INFO]: Server running on port 3000
2026-07-07 06:04:30  [ERROR]: Database connection failed: getaddrinfo EAI_AGAIN mysql
2026-07-07 06:05:31  [INFO]: Server running on port 3000
2026-07-07 06:05:36  [ERROR]: Database connection failed: getaddrinfo EAI_AGAIN mysql
2026-07-07 06:06:37  [INFO]: Server running on port 3000
2026-07-07 06:06:42  [ERROR]: Database connection failed: getaddrinfo EAI_AGAIN mysql
2026-07-07 06:07:43  [INFO]: Server running on port 3000
2026-07-07 06:07:48  [ERROR]: Database connection failed: getaddrinfo EAI_AGAIN mysql
2026-07-07 06:08:49  [INFO]: Server running on port 3000
2026-07-07 06:08:54  [ERROR]: Database connection failed: getaddrinfo EAI_AGAIN mysql
2026-07-07 06:09:55  [INFO]: Server running on port 3000
2026-07-07 06:10:00  [ERROR]: Database connection failed: getaddrinfo EAI_AGAIN mysql
2026-07-07 06:11:01  [INFO]: Server running on port 3000
2026-07-07 06:11:06  [ERROR]: Database connection failed: getaddrinfo EAI_AGAIN mysql
2026-07-07 06:12:07  [INFO]: Server running on port 3000
2026-07-07 06:12:12  [ERROR]: Database connection failed: getaddrinfo EAI_AGAIN mysql
2026-07-07 06:13:13  [INFO]: Server running on port 3000
2026-07-07 06:13:18  [ERROR]: Database connection failed: getaddrinfo EAI_AGAIN mysql
2026-07-07 06:14:19  [INFO]: Server running on port 3000
2026-07-07 06:14:24  [ERROR]: Database connection failed: getaddrinfo EAI_AGAIN mysql
2026-07-07 06:15:25  [INFO]: Server running on port 3000
2026-07-07 06:15:30  [ERROR]: Database connection failed: getaddrinfo EAI_AGAIN mysql
2026-07-07 06:16:30  [INFO]: Server running on port 3000
2026-07-07 06:16:35  [ERROR]: Database connection failed: getaddrinfo EAI_AGAIN mysql
2026-07-07 06:17:36  [INFO]: Server running on port 3000
2026-07-07 06:17:41  [ERROR]: Database connection failed: getaddrinfo EAI_AGAIN mysql
2026-07-07 06:18:42  [INFO]: Server running on port 3000
2026-07-07 06:18:47  [ERROR]: Database connection failed: getaddrinfo EAI_AGAIN mysql
2026-07-07 06:19:48  [INFO]: Server running on port 3000
2026-07-07 06:19:53  [ERROR]: Database connection failed: getaddrinfo EAI_AGAIN mysql
2026-07-07 06:20:54  [INFO]: Server running on port 3000
2026-07-07 06:20:59  [ERROR]: Database connection failed: getaddrinfo EAI_AGAIN mysql
2026-07-07 06:22:00  [INFO]: Server running on port 3000
2026-07-07 06:22:05  [ERROR]: Database connection failed: getaddrinfo EAI_AGAIN mysql
2026-07-07 06:23:06  [INFO]: Server running on port 3000
2026-07-07 06:23:11  [ERROR]: Database connection failed: getaddrinfo EAI_AGAIN mysql
2026-07-07 06:24:12  [INFO]: Server running on port 3000
2026-07-07 06:24:17  [ERROR]: Database connection failed: getaddrinfo EAI_AGAIN mysql
2026-07-07 06:25:18  [INFO]: Server running on port 3000
2026-07-07 06:25:23  [ERROR]: Database connection failed: getaddrinfo EAI_AGAIN mysql
2026-07-07 06:26:24  [INFO]: Server running on port 3000
2026-07-07 06:26:29  [ERROR]: Database connection failed: getaddrinfo EAI_AGAIN mysql
2026-07-07 06:27:30  [INFO]: Server running on port 3000
2026-07-07 06:27:35  [ERROR]: Database connection failed: getaddrinfo EAI_AGAIN mysql
2026-07-07 06:28:36  [INFO]: Server running on port 3000
2026-07-07 06:28:41  [ERROR]: Database connection failed: getaddrinfo EAI_AGAIN mysql
2026-07-07 06:29:42  [INFO]: Server running on port 3000
2026-07-07 06:29:47  [ERROR]: Database connection failed: getaddrinfo EAI_AGAIN mysql
2026-07-07 06:30:48  [INFO]: Server running on port 3000
2026-07-07 06:30:53  [ERROR]: Database connection failed: getaddrinfo EAI_AGAIN mysql
2026-07-07 06:31:54  [INFO]: Server running on port 3000
2026-07-07 06:31:59  [ERROR]: Database connection failed: getaddrinfo EAI_AGAIN mysql
2026-07-07 06:33:00  [INFO]: Server running on port 3000
2026-07-07 06:33:05  [ERROR]: Database connection failed: getaddrinfo EAI_AGAIN mysql
2026-07-07 06:34:06  [INFO]: Server running on port 3000
2026-07-07 06:34:11  [ERROR]: Database connection failed: getaddrinfo EAI_AGAIN mysql
2026-07-07 06:35:12  [INFO]: Server running on port 3000
2026-07-07 06:35:17  [ERROR]: Database connection failed: getaddrinfo EAI_AGAIN mysql
2026-07-07 06:36:18  [INFO]: Server running on port 3000
2026-07-07 06:36:23  [ERROR]: Database connection failed: getaddrinfo EAI_AGAIN mysql
2026-07-07 06:37:24  [INFO]: Server running on port 3000
2026-07-07 06:37:29  [ERROR]: Database connection failed: getaddrinfo EAI_AGAIN mysql
2026-07-07 06:38:30  [INFO]: Server running on port 3000
2026-07-07 06:38:35  [ERROR]: Database connection failed: getaddrinfo EAI_AGAIN mysql
2026-07-07 06:39:36  [INFO]: Server running on port 3000
2026-07-07 06:39:41  [ERROR]: Database connection failed: getaddrinfo EAI_AGAIN mysql
2026-07-07 06:40:42  [INFO]: Server running on port 3000
2026-07-07 06:40:47  [ERROR]: Database connection failed: getaddrinfo EAI_AGAIN mysql
2026-07-07 06:41:48  [INFO]: Server running on port 3000
2026-07-07 06:41:53  [ERROR]: Database connection failed: getaddrinfo EAI_AGAIN mysql
2026-07-07 06:42:54  [INFO]: Server running on port 3000
2026-07-07 06:42:59  [ERROR]: Database connection failed: getaddrinfo EAI_AGAIN mysql
2026-07-07 06:44:00  [INFO]: Server running on port 3000
2026-07-07 06:44:05  [ERROR]: Database connection failed: getaddrinfo EAI_AGAIN mysql
2026-07-07 06:45:06  [INFO]: Server running on port 3000
2026-07-07 06:45:11  [ERROR]: Database connection failed: getaddrinfo EAI_AGAIN mysql
2026-07-07 06:46:12  [INFO]: Server running on port 3000
2026-07-07 06:46:17  [ERROR]: Database connection failed: getaddrinfo EAI_AGAIN mysql
2026-07-07 06:47:18  [INFO]: Server running on port 3000
2026-07-07 06:47:23  [ERROR]: Database connection failed: getaddrinfo EAI_AGAIN mysql
2026-07-07 06:48:24  [INFO]: Server running on port 3000
2026-07-07 06:48:29  [ERROR]: Database connection failed: getaddrinfo EAI_AGAIN mysql
2026-07-07 06:49:30  [INFO]: Server running on port 3000
2026-07-07 06:49:35  [ERROR]: Database connection failed: getaddrinfo EAI_AGAIN mysql
2026-07-07 06:50:36  [INFO]: Server running on port 3000
2026-07-07 06:50:41  [ERROR]: Database connection failed: getaddrinfo EAI_AGAIN mysql
2026-07-07 06:51:42  [INFO]: Server running on port 3000
2026-07-07 06:51:47  [ERROR]: Database connection failed: getaddrinfo EAI_AGAIN mysql
2026-07-07 06:52:48  [INFO]: Server running on port 3000
2026-07-07 06:52:53  [ERROR]: Database connection failed: getaddrinfo EAI_AGAIN mysql
2026-07-07 06:53:54  [INFO]: Server running on port 3000
2026-07-07 06:53:59  [ERROR]: Database connection failed: getaddrinfo EAI_AGAIN mysql
2026-07-07 06:55:00  [INFO]: Server running on port 3000
2026-07-07 06:55:05  [ERROR]: Database connection failed: getaddrinfo EAI_AGAIN mysql
2026-07-07 06:56:06  [INFO]: Server running on port 3000
2026-07-07 06:56:11  [ERROR]: Database connection failed: getaddrinfo EAI_AGAIN mysql
2026-07-07 06:57:12  [INFO]: Server running on port 3000
2026-07-07 06:57:17  [ERROR]: Database connection failed: getaddrinfo EAI_AGAIN mysql
2026-07-07 06:58:18  [INFO]: Server running on port 3000
2026-07-07 06:58:23  [ERROR]: Database connection failed: getaddrinfo EAI_AGAIN mysql
2026-07-07 06:59:25  [INFO]: Server running on port 3000
2026-07-07 06:59:30  [ERROR]: Database connection failed: getaddrinfo EAI_AGAIN mysql
2026-07-07 07:00:31  [INFO]: Server running on port 3000
2026-07-07 07:00:36  [ERROR]: Database connection failed: getaddrinfo EAI_AGAIN mysql
2026-07-07 07:01:37  [INFO]: Server running on port 3000
2026-07-07 07:01:42  [ERROR]: Database connection failed: getaddrinfo EAI_AGAIN mysql
2026-07-07 07:02:43  [INFO]: Server running on port 3000
2026-07-07 07:02:48  [ERROR]: Database connection failed: getaddrinfo EAI_AGAIN mysql
2026-07-07 07:03:49  [INFO]: Server running on port 3000
2026-07-07 07:03:54  [ERROR]: Database connection failed: getaddrinfo EAI_AGAIN mysql
2026-07-07 07:04:56  [INFO]: Server running on port 3000
2026-07-07 07:05:01  [ERROR]: Database connection failed: getaddrinfo EAI_AGAIN mysql
2026-07-07 07:06:02  [INFO]: Server running on port 3000
2026-07-07 07:06:07  [ERROR]: Database connection failed: getaddrinfo EAI_AGAIN mysql
2026-07-07 07:07:08  [INFO]: Server running on port 3000
2026-07-07 07:07:13  [ERROR]: Database connection failed: getaddrinfo EAI_AGAIN mysql
2026-07-07 07:08:14  [INFO]: Server running on port 3000
2026-07-07 07:08:19  [ERROR]: Database connection failed: getaddrinfo EAI_AGAIN mysql
2026-07-07 07:09:20  [INFO]: Server running on port 3000
2026-07-07 07:09:25  [ERROR]: Database connection failed: getaddrinfo EAI_AGAIN mysql
2026-07-07 07:10:26  [INFO]: Server running on port 3000
2026-07-07 07:10:31  [ERROR]: Database connection failed: getaddrinfo EAI_AGAIN mysql
2026-07-07 07:11:33  [INFO]: Server running on port 3000
2026-07-07 07:11:38  [ERROR]: Database connection failed: getaddrinfo EAI_AGAIN mysql
2026-07-07 07:12:39  [INFO]: Server running on port 3000
2026-07-07 07:12:44  [ERROR]: Database connection failed: getaddrinfo EAI_AGAIN mysql
2026-07-07 07:13:45  [INFO]: Server running on port 3000
2026-07-07 07:13:50  [ERROR]: Database connection failed: getaddrinfo EAI_AGAIN mysql
2026-07-07 07:14:51  [INFO]: Server running on port 3000
2026-07-07 07:14:56  [ERROR]: Database connection failed: getaddrinfo EAI_AGAIN mysql
2026-07-07 07:15:57  [INFO]: Server running on port 3000
2026-07-07 07:16:02  [ERROR]: Database connection failed: getaddrinfo EAI_AGAIN mysql
2026-07-07 07:17:03  [INFO]: Server running on port 3000
2026-07-07 07:17:08  [ERROR]: Database connection failed: getaddrinfo EAI_AGAIN mysql
2026-07-07 07:18:09  [INFO]: Server running on port 3000
2026-07-07 07:18:14  [ERROR]: Database connection failed: getaddrinfo EAI_AGAIN mysql
2026-07-07 07:19:16  [INFO]: Server running on port 3000
2026-07-07 07:19:21  [ERROR]: Database connection failed: getaddrinfo EAI_AGAIN mysql
2026-07-07 07:20:21  [INFO]: Server running on port 3000
2026-07-07 07:20:26  [ERROR]: Database connection failed: getaddrinfo EAI_AGAIN mysql
2026-07-07 07:21:27  [INFO]: Server running on port 3000
2026-07-07 07:21:32  [ERROR]: Database connection failed: getaddrinfo EAI_AGAIN mysql
2026-07-07 07:22:33  [INFO]: Server running on port 3000
2026-07-07 07:22:38  [ERROR]: Database connection failed: getaddrinfo EAI_AGAIN mysql
2026-07-07 07:23:40  [INFO]: Server running on port 3000
2026-07-07 07:23:44  [ERROR]: Database connection failed: getaddrinfo EAI_AGAIN mysql
2026-07-07 07:24:46  [INFO]: Server running on port 3000
2026-07-07 07:24:51  [ERROR]: Database connection failed: getaddrinfo EAI_AGAIN mysql
2026-07-07 07:25:52  [INFO]: Server running on port 3000
2026-07-07 07:25:57  [ERROR]: Database connection failed: getaddrinfo EAI_AGAIN mysql
2026-07-07 07:26:58  [INFO]: Server running on port 3000
2026-07-07 07:27:03  [ERROR]: Database connection failed: getaddrinfo EAI_AGAIN mysql
2026-07-07 07:28:04  [INFO]: Server running on port 3000
2026-07-07 07:28:09  [ERROR]: Database connection failed: getaddrinfo EAI_AGAIN mysql
2026-07-07 07:29:10  [INFO]: Server running on port 3000
2026-07-07 07:29:15  [ERROR]: Database connection failed: getaddrinfo EAI_AGAIN mysql
2026-07-07 07:30:16  [INFO]: Server running on port 3000
2026-07-07 07:30:21  [ERROR]: Database connection failed: getaddrinfo EAI_AGAIN mysql
2026-07-07 07:31:22  [INFO]: Server running on port 3000
2026-07-07 07:31:27  [ERROR]: Database connection failed: getaddrinfo EAI_AGAIN mysql
2026-07-07 07:32:28  [INFO]: Server running on port 3000
2026-07-07 07:32:33  [ERROR]: Database connection failed: getaddrinfo EAI_AGAIN mysql
2026-07-07 07:33:35  [INFO]: Server running on port 3000
2026-07-07 07:33:40  [ERROR]: Database connection failed: getaddrinfo EAI_AGAIN mysql
2026-07-07 07:34:41  [INFO]: Server running on port 3000
2026-07-07 07:34:46  [ERROR]: Database connection failed: getaddrinfo EAI_AGAIN mysql
2026-07-07 07:35:47  [INFO]: Server running on port 3000
2026-07-07 07:35:52  [ERROR]: Database connection failed: getaddrinfo EAI_AGAIN mysql
2026-07-07 07:36:54  [INFO]: Server running on port 3000
2026-07-07 07:36:59  [ERROR]: Database connection failed: getaddrinfo EAI_AGAIN mysql
2026-07-07 07:38:00  [INFO]: Server running on port 3000
2026-07-07 07:38:05  [ERROR]: Database connection failed: getaddrinfo EAI_AGAIN mysql
2026-07-07 07:39:06  [INFO]: Server running on port 3000
2026-07-07 07:39:11  [ERROR]: Database connection failed: getaddrinfo EAI_AGAIN mysql
2026-07-07 07:40:12  [INFO]: Server running on port 3000
2026-07-07 07:40:17  [ERROR]: Database connection failed: getaddrinfo EAI_AGAIN mysql
2026-07-07 07:41:18  [INFO]: Server running on port 3000
2026-07-07 07:41:23  [ERROR]: Database connection failed: getaddrinfo EAI_AGAIN mysql
2026-07-07 07:42:24  [INFO]: Server running on port 3000
2026-07-07 07:42:29  [ERROR]: Database connection failed: getaddrinfo EAI_AGAIN mysql
2026-07-07 07:43:30  [INFO]: Server running on port 3000
2026-07-07 07:43:35  [ERROR]: Database connection failed: getaddrinfo EAI_AGAIN mysql
2026-07-07 07:44:36  [INFO]: Server running on port 3000
2026-07-07 07:44:41  [ERROR]: Database connection failed: getaddrinfo EAI_AGAIN mysql
2026-07-07 07:45:41  [INFO]: Server running on port 3000
2026-07-07 07:45:46  [ERROR]: Database connection failed: getaddrinfo EAI_AGAIN mysql
2026-07-07 07:46:47  [INFO]: Server running on port 3000
2026-07-07 07:46:52  [ERROR]: Database connection failed: getaddrinfo EAI_AGAIN mysql
2026-07-07 07:47:53  [INFO]: Server running on port 3000
2026-07-07 07:47:58  [ERROR]: Database connection failed: getaddrinfo EAI_AGAIN mysql
2026-07-07 07:48:59  [INFO]: Server running on port 3000
2026-07-07 07:49:04  [ERROR]: Database connection failed: getaddrinfo EAI_AGAIN mysql
2026-07-07 07:50:05  [INFO]: Server running on port 3000
2026-07-07 07:50:10  [ERROR]: Database connection failed: getaddrinfo EAI_AGAIN mysql
2026-07-07 07:51:11  [INFO]: Server running on port 3000
2026-07-07 07:51:16  [ERROR]: Database connection failed: getaddrinfo EAI_AGAIN mysql
2026-07-07 07:52:17  [INFO]: Server running on port 3000
2026-07-07 07:52:22  [ERROR]: Database connection failed: getaddrinfo EAI_AGAIN mysql
2026-07-07 07:53:23  [INFO]: Server running on port 3000
2026-07-07 07:53:28  [ERROR]: Database connection failed: getaddrinfo EAI_AGAIN mysql
2026-07-07 07:54:29  [INFO]: Server running on port 3000
2026-07-07 07:54:34  [ERROR]: Database connection failed: getaddrinfo EAI_AGAIN mysql
2026-07-07 07:55:35  [INFO]: Server running on port 3000
2026-07-07 07:55:40  [ERROR]: Database connection failed: getaddrinfo EAI_AGAIN mysql
2026-07-07 07:56:40  [INFO]: Server running on port 3000
2026-07-07 07:56:45  [ERROR]: Database connection failed: getaddrinfo EAI_AGAIN mysql
2026-07-07 07:57:46  [INFO]: Server running on port 3000
2026-07-07 07:57:51  [ERROR]: Database connection failed: getaddrinfo EAI_AGAIN mysql
2026-07-07 07:58:52  [INFO]: Server running on port 3000
2026-07-07 07:58:57  [ERROR]: Database connection failed: getaddrinfo EAI_AGAIN mysql
2026-07-07 07:59:58  [INFO]: Server running on port 3000
2026-07-07 08:00:03  [ERROR]: Database connection failed: getaddrinfo EAI_AGAIN mysql
2026-07-07 08:01:04  [INFO]: Server running on port 3000
2026-07-07 08:01:09  [ERROR]: Database connection failed: getaddrinfo EAI_AGAIN mysql
2026-07-07 08:02:11  [INFO]: Server running on port 3000
2026-07-07 08:02:16  [ERROR]: Database connection failed: getaddrinfo EAI_AGAIN mysql
2026-07-07 08:03:17  [INFO]: Server running on port 3000
2026-07-07 08:03:22  [ERROR]: Database connection failed: getaddrinfo EAI_AGAIN mysql
2026-07-07 08:04:24  [INFO]: Server running on port 3000
2026-07-07 08:04:29  [ERROR]: Database connection failed: getaddrinfo EAI_AGAIN mysql
2026-07-07 08:05:31  [INFO]: Server running on port 3000
2026-07-07 08:05:36  [ERROR]: Database connection failed: getaddrinfo EAI_AGAIN mysql
2026-07-07 08:06:39  [INFO]: Server running on port 3000
2026-07-07 08:06:44  [ERROR]: Database connection failed: getaddrinfo EAI_AGAIN mysql
2026-07-07 08:07:46  [INFO]: Server running on port 3000
2026-07-07 08:07:51  [ERROR]: Database connection failed: getaddrinfo EAI_AGAIN mysql
2026-07-07 08:08:53  [INFO]: Server running on port 3000
2026-07-07 08:08:58  [ERROR]: Database connection failed: getaddrinfo EAI_AGAIN mysql
2026-07-07 08:10:00  [INFO]: Server running on port 3000
2026-07-07 08:10:05  [ERROR]: Database connection failed: getaddrinfo EAI_AGAIN mysql
2026-07-07 08:11:07  [INFO]: Server running on port 3000
2026-07-07 08:11:12  [ERROR]: Database connection failed: getaddrinfo EAI_AGAIN mysql
2026-07-07 08:12:14  [INFO]: Server running on port 3000
2026-07-07 08:12:19  [ERROR]: Database connection failed: getaddrinfo EAI_AGAIN mysql
2026-07-07 08:13:21  [INFO]: Server running on port 3000
2026-07-07 08:13:26  [ERROR]: Database connection failed: getaddrinfo EAI_AGAIN mysql
2026-07-07 08:14:28  [INFO]: Server running on port 3000
2026-07-07 08:14:33  [ERROR]: Database connection failed: getaddrinfo EAI_AGAIN mysql
2026-07-07 08:15:35  [INFO]: Server running on port 3000
2026-07-07 08:15:40  [ERROR]: Database connection failed: getaddrinfo EAI_AGAIN mysql
2026-07-07 08:16:42  [INFO]: Server running on port 3000
2026-07-07 08:16:47  [ERROR]: Database connection failed: getaddrinfo EAI_AGAIN mysql
2026-07-07 08:17:48  [INFO]: Server running on port 3000
2026-07-07 08:17:53  [ERROR]: Database connection failed: getaddrinfo EAI_AGAIN mysql
2026-07-07 08:18:55  [INFO]: Server running on port 3000
2026-07-07 08:19:00  [ERROR]: Database connection failed: getaddrinfo EAI_AGAIN mysql
2026-07-07 08:20:02  [INFO]: Server running on port 3000
2026-07-07 08:20:07  [ERROR]: Database connection failed: getaddrinfo EAI_AGAIN mysql
2026-07-07 08:21:08  [INFO]: Server running on port 3000
2026-07-07 08:21:13  [ERROR]: Database connection failed: getaddrinfo EAI_AGAIN mysql
2026-07-07 08:22:15  [INFO]: Server running on port 3000
2026-07-07 08:22:20  [ERROR]: Database connection failed: getaddrinfo EAI_AGAIN mysql
2026-07-07 08:23:21  [INFO]: Server running on port 3000
2026-07-07 08:23:26  [ERROR]: Database connection failed: getaddrinfo EAI_AGAIN mysql
2026-07-07 08:24:27  [INFO]: Server running on port 3000
2026-07-07 08:24:32  [ERROR]: Database connection failed: getaddrinfo EAI_AGAIN mysql
2026-07-07 08:25:34  [INFO]: Server running on port 3000
2026-07-07 08:25:39  [ERROR]: Database connection failed: getaddrinfo EAI_AGAIN mysql
2026-07-07 08:26:40  [INFO]: Server running on port 3000
2026-07-07 08:26:45  [ERROR]: Database connection failed: getaddrinfo EAI_AGAIN mysql
2026-07-07 08:27:46  [INFO]: Server running on port 3000
2026-07-07 08:27:51  [ERROR]: Database connection failed: getaddrinfo EAI_AGAIN mysql
2026-07-07 08:28:53  [INFO]: Server running on port 3000
2026-07-07 08:28:58  [ERROR]: Database connection failed: getaddrinfo EAI_AGAIN mysql
2026-07-07 08:29:59  [INFO]: Server running on port 3000
2026-07-07 08:30:04  [ERROR]: Database connection failed: getaddrinfo EAI_AGAIN mysql
2026-07-07 08:31:05  [INFO]: Server running on port 3000
2026-07-07 08:31:10  [ERROR]: Database connection failed: getaddrinfo EAI_AGAIN mysql
2026-07-07 08:32:12  [INFO]: Server running on port 3000
2026-07-07 08:32:17  [ERROR]: Database connection failed: getaddrinfo EAI_AGAIN mysql
2026-07-07 08:33:18  [INFO]: Server running on port 3000
2026-07-07 08:33:23  [ERROR]: Database connection failed: getaddrinfo EAI_AGAIN mysql
2026-07-07 08:34:24  [INFO]: Server running on port 3000
2026-07-07 08:34:29  [ERROR]: Database connection failed: getaddrinfo EAI_AGAIN mysql
2026-07-07 08:35:31  [INFO]: Server running on port 3000
2026-07-07 08:35:36  [ERROR]: Database connection failed: getaddrinfo EAI_AGAIN mysql
2026-07-07 08:36:37  [INFO]: Server running on port 3000
2026-07-07 08:36:42  [ERROR]: Database connection failed: getaddrinfo EAI_AGAIN mysql
2026-07-07 08:37:43  [INFO]: Server running on port 3000
2026-07-07 08:37:48  [ERROR]: Database connection failed: getaddrinfo EAI_AGAIN mysql
2026-07-07 08:38:50  [INFO]: Server running on port 3000
2026-07-07 08:38:55  [ERROR]: Database connection failed: getaddrinfo EAI_AGAIN mysql
2026-07-07 08:39:56  [INFO]: Server running on port 3000
2026-07-07 08:40:01  [ERROR]: Database connection failed: getaddrinfo EAI_AGAIN mysql
2026-07-07 08:41:02  [INFO]: Server running on port 3000
2026-07-07 08:41:07  [ERROR]: Database connection failed: getaddrinfo EAI_AGAIN mysql
2026-07-07 08:42:08  [INFO]: Server running on port 3000
2026-07-07 08:42:13  [ERROR]: Database connection failed: getaddrinfo EAI_AGAIN mysql
2026-07-07 08:43:15  [INFO]: Server running on port 3000
2026-07-07 08:43:20  [ERROR]: Database connection failed: getaddrinfo EAI_AGAIN mysql
2026-07-07 08:44:21  [INFO]: Server running on port 3000
2026-07-07 08:44:26  [ERROR]: Database connection failed: getaddrinfo EAI_AGAIN mysql
2026-07-07 09:00:36  [INFO]: Server running on port 3000
2026-07-07 09:00:41  [ERROR]: Database connection failed: getaddrinfo EAI_AGAIN mysql
2026-07-07 09:00:44  [INFO]: Server running on port 3000
2026-07-07 09:00:49  [ERROR]: Database connection failed: getaddrinfo EAI_AGAIN mysql
2026-07-07 09:00:58  [INFO]: Server running on port 3000
2026-07-07 09:01:03  [ERROR]: Database connection failed: getaddrinfo EAI_AGAIN mysql
2026-07-07 09:01:10  [INFO]: Server running on port 3000
2026-07-07 09:01:15  [ERROR]: Database connection failed: getaddrinfo EAI_AGAIN mysql
2026-07-07 09:01:18  [INFO]: Server running on port 3000
2026-07-07 09:01:23  [ERROR]: Database connection failed: getaddrinfo EAI_AGAIN mysql
2026-07-07 09:01:30  [INFO]: Server running on port 3000
2026-07-07 09:01:35  [ERROR]: Database connection failed: getaddrinfo EAI_AGAIN mysql
2026-07-07 09:01:37  [INFO]: Server running on port 3000
2026-07-07 09:01:42  [ERROR]: Database connection failed: getaddrinfo EAI_AGAIN mysql
2026-07-07 09:01:45  [INFO]: Server running on port 3000
2026-07-07 09:01:50  [ERROR]: Database connection failed: getaddrinfo EAI_AGAIN mysql
2026-07-07 09:01:54  [INFO]: Server running on port 3000
2026-07-07 09:01:59  [ERROR]: Database connection failed: getaddrinfo EAI_AGAIN mysql
2026-07-07 09:02:05  [INFO]: Server running on port 3000
2026-07-07 09:02:10  [ERROR]: Database connection failed: getaddrinfo EAI_AGAIN mysql
2026-07-07 09:02:18  [INFO]: Server running on port 3000
2026-07-07 09:02:23  [ERROR]: Database connection failed: getaddrinfo EAI_AGAIN mysql
2026-07-07 09:02:39  [INFO]: Server running on port 3000
2026-07-07 09:02:44  [ERROR]: Database connection failed: getaddrinfo EAI_AGAIN mysql
2026-07-07 09:03:11  [INFO]: Server running on port 3000
2026-07-07 09:03:16  [ERROR]: Database connection failed: getaddrinfo EAI_AGAIN mysql
2026-07-07 09:04:08  [INFO]: Server running on port 3000
2026-07-07 09:04:13  [ERROR]: Database connection failed: getaddrinfo EAI_AGAIN mysql
2026-07-07 09:05:14  [INFO]: Server running on port 3000
2026-07-07 09:05:19  [ERROR]: Database connection failed: getaddrinfo EAI_AGAIN mysql
2026-07-07 09:06:21  [INFO]: Server running on port 3000
2026-07-07 09:06:26  [ERROR]: Database connection failed: getaddrinfo EAI_AGAIN mysql
2026-07-07 09:07:27  [INFO]: Server running on port 3000
2026-07-07 09:07:32  [ERROR]: Database connection failed: getaddrinfo EAI_AGAIN mysql
2026-07-07 09:08:35  [INFO]: Server running on port 3000
2026-07-07 09:08:40  [ERROR]: Database connection failed: getaddrinfo EAI_AGAIN mysql
2026-07-07 09:09:41  [INFO]: Server running on port 3000
2026-07-07 09:09:46  [ERROR]: Database connection failed: getaddrinfo EAI_AGAIN mysql
2026-07-07 09:10:49  [INFO]: Server running on port 3000
2026-07-07 09:10:54  [ERROR]: Database connection failed: getaddrinfo EAI_AGAIN mysql
2026-07-07 09:11:55  [INFO]: Server running on port 3000
2026-07-07 09:12:00  [ERROR]: Database connection failed: getaddrinfo EAI_AGAIN mysql
2026-07-07 09:13:02  [INFO]: Server running on port 3000
2026-07-07 09:13:07  [ERROR]: Database connection failed: getaddrinfo EAI_AGAIN mysql
2026-07-07 09:14:08  [INFO]: Server running on port 3000
2026-07-07 09:14:13  [ERROR]: Database connection failed: getaddrinfo EAI_AGAIN mysql
2026-07-07 09:15:15  [INFO]: Server running on port 3000
2026-07-07 09:15:20  [ERROR]: Database connection failed: getaddrinfo EAI_AGAIN mysql
2026-07-07 09:16:21  [INFO]: Server running on port 3000
2026-07-07 09:16:26  [ERROR]: Database connection failed: getaddrinfo EAI_AGAIN mysql
2026-07-07 09:17:28  [INFO]: Server running on port 3000
2026-07-07 09:17:33  [ERROR]: Database connection failed: getaddrinfo EAI_AGAIN mysql
2026-07-07 09:18:34  [INFO]: Server running on port 3000
2026-07-07 09:18:39  [ERROR]: Database connection failed: getaddrinfo EAI_AGAIN mysql
2026-07-07 09:19:40  [INFO]: Server running on port 3000
2026-07-07 09:19:45  [ERROR]: Database connection failed: getaddrinfo EAI_AGAIN mysql
2026-07-07 09:20:46  [INFO]: Server running on port 3000
2026-07-07 09:20:51  [ERROR]: Database connection failed: getaddrinfo EAI_AGAIN mysql
2026-07-07 09:21:52  [INFO]: Server running on port 3000
2026-07-07 09:21:57  [ERROR]: Database connection failed: getaddrinfo EAI_AGAIN mysql
2026-07-07 09:22:58  [INFO]: Server running on port 3000
2026-07-07 09:23:03  [ERROR]: Database connection failed: getaddrinfo EAI_AGAIN mysql
2026-07-07 09:24:04  [INFO]: Server running on port 3000
2026-07-07 09:24:09  [ERROR]: Database connection failed: getaddrinfo EAI_AGAIN mysql
2026-07-07 09:25:10  [INFO]: Server running on port 3000
2026-07-07 09:25:15  [ERROR]: Database connection failed: getaddrinfo EAI_AGAIN mysql
2026-07-07 09:26:17  [INFO]: Server running on port 3000
2026-07-07 09:26:22  [ERROR]: Database connection failed: getaddrinfo EAI_AGAIN mysql
2026-07-07 09:27:22  [INFO]: Server running on port 3000
2026-07-07 09:27:27  [ERROR]: Database connection failed: getaddrinfo EAI_AGAIN mysql
2026-07-07 09:28:28  [INFO]: Server running on port 3000
2026-07-07 09:28:33  [ERROR]: Database connection failed: getaddrinfo EAI_AGAIN mysql
2026-07-07 09:29:34  [INFO]: Server running on port 3000
2026-07-07 09:29:39  [ERROR]: Database connection failed: getaddrinfo EAI_AGAIN mysql
2026-07-07 09:30:41  [INFO]: Server running on port 3000
2026-07-07 09:30:46  [ERROR]: Database connection failed: getaddrinfo EAI_AGAIN mysql
2026-07-07 09:31:47  [INFO]: Server running on port 3000
2026-07-07 09:31:52  [ERROR]: Database connection failed: getaddrinfo EAI_AGAIN mysql
2026-07-07 09:32:53  [INFO]: Server running on port 3000
2026-07-07 09:32:58  [ERROR]: Database connection failed: getaddrinfo EAI_AGAIN mysql
2026-07-07 09:33:59  [INFO]: Server running on port 3000
2026-07-07 09:34:04  [ERROR]: Database connection failed: getaddrinfo EAI_AGAIN mysql
2026-07-07 09:35:05  [INFO]: Server running on port 3000
2026-07-07 09:35:10  [ERROR]: Database connection failed: getaddrinfo EAI_AGAIN mysql
2026-07-07 09:36:11  [INFO]: Server running on port 3000
2026-07-07 09:36:16  [ERROR]: Database connection failed: getaddrinfo EAI_AGAIN mysql
2026-07-07 09:37:17  [INFO]: Server running on port 3000
2026-07-07 09:37:22  [ERROR]: Database connection failed: getaddrinfo EAI_AGAIN mysql
2026-07-07 09:38:22  [INFO]: Server running on port 3000
2026-07-07 09:38:27  [ERROR]: Database connection failed: getaddrinfo EAI_AGAIN mysql
2026-07-07 09:39:28  [INFO]: Server running on port 3000
2026-07-07 09:39:33  [ERROR]: Database connection failed: getaddrinfo EAI_AGAIN mysql
2026-07-07 09:40:34  [INFO]: Server running on port 3000
2026-07-07 09:40:39  [ERROR]: Database connection failed: getaddrinfo EAI_AGAIN mysql
2026-07-07 09:41:40  [INFO]: Server running on port 3000
2026-07-07 09:41:45  [ERROR]: Database connection failed: getaddrinfo EAI_AGAIN mysql
2026-07-07 09:42:46  [INFO]: Server running on port 3000
2026-07-07 09:42:51  [ERROR]: Database connection failed: getaddrinfo EAI_AGAIN mysql
2026-07-07 09:43:52  [INFO]: Server running on port 3000
2026-07-07 09:43:57  [ERROR]: Database connection failed: getaddrinfo EAI_AGAIN mysql
2026-07-07 09:44:58  [INFO]: Server running on port 3000
2026-07-07 09:45:03  [ERROR]: Database connection failed: getaddrinfo EAI_AGAIN mysql
2026-07-07 09:46:04  [INFO]: Server running on port 3000
2026-07-07 09:46:09  [ERROR]: Database connection failed: getaddrinfo EAI_AGAIN mysql
2026-07-07 09:47:10  [INFO]: Server running on port 3000
2026-07-07 09:47:15  [ERROR]: Database connection failed: getaddrinfo EAI_AGAIN mysql
2026-07-07 09:48:15  [INFO]: Server running on port 3000
2026-07-07 09:48:20  [ERROR]: Database connection failed: getaddrinfo EAI_AGAIN mysql
2026-07-07 09:49:21  [INFO]: Server running on port 3000
2026-07-07 09:49:26  [ERROR]: Database connection failed: getaddrinfo EAI_AGAIN mysql
2026-07-07 09:50:27  [INFO]: Server running on port 3000
2026-07-07 09:50:32  [ERROR]: Database connection failed: getaddrinfo EAI_AGAIN mysql
2026-07-07 09:51:33  [INFO]: Server running on port 3000
2026-07-07 09:51:38  [ERROR]: Database connection failed: getaddrinfo EAI_AGAIN mysql
2026-07-07 09:52:39  [INFO]: Server running on port 3000
2026-07-07 09:52:44  [ERROR]: Database connection failed: getaddrinfo EAI_AGAIN mysql
2026-07-07 09:53:45  [INFO]: Server running on port 3000
2026-07-07 09:53:50  [ERROR]: Database connection failed: getaddrinfo EAI_AGAIN mysql
2026-07-07 09:54:51  [INFO]: Server running on port 3000
2026-07-07 09:54:56  [ERROR]: Database connection failed: getaddrinfo EAI_AGAIN mysql
2026-07-07 09:55:57  [INFO]: Server running on port 3000
2026-07-07 09:56:02  [ERROR]: Database connection failed: getaddrinfo EAI_AGAIN mysql
2026-07-07 09:57:03  [INFO]: Server running on port 3000
2026-07-07 09:57:08  [ERROR]: Database connection failed: getaddrinfo EAI_AGAIN mysql
2026-07-07 09:58:09  [INFO]: Server running on port 3000
2026-07-07 09:58:14  [ERROR]: Database connection failed: getaddrinfo EAI_AGAIN mysql
2026-07-07 09:59:15  [INFO]: Server running on port 3000
2026-07-07 09:59:20  [ERROR]: Database connection failed: getaddrinfo EAI_AGAIN mysql
2026-07-07 10:00:21  [INFO]: Server running on port 3000
2026-07-07 10:00:26  [ERROR]: Database connection failed: getaddrinfo EAI_AGAIN mysql
2026-07-07 10:01:27  [INFO]: Server running on port 3000
2026-07-07 10:01:32  [ERROR]: Database connection failed: getaddrinfo EAI_AGAIN mysql
2026-07-07 10:02:33  [INFO]: Server running on port 3000
2026-07-07 10:02:38  [ERROR]: Database connection failed: getaddrinfo EAI_AGAIN mysql
2026-07-07 10:03:39  [INFO]: Server running on port 3000
2026-07-07 10:03:44  [ERROR]: Database connection failed: getaddrinfo EAI_AGAIN mysql
2026-07-07 10:04:44  [INFO]: Server running on port 3000
2026-07-07 10:04:49  [ERROR]: Database connection failed: getaddrinfo EAI_AGAIN mysql
2026-07-07 10:05:50  [INFO]: Server running on port 3000
2026-07-07 10:05:55  [ERROR]: Database connection failed: getaddrinfo EAI_AGAIN mysql
2026-07-07 12:09:35  [INFO]: Server running on port 3000
2026-07-07 12:09:40  [ERROR]: Database connection failed: getaddrinfo EAI_AGAIN mysql
2026-07-07 12:10:41  [INFO]: Server running on port 3000
2026-07-07 12:10:46  [ERROR]: Database connection failed: getaddrinfo EAI_AGAIN mysql
2026-07-07 12:11:47  [INFO]: Server running on port 3000
2026-07-07 12:11:52  [ERROR]: Database connection failed: getaddrinfo EAI_AGAIN mysql
2026-07-07 18:11:58  [INFO]: Server running on port 3000
2026-07-07 18:12:03  [ERROR]: Database connection failed: getaddrinfo EAI_AGAIN mysql
2026-07-07 18:12:05  [INFO]: Server running on port 3000
2026-07-07 18:12:10  [ERROR]: Database connection failed: getaddrinfo EAI_AGAIN mysql
2026-07-07 18:12:12  [INFO]: Server running on port 3000
2026-07-07 18:12:17  [ERROR]: Database connection failed: getaddrinfo EAI_AGAIN mysql
2026-07-07 18:12:19  [INFO]: Server running on port 3000
2026-07-07 18:12:24  [ERROR]: Database connection failed: getaddrinfo EAI_AGAIN mysql
2026-07-07 18:12:26  [INFO]: Server running on port 3000
2026-07-07 18:12:31  [ERROR]: Database connection failed: getaddrinfo EAI_AGAIN mysql
2026-07-07 18:12:34  [INFO]: Server running on port 3000
2026-07-07 18:12:39  [ERROR]: Database connection failed: getaddrinfo EAI_AGAIN mysql
2026-07-07 18:12:44  [INFO]: Server running on port 3000
2026-07-07 18:12:49  [ERROR]: Database connection failed: getaddrinfo EAI_AGAIN mysql
2026-07-07 18:12:57  [INFO]: Server running on port 3000
2026-07-07 18:13:02  [ERROR]: Database connection failed: getaddrinfo EAI_AGAIN mysql
2026-07-07 18:13:17  [INFO]: Server running on port 3000
2026-07-07 18:13:22  [ERROR]: Database connection failed: getaddrinfo EAI_AGAIN mysql
2026-07-07 18:13:49  [INFO]: Server running on port 3000
2026-07-07 18:13:54  [ERROR]: Database connection failed: getaddrinfo EAI_AGAIN mysql
2026-07-07 18:14:46  [INFO]: Server running on port 3000
2026-07-07 18:14:51  [ERROR]: Database connection failed: getaddrinfo EAI_AGAIN mysql
2026-07-07 18:15:53  [INFO]: Server running on port 3000
2026-07-07 18:15:58  [ERROR]: Database connection failed: getaddrinfo EAI_AGAIN mysql
2026-07-07 18:16:59  [INFO]: Server running on port 3000
2026-07-07 18:17:04  [ERROR]: Database connection failed: getaddrinfo EAI_AGAIN mysql
2026-07-07 18:18:05  [INFO]: Server running on port 3000
2026-07-07 18:18:10  [ERROR]: Database connection failed: getaddrinfo EAI_AGAIN mysql
2026-07-07 18:19:12  [INFO]: Server running on port 3000
2026-07-07 18:19:17  [ERROR]: Database connection failed: getaddrinfo EAI_AGAIN mysql
2026-07-07 18:20:19  [INFO]: Server running on port 3000
2026-07-07 18:20:24  [ERROR]: Database connection failed: getaddrinfo EAI_AGAIN mysql
2026-07-07 18:21:25  [INFO]: Server running on port 3000
2026-07-07 18:21:30  [ERROR]: Database connection failed: getaddrinfo EAI_AGAIN mysql
2026-07-07 18:22:32  [INFO]: Server running on port 3000
2026-07-07 18:22:37  [ERROR]: Database connection failed: getaddrinfo EAI_AGAIN mysql
2026-07-07 18:23:38  [INFO]: Server running on port 3000
2026-07-07 18:23:43  [ERROR]: Database connection failed: getaddrinfo EAI_AGAIN mysql
2026-07-07 18:24:44  [INFO]: Server running on port 3000
2026-07-07 18:24:49  [ERROR]: Database connection failed: getaddrinfo EAI_AGAIN mysql
2026-07-07 18:25:51  [INFO]: Server running on port 3000
2026-07-07 18:25:56  [ERROR]: Database connection failed: getaddrinfo EAI_AGAIN mysql
2026-07-07 18:26:57  [INFO]: Server running on port 3000
2026-07-07 18:27:02  [ERROR]: Database connection failed: getaddrinfo EAI_AGAIN mysql
2026-07-07 18:28:04  [INFO]: Server running on port 3000
2026-07-07 18:28:09  [ERROR]: Database connection failed: getaddrinfo EAI_AGAIN mysql
2026-07-07 18:29:10  [INFO]: Server running on port 3000
2026-07-07 18:29:15  [ERROR]: Database connection failed: getaddrinfo EAI_AGAIN mysql
2026-07-07 18:30:17  [INFO]: Server running on port 3000
2026-07-07 18:30:22  [ERROR]: Database connection failed: getaddrinfo EAI_AGAIN mysql
2026-07-07 18:31:23  [INFO]: Server running on port 3000
2026-07-07 18:31:28  [ERROR]: Database connection failed: getaddrinfo EAI_AGAIN mysql
2026-07-07 18:32:29  [INFO]: Server running on port 3000
2026-07-07 18:32:34  [ERROR]: Database connection failed: getaddrinfo EAI_AGAIN mysql
2026-07-07 18:33:36  [INFO]: Server running on port 3000
2026-07-07 18:33:41  [ERROR]: Database connection failed: getaddrinfo EAI_AGAIN mysql
2026-07-07 18:34:42  [INFO]: Server running on port 3000
2026-07-07 18:34:47  [ERROR]: Database connection failed: getaddrinfo EAI_AGAIN mysql
2026-07-07 18:35:50  [INFO]: Server running on port 3000
2026-07-07 18:35:55  [ERROR]: Database connection failed: getaddrinfo EAI_AGAIN mysql
2026-07-07 18:36:56  [INFO]: Server running on port 3000
2026-07-07 18:37:01  [ERROR]: Database connection failed: getaddrinfo EAI_AGAIN mysql
2026-07-07 18:38:03  [INFO]: Server running on port 3000
2026-07-07 18:38:08  [ERROR]: Database connection failed: getaddrinfo EAI_AGAIN mysql
2026-07-07 18:39:10  [INFO]: Server running on port 3000
2026-07-07 18:39:15  [ERROR]: Database connection failed: getaddrinfo EAI_AGAIN mysql
2026-07-07 18:40:17  [INFO]: Server running on port 3000
2026-07-07 18:40:22  [ERROR]: Database connection failed: getaddrinfo EAI_AGAIN mysql
2026-07-07 18:41:23  [INFO]: Server running on port 3000
2026-07-07 18:41:28  [ERROR]: Database connection failed: getaddrinfo EAI_AGAIN mysql
2026-07-07 18:42:29  [INFO]: Server running on port 3000
2026-07-07 18:42:34  [ERROR]: Database connection failed: getaddrinfo EAI_AGAIN mysql
2026-07-07 18:43:36  [INFO]: Server running on port 3000
2026-07-07 18:43:41  [ERROR]: Database connection failed: getaddrinfo EAI_AGAIN mysql
2026-07-08 10:58:21  [INFO]: Server running on port 3000
2026-07-08 10:58:26  [ERROR]: Database connection failed: getaddrinfo EAI_AGAIN mysql
2026-07-08 10:59:27  [INFO]: Server running on port 3000
2026-07-08 10:59:32  [ERROR]: Database connection failed: getaddrinfo EAI_AGAIN mysql
2026-07-08 11:00:34  [INFO]: Server running on port 3000
2026-07-08 11:00:39  [ERROR]: Database connection failed: getaddrinfo EAI_AGAIN mysql
2026-07-08 11:01:40  [INFO]: Server running on port 3000
2026-07-08 11:01:45  [ERROR]: Database connection failed: getaddrinfo EAI_AGAIN mysql
2026-07-08 11:02:46  [INFO]: Server running on port 3000
2026-07-08 11:02:51  [ERROR]: Database connection failed: getaddrinfo EAI_AGAIN mysql
2026-07-08 11:03:53  [INFO]: Server running on port 3000
2026-07-08 11:03:58  [ERROR]: Database connection failed: getaddrinfo EAI_AGAIN mysql
2026-07-08 11:05:06  [INFO]: Server running on port 3000
2026-07-08 11:05:11  [ERROR]: Database connection failed: getaddrinfo EAI_AGAIN mysql
2026-07-08 11:05:13  [INFO]: Server running on port 3000
2026-07-08 11:05:18  [ERROR]: Database connection failed: getaddrinfo EAI_AGAIN mysql
2026-07-08 11:05:20  [INFO]: Server running on port 3000
2026-07-08 11:05:25  [ERROR]: Database connection failed: getaddrinfo EAI_AGAIN mysql
2026-07-08 11:05:28  [INFO]: Server running on port 3000
2026-07-08 11:05:33  [ERROR]: Database connection failed: getaddrinfo EAI_AGAIN mysql
2026-07-08 11:05:35  [INFO]: Server running on port 3000
2026-07-08 11:05:40  [ERROR]: Database connection failed: getaddrinfo EAI_AGAIN mysql
2026-07-08 11:05:43  [INFO]: Server running on port 3000
2026-07-08 11:05:48  [ERROR]: Database connection failed: getaddrinfo EAI_AGAIN mysql
2026-07-08 11:05:53  [INFO]: Server running on port 3000
2026-07-08 11:05:58  [ERROR]: Database connection failed: getaddrinfo EAI_AGAIN mysql
2026-07-08 11:06:06  [INFO]: Server running on port 3000
2026-07-08 11:06:11  [ERROR]: Database connection failed: getaddrinfo EAI_AGAIN mysql
2026-07-08 11:06:25  [INFO]: Server running on port 3000
2026-07-08 11:06:30  [ERROR]: Database connection failed: getaddrinfo EAI_AGAIN mysql
2026-07-08 11:06:57  [INFO]: Server running on port 3000
2026-07-08 11:07:02  [ERROR]: Database connection failed: getaddrinfo EAI_AGAIN mysql
2026-07-08 11:07:54  [INFO]: Server running on port 3000
2026-07-08 11:07:59  [ERROR]: Database connection failed: getaddrinfo EAI_AGAIN mysql
2026-07-08 11:09:00  [INFO]: Server running on port 3000
2026-07-08 11:09:05  [ERROR]: Database connection failed: getaddrinfo EAI_AGAIN mysql
2026-07-08 11:10:07  [INFO]: Server running on port 3000
2026-07-08 11:10:12  [ERROR]: Database connection failed: getaddrinfo EAI_AGAIN mysql
2026-07-08 11:11:13  [INFO]: Server running on port 3000
2026-07-08 11:11:18  [ERROR]: Database connection failed: getaddrinfo EAI_AGAIN mysql
2026-07-08 11:12:20  [INFO]: Server running on port 3000
2026-07-08 11:12:25  [ERROR]: Database connection failed: getaddrinfo EAI_AGAIN mysql
2026-07-08 11:13:26  [INFO]: Server running on port 3000
2026-07-08 11:13:31  [ERROR]: Database connection failed: getaddrinfo EAI_AGAIN mysql
2026-07-08 11:14:32  [INFO]: Server running on port 3000
2026-07-08 11:14:37  [ERROR]: Database connection failed: getaddrinfo EAI_AGAIN mysql
2026-07-08 11:17:27  [INFO]: Server running on port 3000
2026-07-08 11:17:32  [ERROR]: Database connection failed: getaddrinfo EAI_AGAIN mysql
2026-07-08 12:53:06  [INFO]: Server running on port 3000
2026-07-08 12:53:11  [ERROR]: Database connection failed: getaddrinfo EAI_AGAIN mysql
2026-07-08 12:53:14  [INFO]: Server running on port 3000
2026-07-08 12:53:19  [ERROR]: Database connection failed: getaddrinfo EAI_AGAIN mysql
2026-07-08 12:53:22  [INFO]: Server running on port 3000
2026-07-08 12:53:27  [ERROR]: Database connection failed: getaddrinfo EAI_AGAIN mysql
2026-07-08 12:53:29  [INFO]: Server running on port 3000
2026-07-08 12:53:34  [ERROR]: Database connection failed: getaddrinfo EAI_AGAIN mysql
2026-07-08 12:53:36  [INFO]: Server running on port 3000
2026-07-08 12:53:41  [ERROR]: Database connection failed: getaddrinfo EAI_AGAIN mysql
2026-07-08 12:53:45  [INFO]: Server running on port 3000
2026-07-08 12:53:50  [ERROR]: Database connection failed: getaddrinfo EAI_AGAIN mysql
2026-07-08 12:53:54  [INFO]: Server running on port 3000
2026-07-08 12:53:59  [ERROR]: Database connection failed: getaddrinfo EAI_AGAIN mysql
2026-07-08 12:54:07  [INFO]: Server running on port 3000
2026-07-08 12:54:12  [ERROR]: Database connection failed: getaddrinfo EAI_AGAIN mysql
2026-07-08 12:54:26  [INFO]: Server running on port 3000
2026-07-08 12:54:31  [ERROR]: Database connection failed: getaddrinfo EAI_AGAIN mysql
2026-07-08 12:54:58  [INFO]: Server running on port 3000
2026-07-08 12:55:03  [ERROR]: Database connection failed: getaddrinfo EAI_AGAIN mysql
2026-07-08 12:55:56  [INFO]: Server running on port 3000
2026-07-08 12:56:01  [ERROR]: Database connection failed: getaddrinfo EAI_AGAIN mysql
2026-07-08 12:57:02  [INFO]: Server running on port 3000
2026-07-08 12:57:07  [ERROR]: Database connection failed: getaddrinfo EAI_AGAIN mysql
2026-07-08 12:58:09  [INFO]: Server running on port 3000
2026-07-08 12:58:14  [ERROR]: Database connection failed: getaddrinfo EAI_AGAIN mysql
2026-07-08 12:59:16  [INFO]: Server running on port 3000
2026-07-08 12:59:21  [ERROR]: Database connection failed: getaddrinfo EAI_AGAIN mysql
2026-07-08 13:00:22  [INFO]: Server running on port 3000
2026-07-08 13:00:27  [ERROR]: Database connection failed: getaddrinfo EAI_AGAIN mysql
2026-07-08 13:01:28  [INFO]: Server running on port 3000
2026-07-08 13:01:33  [ERROR]: Database connection failed: getaddrinfo EAI_AGAIN mysql
2026-07-08 13:02:34  [INFO]: Server running on port 3000
2026-07-08 13:02:39  [ERROR]: Database connection failed: getaddrinfo EAI_AGAIN mysql
2026-07-08 13:03:40  [INFO]: Server running on port 3000
2026-07-08 13:03:45  [ERROR]: Database connection failed: getaddrinfo EAI_AGAIN mysql
2026-07-08 13:04:47  [INFO]: Server running on port 3000
2026-07-08 13:04:52  [ERROR]: Database connection failed: getaddrinfo EAI_AGAIN mysql
2026-07-08 13:05:54  [INFO]: Server running on port 3000
2026-07-08 13:05:59  [ERROR]: Database connection failed: getaddrinfo EAI_AGAIN mysql
2026-07-08 13:07:00  [INFO]: Server running on port 3000
2026-07-08 13:07:05  [ERROR]: Database connection failed: getaddrinfo EAI_AGAIN mysql
2026-07-08 13:08:07  [INFO]: Server running on port 3000
2026-07-08 13:08:12  [ERROR]: Database connection failed: getaddrinfo EAI_AGAIN mysql
2026-07-08 13:09:14  [INFO]: Server running on port 3000
2026-07-08 13:09:19  [ERROR]: Database connection failed: getaddrinfo EAI_AGAIN mysql
2026-07-08 13:10:21  [INFO]: Server running on port 3000
2026-07-08 13:10:26  [ERROR]: Database connection failed: getaddrinfo EAI_AGAIN mysql
2026-07-08 13:11:28  [INFO]: Server running on port 3000
2026-07-08 13:11:33  [ERROR]: Database connection failed: getaddrinfo EAI_AGAIN mysql
2026-07-08 13:12:34  [INFO]: Server running on port 3000
2026-07-08 13:12:39  [ERROR]: Database connection failed: getaddrinfo EAI_AGAIN mysql
2026-07-08 13:13:41  [INFO]: Server running on port 3000
2026-07-08 13:13:46  [ERROR]: Database connection failed: getaddrinfo EAI_AGAIN mysql
2026-07-08 13:14:47  [INFO]: Server running on port 3000
2026-07-08 13:14:52  [ERROR]: Database connection failed: getaddrinfo EAI_AGAIN mysql
2026-07-08 13:15:54  [INFO]: Server running on port 3000
2026-07-08 13:15:59  [ERROR]: Database connection failed: getaddrinfo EAI_AGAIN mysql
2026-07-08 13:17:01  [INFO]: Server running on port 3000
2026-07-08 13:17:06  [ERROR]: Database connection failed: getaddrinfo EAI_AGAIN mysql
2026-07-08 13:18:08  [INFO]: Server running on port 3000
2026-07-08 13:18:13  [ERROR]: Database connection failed: getaddrinfo EAI_AGAIN mysql
2026-07-08 13:19:15  [INFO]: Server running on port 3000
2026-07-08 13:19:20  [ERROR]: Database connection failed: getaddrinfo EAI_AGAIN mysql
2026-07-08 13:20:21  [INFO]: Server running on port 3000
2026-07-08 13:20:26  [ERROR]: Database connection failed: getaddrinfo EAI_AGAIN mysql
2026-07-08 13:21:28  [INFO]: Server running on port 3000
2026-07-08 13:21:33  [ERROR]: Database connection failed: getaddrinfo EAI_AGAIN mysql
2026-07-08 13:22:35  [INFO]: Server running on port 3000
2026-07-08 13:22:40  [ERROR]: Database connection failed: getaddrinfo EAI_AGAIN mysql
2026-07-08 13:23:42  [INFO]: Server running on port 3000
2026-07-08 13:23:47  [ERROR]: Database connection failed: getaddrinfo EAI_AGAIN mysql
2026-07-08 13:24:49  [INFO]: Server running on port 3000
2026-07-08 13:24:54  [ERROR]: Database connection failed: getaddrinfo EAI_AGAIN mysql
2026-07-08 13:25:56  [INFO]: Server running on port 3000
2026-07-08 13:26:01  [ERROR]: Database connection failed: getaddrinfo EAI_AGAIN mysql
2026-07-08 13:27:03  [INFO]: Server running on port 3000
2026-07-08 13:27:08  [ERROR]: Database connection failed: getaddrinfo EAI_AGAIN mysql
2026-07-08 13:28:10  [INFO]: Server running on port 3000
2026-07-08 13:28:15  [ERROR]: Database connection failed: getaddrinfo EAI_AGAIN mysql
2026-07-09 05:16:28  [INFO]: Server running on port 3000
2026-07-09 05:16:33  [ERROR]: Database connection failed: getaddrinfo EAI_AGAIN mysql
2026-07-09 05:17:35  [INFO]: Server running on port 3000
2026-07-09 05:17:40  [ERROR]: Database connection failed: getaddrinfo EAI_AGAIN mysql
2026-07-09 05:18:42  [INFO]: Server running on port 3000
2026-07-09 05:18:47  [ERROR]: Database connection failed: getaddrinfo EAI_AGAIN mysql
2026-07-09 05:19:50  [INFO]: Server running on port 3000
2026-07-09 05:19:55  [ERROR]: Database connection failed: getaddrinfo EAI_AGAIN mysql
2026-07-09 05:20:57  [INFO]: Server running on port 3000
2026-07-09 05:21:02  [ERROR]: Database connection failed: getaddrinfo EAI_AGAIN mysql
2026-07-09 05:22:03  [INFO]: Server running on port 3000
2026-07-09 05:22:08  [ERROR]: Database connection failed: getaddrinfo EAI_AGAIN mysql
2026-07-09 05:23:12  [INFO]: Server running on port 3000
2026-07-09 05:23:17  [ERROR]: Database connection failed: getaddrinfo EAI_AGAIN mysql
2026-07-09 05:24:19  [INFO]: Server running on port 3000
2026-07-09 05:24:24  [ERROR]: Database connection failed: getaddrinfo EAI_AGAIN mysql
2026-07-09 05:25:26  [INFO]: Server running on port 3000
2026-07-09 05:25:31  [ERROR]: Database connection failed: getaddrinfo EAI_AGAIN mysql
2026-07-09 05:26:33  [INFO]: Server running on port 3000
2026-07-09 05:26:38  [ERROR]: Database connection failed: getaddrinfo EAI_AGAIN mysql
2026-07-09 05:27:40  [INFO]: Server running on port 3000
2026-07-09 05:27:45  [ERROR]: Database connection failed: getaddrinfo EAI_AGAIN mysql
2026-07-09 05:28:46  [INFO]: Server running on port 3000
2026-07-09 05:28:51  [ERROR]: Database connection failed: getaddrinfo EAI_AGAIN mysql
2026-07-09 05:29:53  [INFO]: Server running on port 3000
2026-07-09 05:29:58  [ERROR]: Database connection failed: getaddrinfo EAI_AGAIN mysql
2026-07-09 05:31:01  [INFO]: Server running on port 3000
2026-07-09 05:31:06  [ERROR]: Database connection failed: getaddrinfo EAI_AGAIN mysql
2026-07-09 05:32:11  [INFO]: Server running on port 3000
2026-07-09 05:32:16  [ERROR]: Database connection failed: getaddrinfo EAI_AGAIN mysql
2026-07-09 05:32:20  [INFO]: Server running on port 3000
2026-07-09 05:32:25  [ERROR]: Database connection failed: getaddrinfo EAI_AGAIN mysql
2026-07-09 05:32:27  [INFO]: Server running on port 3000
2026-07-09 05:32:32  [ERROR]: Database connection failed: getaddrinfo EAI_AGAIN mysql
2026-07-09 05:32:35  [INFO]: Server running on port 3000
2026-07-09 05:32:40  [ERROR]: Database connection failed: getaddrinfo EAI_AGAIN mysql
2026-07-09 05:32:42  [INFO]: Server running on port 3000
2026-07-09 05:32:47  [ERROR]: Database connection failed: getaddrinfo EAI_AGAIN mysql
2026-07-09 05:32:51  [INFO]: Server running on port 3000
2026-07-09 05:32:56  [ERROR]: Database connection failed: getaddrinfo EAI_AGAIN mysql
2026-07-09 05:33:01  [INFO]: Server running on port 3000
2026-07-09 05:33:06  [ERROR]: Database connection failed: getaddrinfo EAI_AGAIN mysql
2026-07-09 05:33:14  [INFO]: Server running on port 3000
2026-07-09 05:33:19  [ERROR]: Database connection failed: getaddrinfo EAI_AGAIN mysql
2026-07-09 05:33:34  [INFO]: Server running on port 3000
2026-07-09 05:33:39  [ERROR]: Database connection failed: getaddrinfo EAI_AGAIN mysql
2026-07-09 05:34:07  [INFO]: Server running on port 3000
2026-07-09 05:34:12  [ERROR]: Database connection failed: getaddrinfo EAI_AGAIN mysql
2026-07-09 05:35:05  [INFO]: Server running on port 3000
2026-07-09 05:35:10  [ERROR]: Database connection failed: getaddrinfo EAI_AGAIN mysql
2026-07-09 05:36:11  [INFO]: Server running on port 3000
2026-07-09 05:36:16  [ERROR]: Database connection failed: getaddrinfo EAI_AGAIN mysql
2026-07-09 05:37:18  [INFO]: Server running on port 3000
2026-07-09 05:37:23  [ERROR]: Database connection failed: getaddrinfo EAI_AGAIN mysql
2026-07-09 05:38:24  [INFO]: Server running on port 3000
2026-07-09 05:38:29  [ERROR]: Database connection failed: getaddrinfo EAI_AGAIN mysql
2026-07-09 05:39:30  [INFO]: Server running on port 3000
2026-07-09 05:39:35  [ERROR]: Database connection failed: getaddrinfo EAI_AGAIN mysql
2026-07-09 05:40:36  [INFO]: Server running on port 3000
2026-07-09 05:40:41  [ERROR]: Database connection failed: getaddrinfo EAI_AGAIN mysql
2026-07-09 05:41:43  [INFO]: Server running on port 3000
2026-07-09 05:41:48  [ERROR]: Database connection failed: getaddrinfo EAI_AGAIN mysql
2026-07-09 05:42:49  [INFO]: Server running on port 3000
2026-07-09 05:42:54  [ERROR]: Database connection failed: getaddrinfo EAI_AGAIN mysql
2026-07-09 05:43:55  [INFO]: Server running on port 3000
2026-07-09 05:44:00  [ERROR]: Database connection failed: getaddrinfo EAI_AGAIN mysql
2026-07-09 05:45:01  [INFO]: Server running on port 3000
2026-07-09 05:45:06  [ERROR]: Database connection failed: getaddrinfo EAI_AGAIN mysql
2026-07-09 05:46:07  [INFO]: Server running on port 3000
2026-07-09 05:46:12  [ERROR]: Database connection failed: getaddrinfo EAI_AGAIN mysql
2026-07-09 05:47:13  [INFO]: Server running on port 3000
2026-07-09 05:47:18  [ERROR]: Database connection failed: getaddrinfo EAI_AGAIN mysql
2026-07-09 05:48:19  [INFO]: Server running on port 3000
2026-07-09 05:48:24  [ERROR]: Database connection failed: getaddrinfo EAI_AGAIN mysql
2026-07-09 05:49:26  [INFO]: Server running on port 3000
2026-07-09 05:49:31  [ERROR]: Database connection failed: getaddrinfo EAI_AGAIN mysql
2026-07-09 05:52:07  [INFO]: Server running on port 3000
2026-07-09 05:52:12  [ERROR]: Database connection failed: getaddrinfo EAI_AGAIN mysql
2026-07-09 05:53:14  [INFO]: Server running on port 3000
2026-07-09 05:53:18  [ERROR]: Database connection failed: getaddrinfo EAI_AGAIN mysql
2026-07-09 05:54:20  [INFO]: Server running on port 3000
2026-07-09 05:54:25  [ERROR]: Database connection failed: getaddrinfo EAI_AGAIN mysql
2026-07-09 05:55:26  [INFO]: Server running on port 3000
2026-07-09 05:55:31  [ERROR]: Database connection failed: getaddrinfo EAI_AGAIN mysql
2026-07-09 05:56:32  [INFO]: Server running on port 3000
2026-07-09 05:56:37  [ERROR]: Database connection failed: getaddrinfo EAI_AGAIN mysql
2026-07-09 05:57:38  [INFO]: Server running on port 3000
2026-07-09 05:57:43  [ERROR]: Database connection failed: getaddrinfo EAI_AGAIN mysql
2026-07-09 05:58:44  [INFO]: Server running on port 3000
2026-07-09 05:58:49  [ERROR]: Database connection failed: getaddrinfo EAI_AGAIN mysql
2026-07-09 05:59:50  [INFO]: Server running on port 3000
2026-07-09 05:59:55  [ERROR]: Database connection failed: getaddrinfo EAI_AGAIN mysql
2026-07-09 06:00:56  [INFO]: Server running on port 3000
2026-07-09 06:01:01  [ERROR]: Database connection failed: getaddrinfo EAI_AGAIN mysql
2026-07-09 06:02:02  [INFO]: Server running on port 3000
2026-07-09 06:02:07  [ERROR]: Database connection failed: getaddrinfo EAI_AGAIN mysql
2026-07-09 06:03:08  [INFO]: Server running on port 3000
2026-07-09 06:03:13  [ERROR]: Database connection failed: getaddrinfo EAI_AGAIN mysql
2026-07-09 06:04:14  [INFO]: Server running on port 3000
2026-07-09 06:04:19  [ERROR]: Database connection failed: getaddrinfo EAI_AGAIN mysql
2026-07-09 06:05:20  [INFO]: Server running on port 3000
2026-07-09 06:05:25  [ERROR]: Database connection failed: getaddrinfo EAI_AGAIN mysql
2026-07-09 06:06:26  [INFO]: Server running on port 3000
2026-07-09 06:06:31  [ERROR]: Database connection failed: getaddrinfo EAI_AGAIN mysql
2026-07-09 06:07:32  [INFO]: Server running on port 3000
2026-07-09 06:07:37  [ERROR]: Database connection failed: getaddrinfo EAI_AGAIN mysql
2026-07-09 06:08:37  [INFO]: Server running on port 3000
2026-07-09 06:08:42  [ERROR]: Database connection failed: getaddrinfo EAI_AGAIN mysql
2026-07-09 06:09:43  [INFO]: Server running on port 3000
2026-07-09 06:09:48  [ERROR]: Database connection failed: getaddrinfo EAI_AGAIN mysql
2026-07-09 06:10:49  [INFO]: Server running on port 3000
2026-07-09 06:10:54  [ERROR]: Database connection failed: getaddrinfo EAI_AGAIN mysql
2026-07-09 06:11:55  [INFO]: Server running on port 3000
2026-07-09 06:12:00  [ERROR]: Database connection failed: getaddrinfo EAI_AGAIN mysql
2026-07-09 06:13:02  [INFO]: Server running on port 3000
2026-07-09 06:13:07  [ERROR]: Database connection failed: getaddrinfo EAI_AGAIN mysql
2026-07-09 06:14:08  [INFO]: Server running on port 3000
2026-07-09 06:14:13  [ERROR]: Database connection failed: getaddrinfo EAI_AGAIN mysql
2026-07-09 06:15:14  [INFO]: Server running on port 3000
2026-07-09 06:15:19  [ERROR]: Database connection failed: getaddrinfo EAI_AGAIN mysql
2026-07-09 06:16:19  [INFO]: Server running on port 3000
2026-07-09 06:16:24  [ERROR]: Database connection failed: getaddrinfo EAI_AGAIN mysql
2026-07-09 06:17:25  [INFO]: Server running on port 3000
2026-07-09 06:17:30  [ERROR]: Database connection failed: getaddrinfo EAI_AGAIN mysql
2026-07-09 06:18:31  [INFO]: Server running on port 3000
2026-07-09 06:18:36  [ERROR]: Database connection failed: getaddrinfo EAI_AGAIN mysql
2026-07-09 06:19:37  [INFO]: Server running on port 3000
2026-07-09 06:19:42  [ERROR]: Database connection failed: getaddrinfo EAI_AGAIN mysql
2026-07-09 06:20:43  [INFO]: Server running on port 3000
2026-07-09 06:20:48  [ERROR]: Database connection failed: getaddrinfo EAI_AGAIN mysql
2026-07-09 06:21:49  [INFO]: Server running on port 3000
2026-07-09 06:21:54  [ERROR]: Database connection failed: getaddrinfo EAI_AGAIN mysql
2026-07-09 06:22:55  [INFO]: Server running on port 3000
2026-07-09 06:23:00  [ERROR]: Database connection failed: getaddrinfo EAI_AGAIN mysql
2026-07-09 06:24:01  [INFO]: Server running on port 3000
2026-07-09 06:24:06  [ERROR]: Database connection failed: getaddrinfo EAI_AGAIN mysql
2026-07-09 06:25:07  [INFO]: Server running on port 3000
2026-07-09 06:25:12  [ERROR]: Database connection failed: getaddrinfo EAI_AGAIN mysql
2026-07-09 06:26:13  [INFO]: Server running on port 3000
2026-07-09 06:26:18  [ERROR]: Database connection failed: getaddrinfo EAI_AGAIN mysql
2026-07-09 06:27:19  [INFO]: Server running on port 3000
2026-07-09 06:27:24  [ERROR]: Database connection failed: getaddrinfo EAI_AGAIN mysql
2026-07-09 06:28:25  [INFO]: Server running on port 3000
2026-07-09 06:28:30  [ERROR]: Database connection failed: getaddrinfo EAI_AGAIN mysql
2026-07-09 06:29:31  [INFO]: Server running on port 3000
2026-07-09 06:29:36  [ERROR]: Database connection failed: getaddrinfo EAI_AGAIN mysql
2026-07-09 06:30:37  [INFO]: Server running on port 3000
2026-07-09 06:30:42  [ERROR]: Database connection failed: getaddrinfo EAI_AGAIN mysql
2026-07-09 06:31:43  [INFO]: Server running on port 3000
2026-07-09 06:31:48  [ERROR]: Database connection failed: getaddrinfo EAI_AGAIN mysql
2026-07-09 06:32:49  [INFO]: Server running on port 3000
2026-07-09 06:32:54  [ERROR]: Database connection failed: getaddrinfo EAI_AGAIN mysql
2026-07-09 06:33:55  [INFO]: Server running on port 3000
2026-07-09 06:34:00  [ERROR]: Database connection failed: getaddrinfo EAI_AGAIN mysql
2026-07-09 06:35:01  [INFO]: Server running on port 3000
2026-07-09 06:35:05  [ERROR]: Database connection failed: getaddrinfo EAI_AGAIN mysql
2026-07-09 06:36:06  [INFO]: Server running on port 3000
2026-07-09 06:36:11  [ERROR]: Database connection failed: getaddrinfo EAI_AGAIN mysql
2026-07-09 06:37:12  [INFO]: Server running on port 3000
2026-07-09 06:37:17  [ERROR]: Database connection failed: getaddrinfo EAI_AGAIN mysql
2026-07-09 06:38:20  [INFO]: Server running on port 3000
2026-07-09 06:38:25  [ERROR]: Database connection failed: getaddrinfo EAI_AGAIN mysql
2026-07-09 06:39:26  [INFO]: Server running on port 3000
2026-07-09 06:39:31  [ERROR]: Database connection failed: getaddrinfo EAI_AGAIN mysql
2026-07-09 06:40:32  [INFO]: Server running on port 3000
2026-07-09 06:40:37  [ERROR]: Database connection failed: getaddrinfo EAI_AGAIN mysql
2026-07-09 06:41:38  [INFO]: Server running on port 3000
2026-07-09 06:41:43  [ERROR]: Database connection failed: getaddrinfo EAI_AGAIN mysql
2026-07-09 06:42:44  [INFO]: Server running on port 3000
2026-07-09 06:42:49  [ERROR]: Database connection failed: getaddrinfo EAI_AGAIN mysql
2026-07-09 06:43:50  [INFO]: Server running on port 3000
2026-07-09 06:43:55  [ERROR]: Database connection failed: getaddrinfo EAI_AGAIN mysql
2026-07-09 06:44:56  [INFO]: Server running on port 3000
2026-07-09 06:45:01  [ERROR]: Database connection failed: getaddrinfo EAI_AGAIN mysql
2026-07-09 06:46:02  [INFO]: Server running on port 3000
2026-07-09 06:46:07  [ERROR]: Database connection failed: getaddrinfo EAI_AGAIN mysql
2026-07-09 06:47:08  [INFO]: Server running on port 3000
2026-07-09 06:47:13  [ERROR]: Database connection failed: getaddrinfo EAI_AGAIN mysql
2026-07-09 06:48:14  [INFO]: Server running on port 3000
2026-07-09 06:48:19  [ERROR]: Database connection failed: getaddrinfo EAI_AGAIN mysql
2026-07-09 06:49:20  [INFO]: Server running on port 3000
2026-07-09 06:49:25  [ERROR]: Database connection failed: getaddrinfo EAI_AGAIN mysql
2026-07-09 06:50:27  [INFO]: Server running on port 3000
2026-07-09 06:50:32  [ERROR]: Database connection failed: getaddrinfo EAI_AGAIN mysql
2026-07-09 06:51:33  [INFO]: Server running on port 3000
2026-07-09 06:51:38  [ERROR]: Database connection failed: getaddrinfo EAI_AGAIN mysql
2026-07-09 06:52:39  [INFO]: Server running on port 3000
2026-07-09 06:52:44  [ERROR]: Database connection failed: getaddrinfo EAI_AGAIN mysql
2026-07-09 06:53:45  [INFO]: Server running on port 3000
2026-07-09 06:53:50  [ERROR]: Database connection failed: getaddrinfo EAI_AGAIN mysql
2026-07-09 06:54:51  [INFO]: Server running on port 3000
2026-07-09 06:54:56  [ERROR]: Database connection failed: getaddrinfo EAI_AGAIN mysql
2026-07-09 06:55:57  [INFO]: Server running on port 3000
2026-07-09 06:56:02  [ERROR]: Database connection failed: getaddrinfo EAI_AGAIN mysql
2026-07-09 06:57:03  [INFO]: Server running on port 3000
2026-07-09 06:57:08  [ERROR]: Database connection failed: getaddrinfo EAI_AGAIN mysql
2026-07-09 06:58:09  [INFO]: Server running on port 3000
2026-07-09 06:58:14  [ERROR]: Database connection failed: getaddrinfo EAI_AGAIN mysql
2026-07-09 06:59:15  [INFO]: Server running on port 3000
2026-07-09 06:59:20  [ERROR]: Database connection failed: getaddrinfo EAI_AGAIN mysql
2026-07-09 07:00:21  [INFO]: Server running on port 3000
2026-07-09 07:00:26  [ERROR]: Database connection failed: getaddrinfo EAI_AGAIN mysql
2026-07-09 07:01:28  [INFO]: Server running on port 3000
2026-07-09 07:01:33  [ERROR]: Database connection failed: getaddrinfo EAI_AGAIN mysql
2026-07-09 07:02:34  [INFO]: Server running on port 3000
2026-07-09 07:02:39  [ERROR]: Database connection failed: getaddrinfo EAI_AGAIN mysql
2026-07-09 07:03:39  [INFO]: Server running on port 3000
2026-07-09 07:03:44  [ERROR]: Database connection failed: getaddrinfo EAI_AGAIN mysql
2026-07-09 07:04:46  [INFO]: Server running on port 3000
2026-07-09 07:04:51  [ERROR]: Database connection failed: getaddrinfo EAI_AGAIN mysql
2026-07-09 07:05:52  [INFO]: Server running on port 3000
2026-07-09 07:05:57  [ERROR]: Database connection failed: getaddrinfo EAI_AGAIN mysql
2026-07-09 07:06:58  [INFO]: Server running on port 3000
2026-07-09 07:07:03  [ERROR]: Database connection failed: getaddrinfo EAI_AGAIN mysql
2026-07-09 07:08:04  [INFO]: Server running on port 3000
2026-07-09 07:08:09  [ERROR]: Database connection failed: getaddrinfo EAI_AGAIN mysql
2026-07-09 07:09:10  [INFO]: Server running on port 3000
2026-07-09 07:09:15  [ERROR]: Database connection failed: getaddrinfo EAI_AGAIN mysql
2026-07-09 07:10:16  [INFO]: Server running on port 3000
2026-07-09 07:10:21  [ERROR]: Database connection failed: getaddrinfo EAI_AGAIN mysql
2026-07-09 07:11:22  [INFO]: Server running on port 3000
2026-07-09 07:11:27  [ERROR]: Database connection failed: getaddrinfo EAI_AGAIN mysql
2026-07-09 07:12:29  [INFO]: Server running on port 3000
2026-07-09 07:12:34  [ERROR]: Database connection failed: getaddrinfo EAI_AGAIN mysql
2026-07-09 07:13:35  [INFO]: Server running on port 3000
2026-07-09 07:13:40  [ERROR]: Database connection failed: getaddrinfo EAI_AGAIN mysql
2026-07-09 07:14:41  [INFO]: Server running on port 3000
2026-07-09 07:14:46  [ERROR]: Database connection failed: getaddrinfo EAI_AGAIN mysql
2026-07-09 07:15:48  [INFO]: Server running on port 3000
2026-07-09 07:15:53  [ERROR]: Database connection failed: getaddrinfo EAI_AGAIN mysql
2026-07-09 07:16:54  [INFO]: Server running on port 3000
2026-07-09 07:16:59  [ERROR]: Database connection failed: getaddrinfo EAI_AGAIN mysql
2026-07-09 07:18:01  [INFO]: Server running on port 3000
2026-07-09 07:18:06  [ERROR]: Database connection failed: getaddrinfo EAI_AGAIN mysql
2026-07-09 07:19:08  [INFO]: Server running on port 3000
2026-07-09 07:19:13  [ERROR]: Database connection failed: getaddrinfo EAI_AGAIN mysql
2026-07-09 07:20:16  [INFO]: Server running on port 3000
2026-07-09 07:20:21  [ERROR]: Database connection failed: getaddrinfo EAI_AGAIN mysql
2026-07-09 07:21:22  [INFO]: Server running on port 3000
2026-07-09 07:21:27  [ERROR]: Database connection failed: getaddrinfo EAI_AGAIN mysql
2026-07-09 07:22:30  [INFO]: Server running on port 3000
2026-07-09 07:22:35  [ERROR]: Database connection failed: getaddrinfo EAI_AGAIN mysql
2026-07-09 07:23:37  [INFO]: Server running on port 3000
2026-07-09 07:23:42  [ERROR]: Database connection failed: getaddrinfo EAI_AGAIN mysql
2026-07-09 07:24:45  [INFO]: Server running on port 3000
2026-07-09 07:24:50  [ERROR]: Database connection failed: getaddrinfo EAI_AGAIN mysql
2026-07-09 07:25:51  [INFO]: Server running on port 3000
2026-07-09 07:25:56  [ERROR]: Database connection failed: getaddrinfo EAI_AGAIN mysql
2026-07-09 07:26:58  [INFO]: Server running on port 3000
2026-07-09 07:27:03  [ERROR]: Database connection failed: getaddrinfo EAI_AGAIN mysql
2026-07-09 07:28:05  [INFO]: Server running on port 3000
2026-07-09 07:28:10  [ERROR]: Database connection failed: getaddrinfo EAI_AGAIN mysql
2026-07-09 07:29:11  [INFO]: Server running on port 3000
2026-07-09 07:29:16  [ERROR]: Database connection failed: getaddrinfo EAI_AGAIN mysql
2026-07-09 07:30:18  [INFO]: Server running on port 3000
2026-07-09 07:30:23  [ERROR]: Database connection failed: getaddrinfo EAI_AGAIN mysql
2026-07-09 07:31:24  [INFO]: Server running on port 3000
2026-07-09 07:31:29  [ERROR]: Database connection failed: getaddrinfo EAI_AGAIN mysql
2026-07-09 07:32:31  [INFO]: Server running on port 3000
2026-07-09 07:32:36  [ERROR]: Database connection failed: getaddrinfo EAI_AGAIN mysql
2026-07-09 07:33:37  [INFO]: Server running on port 3000
2026-07-09 07:33:42  [ERROR]: Database connection failed: getaddrinfo EAI_AGAIN mysql
2026-07-09 07:34:43  [INFO]: Server running on port 3000
2026-07-09 07:34:48  [ERROR]: Database connection failed: getaddrinfo EAI_AGAIN mysql
2026-07-09 07:35:51  [INFO]: Server running on port 3000
2026-07-09 07:35:56  [ERROR]: Database connection failed: getaddrinfo EAI_AGAIN mysql
2026-07-09 07:36:57  [INFO]: Server running on port 3000
2026-07-09 07:37:02  [ERROR]: Database connection failed: getaddrinfo EAI_AGAIN mysql
2026-07-09 07:38:04  [INFO]: Server running on port 3000
2026-07-09 07:38:09  [ERROR]: Database connection failed: getaddrinfo EAI_AGAIN mysql
2026-07-09 07:39:10  [INFO]: Server running on port 3000
2026-07-09 07:39:15  [ERROR]: Database connection failed: getaddrinfo EAI_AGAIN mysql
2026-07-09 07:40:16  [INFO]: Server running on port 3000
2026-07-09 07:40:21  [ERROR]: Database connection failed: getaddrinfo EAI_AGAIN mysql
2026-07-09 07:41:23  [INFO]: Server running on port 3000
2026-07-09 07:41:27  [ERROR]: Database connection failed: getaddrinfo EAI_AGAIN mysql
2026-07-09 07:42:29  [INFO]: Server running on port 3000
2026-07-09 07:42:34  [ERROR]: Database connection failed: getaddrinfo EAI_AGAIN mysql
2026-07-09 07:43:40  [INFO]: Server running on port 3000
2026-07-09 07:43:45  [ERROR]: Database connection failed: getaddrinfo EAI_AGAIN mysql
2026-07-09 07:43:47  [INFO]: Server running on port 3000
2026-07-09 07:43:52  [ERROR]: Database connection failed: getaddrinfo EAI_AGAIN mysql
2026-07-09 07:43:55  [INFO]: Server running on port 3000
2026-07-09 07:44:00  [ERROR]: Database connection failed: getaddrinfo EAI_AGAIN mysql
2026-07-09 07:44:05  [INFO]: Server running on port 3000
2026-07-09 07:44:10  [ERROR]: Database connection failed: getaddrinfo EAI_AGAIN mysql
2026-07-09 07:44:14  [INFO]: Server running on port 3000
2026-07-09 07:44:19  [ERROR]: Database connection failed: getaddrinfo EAI_AGAIN mysql
2026-07-09 07:44:22  [INFO]: Server running on port 3000
2026-07-09 07:44:27  [ERROR]: Database connection failed: getaddrinfo EAI_AGAIN mysql
2026-07-09 07:44:32  [INFO]: Server running on port 3000
2026-07-09 07:44:37  [ERROR]: Database connection failed: getaddrinfo EAI_AGAIN mysql
2026-07-09 07:44:45  [INFO]: Server running on port 3000
2026-07-09 07:44:50  [ERROR]: Database connection failed: getaddrinfo EAI_AGAIN mysql
2026-07-09 07:45:05  [INFO]: Server running on port 3000
2026-07-09 07:45:10  [ERROR]: Database connection failed: getaddrinfo EAI_AGAIN mysql
2026-07-09 07:45:39  [INFO]: Server running on port 3000
2026-07-09 07:45:44  [ERROR]: Database connection failed: getaddrinfo EAI_AGAIN mysql
2026-07-09 07:46:37  [INFO]: Server running on port 3000
2026-07-09 07:46:42  [ERROR]: Database connection failed: getaddrinfo EAI_AGAIN mysql
2026-07-09 07:47:44  [INFO]: Server running on port 3000
2026-07-09 07:47:49  [ERROR]: Database connection failed: getaddrinfo EAI_AGAIN mysql
2026-07-09 07:48:51  [INFO]: Server running on port 3000
2026-07-09 07:48:56  [ERROR]: Database connection failed: getaddrinfo EAI_AGAIN mysql
2026-07-09 07:49:58  [INFO]: Server running on port 3000
2026-07-09 07:50:03  [ERROR]: Database connection failed: getaddrinfo EAI_AGAIN mysql
2026-07-09 07:51:05  [INFO]: Server running on port 3000
2026-07-09 07:51:10  [ERROR]: Database connection failed: getaddrinfo EAI_AGAIN mysql
2026-07-09 07:52:12  [INFO]: Server running on port 3000
2026-07-09 07:52:17  [ERROR]: Database connection failed: getaddrinfo EAI_AGAIN mysql
2026-07-09 07:53:19  [INFO]: Server running on port 3000
2026-07-09 07:53:24  [ERROR]: Database connection failed: getaddrinfo EAI_AGAIN mysql
2026-07-09 07:54:27  [INFO]: Server running on port 3000
2026-07-09 07:54:32  [ERROR]: Database connection failed: getaddrinfo EAI_AGAIN mysql
2026-07-09 07:55:34  [INFO]: Server running on port 3000
2026-07-09 07:55:39  [ERROR]: Database connection failed: getaddrinfo EAI_AGAIN mysql
2026-07-09 07:56:40  [INFO]: Server running on port 3000
2026-07-09 07:56:45  [ERROR]: Database connection failed: getaddrinfo EAI_AGAIN mysql
2026-07-09 07:57:47  [INFO]: Server running on port 3000
2026-07-09 07:57:52  [ERROR]: Database connection failed: getaddrinfo EAI_AGAIN mysql
2026-07-09 07:58:54  [INFO]: Server running on port 3000
2026-07-09 07:58:59  [ERROR]: Database connection failed: getaddrinfo EAI_AGAIN mysql
2026-07-09 08:00:01  [INFO]: Server running on port 3000
2026-07-09 08:00:06  [ERROR]: Database connection failed: getaddrinfo EAI_AGAIN mysql
2026-07-09 08:01:09  [INFO]: Server running on port 3000
2026-07-09 08:01:14  [ERROR]: Database connection failed: getaddrinfo EAI_AGAIN mysql
2026-07-09 08:02:16  [INFO]: Server running on port 3000
2026-07-09 08:02:21  [ERROR]: Database connection failed: getaddrinfo EAI_AGAIN mysql
2026-07-09 08:03:24  [INFO]: Server running on port 3000
2026-07-09 08:03:29  [ERROR]: Database connection failed: getaddrinfo EAI_AGAIN mysql
2026-07-09 08:04:31  [INFO]: Server running on port 3000
2026-07-09 08:04:36  [ERROR]: Database connection failed: getaddrinfo EAI_AGAIN mysql
2026-07-09 08:05:38  [INFO]: Server running on port 3000
2026-07-09 08:05:43  [ERROR]: Database connection failed: getaddrinfo EAI_AGAIN mysql
2026-07-09 08:06:45  [INFO]: Server running on port 3000
2026-07-09 08:06:50  [ERROR]: Database connection failed: getaddrinfo EAI_AGAIN mysql
2026-07-09 08:07:52  [INFO]: Server running on port 3000
2026-07-09 08:07:57  [ERROR]: Database connection failed: getaddrinfo EAI_AGAIN mysql
2026-07-09 08:08:59  [INFO]: Server running on port 3000
2026-07-09 08:09:04  [ERROR]: Database connection failed: getaddrinfo EAI_AGAIN mysql
2026-07-09 08:10:06  [INFO]: Server running on port 3000
2026-07-09 08:10:11  [ERROR]: Database connection failed: getaddrinfo EAI_AGAIN mysql
2026-07-09 08:11:12  [INFO]: Server running on port 3000
2026-07-09 08:11:17  [ERROR]: Database connection failed: getaddrinfo EAI_AGAIN mysql
2026-07-09 08:12:19  [INFO]: Server running on port 3000
2026-07-09 08:12:24  [ERROR]: Database connection failed: getaddrinfo EAI_AGAIN mysql
2026-07-09 08:13:29  [INFO]: Server running on port 3000
2026-07-09 08:13:34  [ERROR]: Database connection failed: getaddrinfo EAI_AGAIN mysql
2026-07-09 08:14:36  [INFO]: Server running on port 3000
2026-07-09 08:14:41  [ERROR]: Database connection failed: getaddrinfo EAI_AGAIN mysql
2026-07-09 08:15:42  [INFO]: Server running on port 3000
2026-07-09 08:15:47  [ERROR]: Database connection failed: getaddrinfo EAI_AGAIN mysql
2026-07-09 08:16:49  [INFO]: Server running on port 3000
2026-07-09 08:16:54  [ERROR]: Database connection failed: getaddrinfo EAI_AGAIN mysql
2026-07-09 08:17:56  [INFO]: Server running on port 3000
2026-07-09 08:18:01  [ERROR]: Database connection failed: getaddrinfo EAI_AGAIN mysql
2026-07-09 08:19:02  [INFO]: Server running on port 3000
2026-07-09 08:19:07  [ERROR]: Database connection failed: getaddrinfo EAI_AGAIN mysql
2026-07-09 08:20:09  [INFO]: Server running on port 3000
2026-07-09 08:20:14  [ERROR]: Database connection failed: getaddrinfo EAI_AGAIN mysql
2026-07-09 08:21:16  [INFO]: Server running on port 3000
2026-07-09 08:21:21  [ERROR]: Database connection failed: getaddrinfo EAI_AGAIN mysql
2026-07-09 08:22:22  [INFO]: Server running on port 3000
2026-07-09 08:22:27  [ERROR]: Database connection failed: getaddrinfo EAI_AGAIN mysql
2026-07-09 08:23:29  [INFO]: Server running on port 3000
2026-07-09 08:23:34  [ERROR]: Database connection failed: getaddrinfo EAI_AGAIN mysql
2026-07-09 08:24:35  [INFO]: Server running on port 3000
2026-07-09 08:24:40  [ERROR]: Database connection failed: getaddrinfo EAI_AGAIN mysql
2026-07-09 08:25:42  [INFO]: Server running on port 3000
2026-07-09 08:25:47  [ERROR]: Database connection failed: getaddrinfo EAI_AGAIN mysql
2026-07-09 08:26:49  [INFO]: Server running on port 3000
2026-07-09 08:26:54  [ERROR]: Database connection failed: getaddrinfo EAI_AGAIN mysql
2026-07-09 08:27:56  [INFO]: Server running on port 3000
2026-07-09 08:28:01  [ERROR]: Database connection failed: getaddrinfo EAI_AGAIN mysql
2026-07-09 08:29:02  [INFO]: Server running on port 3000
2026-07-09 08:29:07  [ERROR]: Database connection failed: getaddrinfo EAI_AGAIN mysql
2026-07-09 08:30:09  [INFO]: Server running on port 3000
2026-07-09 08:30:14  [ERROR]: Database connection failed: getaddrinfo EAI_AGAIN mysql
2026-07-09 08:31:15  [INFO]: Server running on port 3000
2026-07-09 08:31:20  [ERROR]: Database connection failed: getaddrinfo EAI_AGAIN mysql
2026-07-09 08:32:22  [INFO]: Server running on port 3000
2026-07-09 08:32:27  [ERROR]: Database connection failed: getaddrinfo EAI_AGAIN mysql
2026-07-09 08:33:29  [INFO]: Server running on port 3000
2026-07-09 08:33:34  [ERROR]: Database connection failed: getaddrinfo EAI_AGAIN mysql
2026-07-09 08:34:36  [INFO]: Server running on port 3000
2026-07-09 08:34:41  [ERROR]: Database connection failed: getaddrinfo EAI_AGAIN mysql
2026-07-09 08:35:43  [INFO]: Server running on port 3000
2026-07-09 08:35:48  [ERROR]: Database connection failed: getaddrinfo EAI_AGAIN mysql
2026-07-09 08:36:49  [INFO]: Server running on port 3000
2026-07-09 08:36:54  [ERROR]: Database connection failed: getaddrinfo EAI_AGAIN mysql
2026-07-09 08:37:56  [INFO]: Server running on port 3000
2026-07-09 08:38:01  [ERROR]: Database connection failed: getaddrinfo EAI_AGAIN mysql
2026-07-09 08:39:02  [INFO]: Server running on port 3000
2026-07-09 08:39:07  [ERROR]: Database connection failed: getaddrinfo EAI_AGAIN mysql
2026-07-09 08:40:09  [INFO]: Server running on port 3000
2026-07-09 08:40:14  [ERROR]: Database connection failed: getaddrinfo EAI_AGAIN mysql
2026-07-09 08:41:16  [INFO]: Server running on port 3000
2026-07-09 08:41:21  [ERROR]: Database connection failed: getaddrinfo EAI_AGAIN mysql
2026-07-09 08:42:22  [INFO]: Server running on port 3000
2026-07-09 08:42:27  [ERROR]: Database connection failed: getaddrinfo EAI_AGAIN mysql
2026-07-09 08:43:29  [INFO]: Server running on port 3000
2026-07-09 08:43:34  [ERROR]: Database connection failed: getaddrinfo EAI_AGAIN mysql
2026-07-09 08:44:36  [INFO]: Server running on port 3000
2026-07-09 08:44:41  [ERROR]: Database connection failed: getaddrinfo EAI_AGAIN mysql
2026-07-09 08:45:43  [INFO]: Server running on port 3000
2026-07-09 08:45:48  [ERROR]: Database connection failed: getaddrinfo EAI_AGAIN mysql
2026-07-09 08:46:50  [INFO]: Server running on port 3000
2026-07-09 08:46:55  [ERROR]: Database connection failed: getaddrinfo EAI_AGAIN mysql
2026-07-09 08:47:57  [INFO]: Server running on port 3000
2026-07-09 08:48:02  [ERROR]: Database connection failed: getaddrinfo EAI_AGAIN mysql
2026-07-09 08:49:04  [INFO]: Server running on port 3000
2026-07-09 08:49:09  [ERROR]: Database connection failed: getaddrinfo EAI_AGAIN mysql
2026-07-09 08:50:10  [INFO]: Server running on port 3000
2026-07-09 08:50:15  [ERROR]: Database connection failed: getaddrinfo EAI_AGAIN mysql
2026-07-09 08:51:17  [INFO]: Server running on port 3000
2026-07-09 08:51:22  [ERROR]: Database connection failed: getaddrinfo EAI_AGAIN mysql
2026-07-09 08:52:24  [INFO]: Server running on port 3000
2026-07-09 08:52:29  [ERROR]: Database connection failed: getaddrinfo EAI_AGAIN mysql
2026-07-09 08:53:31  [INFO]: Server running on port 3000
2026-07-09 08:53:36  [ERROR]: Database connection failed: getaddrinfo EAI_AGAIN mysql
2026-07-09 08:54:37  [INFO]: Server running on port 3000
2026-07-09 08:54:42  [ERROR]: Database connection failed: getaddrinfo EAI_AGAIN mysql
2026-07-09 08:55:44  [INFO]: Server running on port 3000
2026-07-09 08:55:49  [ERROR]: Database connection failed: getaddrinfo EAI_AGAIN mysql
2026-07-09 08:56:51  [INFO]: Server running on port 3000
2026-07-09 08:56:56  [ERROR]: Database connection failed: getaddrinfo EAI_AGAIN mysql
2026-07-09 08:57:57  [INFO]: Server running on port 3000
2026-07-09 08:58:02  [ERROR]: Database connection failed: getaddrinfo EAI_AGAIN mysql
2026-07-09 08:59:04  [INFO]: Server running on port 3000
2026-07-09 08:59:09  [ERROR]: Database connection failed: getaddrinfo EAI_AGAIN mysql
2026-07-09 09:00:11  [INFO]: Server running on port 3000
2026-07-09 09:00:16  [ERROR]: Database connection failed: getaddrinfo EAI_AGAIN mysql
2026-07-09 09:01:19  [INFO]: Server running on port 3000
2026-07-09 09:01:24  [ERROR]: Database connection failed: getaddrinfo EAI_AGAIN mysql
2026-07-09 09:02:26  [INFO]: Server running on port 3000
2026-07-09 09:02:31  [ERROR]: Database connection failed: getaddrinfo EAI_AGAIN mysql
2026-07-09 09:03:33  [INFO]: Server running on port 3000
2026-07-09 09:03:38  [ERROR]: Database connection failed: getaddrinfo EAI_AGAIN mysql
2026-07-09 09:04:40  [INFO]: Server running on port 3000
2026-07-09 09:04:45  [ERROR]: Database connection failed: getaddrinfo EAI_AGAIN mysql
2026-07-09 09:05:46  [INFO]: Server running on port 3000
2026-07-09 09:05:51  [ERROR]: Database connection failed: getaddrinfo EAI_AGAIN mysql
2026-07-09 09:06:53  [INFO]: Server running on port 3000
2026-07-09 09:06:58  [ERROR]: Database connection failed: getaddrinfo EAI_AGAIN mysql
2026-07-09 09:08:00  [INFO]: Server running on port 3000
2026-07-09 09:08:05  [ERROR]: Database connection failed: getaddrinfo EAI_AGAIN mysql
2026-07-09 09:09:07  [INFO]: Server running on port 3000
2026-07-09 09:09:11  [ERROR]: Database connection failed: getaddrinfo EAI_AGAIN mysql
2026-07-09 09:10:13  [INFO]: Server running on port 3000
2026-07-09 09:10:18  [ERROR]: Database connection failed: getaddrinfo EAI_AGAIN mysql
2026-07-09 09:11:21  [INFO]: Server running on port 3000
2026-07-09 09:11:26  [ERROR]: Database connection failed: getaddrinfo EAI_AGAIN mysql
2026-07-09 09:12:28  [INFO]: Server running on port 3000
2026-07-09 09:12:33  [ERROR]: Database connection failed: getaddrinfo EAI_AGAIN mysql
2026-07-09 09:13:35  [INFO]: Server running on port 3000
2026-07-09 09:13:40  [ERROR]: Database connection failed: getaddrinfo EAI_AGAIN mysql
2026-07-09 09:14:42  [INFO]: Server running on port 3000
2026-07-09 09:14:47  [ERROR]: Database connection failed: getaddrinfo EAI_AGAIN mysql
2026-07-09 09:15:49  [INFO]: Server running on port 3000
2026-07-09 09:15:54  [ERROR]: Database connection failed: getaddrinfo EAI_AGAIN mysql
2026-07-09 09:16:56  [INFO]: Server running on port 3000
2026-07-09 09:17:01  [ERROR]: Database connection failed: getaddrinfo EAI_AGAIN mysql
2026-07-09 09:18:02  [INFO]: Server running on port 3000
2026-07-09 09:18:07  [ERROR]: Database connection failed: getaddrinfo EAI_AGAIN mysql
2026-07-09 09:19:09  [INFO]: Server running on port 3000
2026-07-09 09:19:14  [ERROR]: Database connection failed: getaddrinfo EAI_AGAIN mysql
2026-07-09 09:20:16  [INFO]: Server running on port 3000
2026-07-09 09:20:21  [ERROR]: Database connection failed: getaddrinfo EAI_AGAIN mysql
2026-07-09 09:21:22  [INFO]: Server running on port 3000
2026-07-09 09:21:27  [ERROR]: Database connection failed: getaddrinfo EAI_AGAIN mysql
2026-07-09 09:22:29  [INFO]: Server running on port 3000
2026-07-09 09:22:34  [ERROR]: Database connection failed: getaddrinfo EAI_AGAIN mysql
2026-07-09 09:23:37  [INFO]: Server running on port 3000
2026-07-09 09:23:42  [ERROR]: Database connection failed: getaddrinfo EAI_AGAIN mysql
2026-07-09 09:24:43  [INFO]: Server running on port 3000
2026-07-09 09:24:48  [ERROR]: Database connection failed: getaddrinfo EAI_AGAIN mysql
2026-07-09 09:25:50  [INFO]: Server running on port 3000
2026-07-09 09:25:55  [ERROR]: Database connection failed: getaddrinfo EAI_AGAIN mysql
2026-07-09 09:26:57  [INFO]: Server running on port 3000
2026-07-09 09:27:02  [ERROR]: Database connection failed: getaddrinfo EAI_AGAIN mysql
2026-07-09 09:28:03  [INFO]: Server running on port 3000
2026-07-09 09:28:08  [ERROR]: Database connection failed: getaddrinfo EAI_AGAIN mysql
2026-07-09 09:29:10  [INFO]: Server running on port 3000
2026-07-09 09:29:15  [ERROR]: Database connection failed: getaddrinfo EAI_AGAIN mysql
2026-07-09 09:30:16  [INFO]: Server running on port 3000
2026-07-09 09:30:21  [ERROR]: Database connection failed: getaddrinfo EAI_AGAIN mysql
2026-07-09 09:31:23  [INFO]: Server running on port 3000
2026-07-09 09:31:28  [ERROR]: Database connection failed: getaddrinfo EAI_AGAIN mysql
2026-07-09 09:32:30  [INFO]: Server running on port 3000
2026-07-09 09:32:35  [ERROR]: Database connection failed: getaddrinfo EAI_AGAIN mysql
2026-07-09 09:33:37  [INFO]: Server running on port 3000
2026-07-09 09:33:42  [ERROR]: Database connection failed: getaddrinfo EAI_AGAIN mysql
2026-07-09 09:34:43  [INFO]: Server running on port 3000
2026-07-09 09:34:48  [ERROR]: Database connection failed: getaddrinfo EAI_AGAIN mysql
2026-07-09 09:35:50  [INFO]: Server running on port 3000
2026-07-09 09:35:55  [ERROR]: Database connection failed: getaddrinfo EAI_AGAIN mysql
2026-07-09 09:36:57  [INFO]: Server running on port 3000
2026-07-09 09:37:02  [ERROR]: Database connection failed: getaddrinfo EAI_AGAIN mysql
2026-07-09 09:38:03  [INFO]: Server running on port 3000
2026-07-09 09:38:08  [ERROR]: Database connection failed: getaddrinfo EAI_AGAIN mysql
2026-07-09 09:39:10  [INFO]: Server running on port 3000
2026-07-09 09:39:15  [ERROR]: Database connection failed: getaddrinfo EAI_AGAIN mysql
2026-07-09 09:40:17  [INFO]: Server running on port 3000
2026-07-09 09:40:22  [ERROR]: Database connection failed: getaddrinfo EAI_AGAIN mysql
2026-07-09 09:41:23  [INFO]: Server running on port 3000
2026-07-09 09:41:28  [ERROR]: Database connection failed: getaddrinfo EAI_AGAIN mysql
2026-07-09 09:42:30  [INFO]: Server running on port 3000
2026-07-09 09:42:35  [ERROR]: Database connection failed: getaddrinfo EAI_AGAIN mysql
2026-07-09 09:43:36  [INFO]: Server running on port 3000
2026-07-09 09:43:41  [ERROR]: Database connection failed: getaddrinfo EAI_AGAIN mysql
2026-07-09 09:44:43  [INFO]: Server running on port 3000
2026-07-09 09:44:48  [ERROR]: Database connection failed: getaddrinfo EAI_AGAIN mysql
2026-07-09 09:45:49  [INFO]: Server running on port 3000
2026-07-09 09:45:54  [ERROR]: Database connection failed: getaddrinfo EAI_AGAIN mysql
2026-07-09 09:46:56  [INFO]: Server running on port 3000
2026-07-09 09:47:01  [ERROR]: Database connection failed: getaddrinfo EAI_AGAIN mysql
2026-07-09 09:48:02  [INFO]: Server running on port 3000
2026-07-09 09:48:07  [ERROR]: Database connection failed: getaddrinfo EAI_AGAIN mysql
2026-07-09 09:49:09  [INFO]: Server running on port 3000
2026-07-09 09:49:14  [ERROR]: Database connection failed: getaddrinfo EAI_AGAIN mysql
2026-07-09 09:50:15  [INFO]: Server running on port 3000
2026-07-09 09:50:20  [ERROR]: Database connection failed: getaddrinfo EAI_AGAIN mysql
2026-07-09 09:51:22  [INFO]: Server running on port 3000
2026-07-09 09:51:27  [ERROR]: Database connection failed: getaddrinfo EAI_AGAIN mysql
2026-07-09 09:52:28  [INFO]: Server running on port 3000
2026-07-09 09:52:33  [ERROR]: Database connection failed: getaddrinfo EAI_AGAIN mysql
2026-07-09 09:53:34  [INFO]: Server running on port 3000
2026-07-09 09:53:39  [ERROR]: Database connection failed: getaddrinfo EAI_AGAIN mysql
2026-07-09 10:29:58  [INFO]: Server running on port 3000
2026-07-09 10:30:03  [ERROR]: Database connection failed: getaddrinfo EAI_AGAIN mysql
2026-07-09 10:31:04  [INFO]: Server running on port 3000
2026-07-09 10:31:09  [ERROR]: Database connection failed: getaddrinfo EAI_AGAIN mysql
2026-07-09 10:32:11  [INFO]: Server running on port 3000
2026-07-09 10:32:16  [ERROR]: Database connection failed: getaddrinfo EAI_AGAIN mysql
2026-07-09 10:33:18  [INFO]: Server running on port 3000
2026-07-09 10:33:23  [ERROR]: Database connection failed: getaddrinfo EAI_AGAIN mysql
2026-07-09 10:34:24  [INFO]: Server running on port 3000
2026-07-09 11:15:00  [ERROR]: Database connection failed: getaddrinfo EAI_AGAIN mysql
2026-07-09 11:15:04  [INFO]: Server running on port 3000
2026-07-09 11:15:09  [ERROR]: Database connection failed: getaddrinfo EAI_AGAIN mysql
2026-07-09 11:15:12  [INFO]: Server running on port 3000
2026-07-09 11:15:17  [ERROR]: Database connection failed: getaddrinfo EAI_AGAIN mysql
2026-07-09 11:15:20  [INFO]: Server running on port 3000
2026-07-09 11:15:25  [ERROR]: Database connection failed: getaddrinfo EAI_AGAIN mysql
2026-07-09 11:15:28  [INFO]: Server running on port 3000
2026-07-09 11:15:33  [ERROR]: Database connection failed: getaddrinfo EAI_AGAIN mysql
2026-07-09 11:15:37  [INFO]: Server running on port 3000
2026-07-09 11:15:42  [ERROR]: Database connection failed: getaddrinfo EAI_AGAIN mysql
2026-07-09 11:15:47  [INFO]: Server running on port 3000
2026-07-09 11:15:52  [ERROR]: Database connection failed: getaddrinfo EAI_AGAIN mysql
2026-07-09 11:16:01  [INFO]: Server running on port 3000
2026-07-09 11:16:06  [ERROR]: Database connection failed: getaddrinfo EAI_AGAIN mysql
2026-07-09 11:16:20  [INFO]: Server running on port 3000
2026-07-09 11:16:25  [ERROR]: Database connection failed: getaddrinfo EAI_AGAIN mysql
2026-07-09 11:16:53  [INFO]: Server running on port 3000
2026-07-09 11:16:58  [ERROR]: Database connection failed: getaddrinfo EAI_AGAIN mysql
2026-07-09 11:17:51  [INFO]: Server running on port 3000
2026-07-09 11:17:56  [ERROR]: Database connection failed: getaddrinfo EAI_AGAIN mysql
2026-07-09 11:18:58  [INFO]: Server running on port 3000
2026-07-09 11:19:03  [ERROR]: Database connection failed: getaddrinfo EAI_AGAIN mysql
2026-07-09 11:20:04  [INFO]: Server running on port 3000
2026-07-09 11:20:09  [ERROR]: Database connection failed: getaddrinfo EAI_AGAIN mysql
2026-07-09 11:21:11  [INFO]: Server running on port 3000
2026-07-09 11:21:16  [ERROR]: Database connection failed: getaddrinfo EAI_AGAIN mysql
2026-07-09 11:22:17  [INFO]: Server running on port 3000
2026-07-09 11:22:22  [ERROR]: Database connection failed: getaddrinfo EAI_AGAIN mysql
2026-07-09 11:23:24  [INFO]: Server running on port 3000
2026-07-09 11:23:29  [ERROR]: Database connection failed: getaddrinfo EAI_AGAIN mysql
2026-07-09 11:24:30  [INFO]: Server running on port 3000
2026-07-09 11:24:35  [ERROR]: Database connection failed: getaddrinfo EAI_AGAIN mysql
2026-07-09 11:25:36  [INFO]: Server running on port 3000
2026-07-09 11:25:41  [ERROR]: Database connection failed: getaddrinfo EAI_AGAIN mysql
2026-07-09 11:26:43  [INFO]: Server running on port 3000
2026-07-09 11:26:48  [ERROR]: Database connection failed: getaddrinfo EAI_AGAIN mysql
2026-07-09 11:27:49  [INFO]: Server running on port 3000
2026-07-09 11:27:54  [ERROR]: Database connection failed: getaddrinfo EAI_AGAIN mysql
2026-07-09 11:28:56  [INFO]: Server running on port 3000
2026-07-09 11:29:01  [ERROR]: Database connection failed: getaddrinfo EAI_AGAIN mysql
2026-07-09 11:30:03  [INFO]: Server running on port 3000
2026-07-09 11:30:08  [ERROR]: Database connection failed: getaddrinfo EAI_AGAIN mysql
2026-07-09 11:31:09  [INFO]: Server running on port 3000
2026-07-09 11:31:14  [ERROR]: Database connection failed: getaddrinfo EAI_AGAIN mysql
2026-07-09 11:32:16  [INFO]: Server running on port 3000
2026-07-09 11:32:21  [ERROR]: Database connection failed: getaddrinfo EAI_AGAIN mysql
2026-07-09 11:33:23  [INFO]: Server running on port 3000
2026-07-09 11:33:28  [ERROR]: Database connection failed: getaddrinfo EAI_AGAIN mysql
2026-07-09 11:34:30  [INFO]: Server running on port 3000
2026-07-09 11:34:35  [ERROR]: Database connection failed: getaddrinfo EAI_AGAIN mysql
2026-07-09 11:35:37  [INFO]: Server running on port 3000
2026-07-09 11:35:42  [ERROR]: Database connection failed: getaddrinfo EAI_AGAIN mysql
2026-07-09 11:36:44  [INFO]: Server running on port 3000
2026-07-09 11:36:49  [ERROR]: Database connection failed: getaddrinfo EAI_AGAIN mysql
2026-07-09 11:37:50  [INFO]: Server running on port 3000
2026-07-09 11:37:55  [ERROR]: Database connection failed: getaddrinfo EAI_AGAIN mysql
2026-07-09 11:38:57  [INFO]: Server running on port 3000
2026-07-09 11:39:02  [ERROR]: Database connection failed: getaddrinfo EAI_AGAIN mysql
2026-07-09 11:40:04  [INFO]: Server running on port 3000
2026-07-09 11:40:09  [ERROR]: Database connection failed: getaddrinfo EAI_AGAIN mysql
2026-07-09 11:41:10  [INFO]: Server running on port 3000
2026-07-09 11:41:15  [ERROR]: Database connection failed: getaddrinfo EAI_AGAIN mysql
2026-07-09 11:42:17  [INFO]: Server running on port 3000
2026-07-09 11:42:22  [ERROR]: Database connection failed: getaddrinfo EAI_AGAIN mysql
2026-07-09 11:43:24  [INFO]: Server running on port 3000
2026-07-09 11:43:29  [ERROR]: Database connection failed: getaddrinfo EAI_AGAIN mysql
2026-07-09 11:44:30  [INFO]: Server running on port 3000
2026-07-09 11:44:35  [ERROR]: Database connection failed: getaddrinfo EAI_AGAIN mysql
2026-07-09 11:45:38  [INFO]: Server running on port 3000
2026-07-09 11:45:43  [ERROR]: Database connection failed: getaddrinfo EAI_AGAIN mysql
2026-07-09 11:46:45  [INFO]: Server running on port 3000
2026-07-09 11:46:50  [ERROR]: Database connection failed: getaddrinfo EAI_AGAIN mysql
2026-07-09 11:47:52  [INFO]: Server running on port 3000
2026-07-09 11:47:57  [ERROR]: Database connection failed: getaddrinfo EAI_AGAIN mysql
2026-07-09 11:48:59  [INFO]: Server running on port 3000
2026-07-09 11:49:04  [ERROR]: Database connection failed: getaddrinfo EAI_AGAIN mysql
2026-07-09 11:50:06  [INFO]: Server running on port 3000
2026-07-09 11:50:11  [ERROR]: Database connection failed: getaddrinfo EAI_AGAIN mysql
2026-07-09 11:51:14  [INFO]: Server running on port 3000
2026-07-09 11:51:18  [ERROR]: Database connection failed: getaddrinfo EAI_AGAIN mysql
2026-07-09 11:52:20  [INFO]: Server running on port 3000
2026-07-09 11:52:25  [ERROR]: Database connection failed: getaddrinfo EAI_AGAIN mysql
2026-07-09 12:05:49  [INFO]: Server running on port 3000
2026-07-09 12:05:54  [ERROR]: Database connection failed: getaddrinfo EAI_AGAIN mysql
2026-07-09 12:06:55  [INFO]: Server running on port 3000
2026-07-09 12:07:00  [ERROR]: Database connection failed: getaddrinfo EAI_AGAIN mysql
2026-07-09 12:08:02  [INFO]: Server running on port 3000
2026-07-09 12:08:07  [ERROR]: Database connection failed: getaddrinfo EAI_AGAIN mysql
2026-07-09 12:09:08  [INFO]: Server running on port 3000
2026-07-09 12:09:13  [ERROR]: Database connection failed: getaddrinfo EAI_AGAIN mysql
2026-07-09 12:10:14  [INFO]: Server running on port 3000
2026-07-09 12:10:19  [ERROR]: Database connection failed: getaddrinfo EAI_AGAIN mysql
2026-07-09 12:11:20  [INFO]: Server running on port 3000
2026-07-09 12:11:25  [ERROR]: Database connection failed: getaddrinfo EAI_AGAIN mysql
2026-07-09 12:12:27  [INFO]: Server running on port 3000
2026-07-09 12:12:32  [ERROR]: Database connection failed: getaddrinfo EAI_AGAIN mysql
2026-07-09 12:13:33  [INFO]: Server running on port 3000
2026-07-09 12:13:38  [ERROR]: Database connection failed: getaddrinfo EAI_AGAIN mysql
2026-07-09 12:14:39  [INFO]: Server running on port 3000
2026-07-09 12:14:44  [ERROR]: Database connection failed: getaddrinfo EAI_AGAIN mysql
2026-07-09 12:15:45  [INFO]: Server running on port 3000
2026-07-09 12:15:50  [ERROR]: Database connection failed: getaddrinfo EAI_AGAIN mysql
2026-07-09 12:16:51  [INFO]: Server running on port 3000
2026-07-09 12:16:56  [ERROR]: Database connection failed: getaddrinfo EAI_AGAIN mysql
2026-07-09 12:17:57  [INFO]: Server running on port 3000
2026-07-09 12:18:02  [ERROR]: Database connection failed: getaddrinfo EAI_AGAIN mysql
2026-07-09 12:19:03  [INFO]: Server running on port 3000
2026-07-09 12:19:08  [ERROR]: Database connection failed: getaddrinfo EAI_AGAIN mysql
2026-07-09 12:20:09  [INFO]: Server running on port 3000
2026-07-09 12:20:14  [ERROR]: Database connection failed: getaddrinfo EAI_AGAIN mysql
2026-07-09 12:21:15  [INFO]: Server running on port 3000
2026-07-09 12:21:20  [ERROR]: Database connection failed: getaddrinfo EAI_AGAIN mysql
2026-07-09 12:22:21  [INFO]: Server running on port 3000
2026-07-09 12:22:26  [ERROR]: Database connection failed: getaddrinfo EAI_AGAIN mysql
2026-07-09 12:23:27  [INFO]: Server running on port 3000
2026-07-09 12:23:32  [ERROR]: Database connection failed: getaddrinfo EAI_AGAIN mysql
2026-07-09 12:24:33  [INFO]: Server running on port 3000
2026-07-09 12:24:38  [ERROR]: Database connection failed: getaddrinfo EAI_AGAIN mysql
2026-07-09 12:25:40  [INFO]: Server running on port 3000
2026-07-09 12:25:45  [ERROR]: Database connection failed: getaddrinfo EAI_AGAIN mysql
2026-07-09 12:26:46  [INFO]: Server running on port 3000
2026-07-09 12:26:51  [ERROR]: Database connection failed: getaddrinfo EAI_AGAIN mysql
2026-07-09 12:27:51  [INFO]: Server running on port 3000
2026-07-09 12:27:56  [ERROR]: Database connection failed: getaddrinfo EAI_AGAIN mysql
2026-07-09 12:28:57  [INFO]: Server running on port 3000
2026-07-09 12:29:02  [ERROR]: Database connection failed: getaddrinfo EAI_AGAIN mysql
2026-07-09 12:30:03  [INFO]: Server running on port 3000
2026-07-09 12:30:08  [ERROR]: Database connection failed: getaddrinfo EAI_AGAIN mysql
2026-07-09 12:31:09  [INFO]: Server running on port 3000
2026-07-09 12:31:14  [ERROR]: Database connection failed: getaddrinfo EAI_AGAIN mysql
2026-07-09 12:32:15  [INFO]: Server running on port 3000
2026-07-09 12:32:20  [ERROR]: Database connection failed: getaddrinfo EAI_AGAIN mysql
2026-07-09 12:33:21  [INFO]: Server running on port 3000
2026-07-09 12:33:26  [ERROR]: Database connection failed: getaddrinfo EAI_AGAIN mysql
2026-07-09 12:34:27  [INFO]: Server running on port 3000
2026-07-09 12:34:32  [ERROR]: Database connection failed: getaddrinfo EAI_AGAIN mysql
2026-07-09 12:35:33  [INFO]: Server running on port 3000
2026-07-09 12:35:38  [ERROR]: Database connection failed: getaddrinfo EAI_AGAIN mysql
2026-07-09 12:36:39  [INFO]: Server running on port 3000
2026-07-09 12:36:44  [ERROR]: Database connection failed: getaddrinfo EAI_AGAIN mysql
2026-07-09 12:37:45  [INFO]: Server running on port 3000
2026-07-09 12:37:50  [ERROR]: Database connection failed: getaddrinfo EAI_AGAIN mysql
2026-07-09 12:38:51  [INFO]: Server running on port 3000
2026-07-09 12:38:56  [ERROR]: Database connection failed: getaddrinfo EAI_AGAIN mysql
2026-07-09 12:39:58  [INFO]: Server running on port 3000
2026-07-09 12:40:03  [ERROR]: Database connection failed: getaddrinfo EAI_AGAIN mysql
2026-07-09 12:41:03  [INFO]: Server running on port 3000
2026-07-09 12:41:08  [ERROR]: Database connection failed: getaddrinfo EAI_AGAIN mysql
2026-07-09 12:42:09  [INFO]: Server running on port 3000
2026-07-09 12:42:14  [ERROR]: Database connection failed: getaddrinfo EAI_AGAIN mysql
2026-07-09 12:43:15  [INFO]: Server running on port 3000
2026-07-09 12:43:20  [ERROR]: Database connection failed: getaddrinfo EAI_AGAIN mysql
2026-07-09 12:44:22  [INFO]: Server running on port 3000
2026-07-09 12:44:27  [ERROR]: Database connection failed: getaddrinfo EAI_AGAIN mysql
2026-07-09 12:45:27  [INFO]: Server running on port 3000
2026-07-09 12:45:32  [ERROR]: Database connection failed: getaddrinfo EAI_AGAIN mysql
2026-07-09 12:46:34  [INFO]: Server running on port 3000
2026-07-09 12:46:39  [ERROR]: Database connection failed: getaddrinfo EAI_AGAIN mysql
2026-07-09 12:47:40  [INFO]: Server running on port 3000
2026-07-09 12:47:45  [ERROR]: Database connection failed: getaddrinfo EAI_AGAIN mysql
2026-07-09 12:48:46  [INFO]: Server running on port 3000
2026-07-09 12:48:51  [ERROR]: Database connection failed: getaddrinfo EAI_AGAIN mysql
2026-07-09 17:53:40  [INFO]: Server running on port 3000
2026-07-09 17:53:45  [ERROR]: Database connection failed: getaddrinfo EAI_AGAIN mysql
2026-07-09 17:54:46  [INFO]: Server running on port 3000
2026-07-09 17:54:51  [ERROR]: Database connection failed: getaddrinfo EAI_AGAIN mysql
2026-07-09 17:55:52  [INFO]: Server running on port 3000
2026-07-09 17:55:57  [ERROR]: Database connection failed: getaddrinfo EAI_AGAIN mysql
2026-07-09 17:56:58  [INFO]: Server running on port 3000
2026-07-09 17:57:03  [ERROR]: Database connection failed: getaddrinfo EAI_AGAIN mysql
2026-07-09 17:58:04  [INFO]: Server running on port 3000
2026-07-09 17:58:09  [ERROR]: Database connection failed: getaddrinfo EAI_AGAIN mysql
2026-07-09 17:59:10  [INFO]: Server running on port 3000
2026-07-09 17:59:15  [ERROR]: Database connection failed: getaddrinfo EAI_AGAIN mysql
2026-07-09 18:00:16  [INFO]: Server running on port 3000
2026-07-09 18:00:21  [ERROR]: Database connection failed: getaddrinfo EAI_AGAIN mysql
2026-07-09 18:01:22  [INFO]: Server running on port 3000
2026-07-09 18:01:27  [ERROR]: Database connection failed: getaddrinfo EAI_AGAIN mysql
2026-07-09 18:02:28  [INFO]: Server running on port 3000
2026-07-09 18:02:33  [ERROR]: Database connection failed: getaddrinfo EAI_AGAIN mysql
2026-07-09 18:03:34  [INFO]: Server running on port 3000
2026-07-09 18:03:39  [ERROR]: Database connection failed: getaddrinfo EAI_AGAIN mysql
2026-07-09 18:04:40  [INFO]: Server running on port 3000
2026-07-09 18:04:45  [ERROR]: Database connection failed: getaddrinfo EAI_AGAIN mysql
2026-07-10 06:00:44  [INFO]: Server running on port 3000
2026-07-10 06:00:49  [ERROR]: Database connection failed: getaddrinfo EAI_AGAIN mysql
2026-07-10 06:01:50  [INFO]: Server running on port 3000
2026-07-10 06:01:55  [ERROR]: Database connection failed: getaddrinfo EAI_AGAIN mysql
2026-07-10 06:02:57  [INFO]: Server running on port 3000
2026-07-10 06:03:02  [ERROR]: Database connection failed: getaddrinfo EAI_AGAIN mysql
2026-07-10 06:04:04  [INFO]: Server running on port 3000
2026-07-10 06:04:09  [ERROR]: Database connection failed: getaddrinfo EAI_AGAIN mysql
2026-07-10 06:05:11  [INFO]: Server running on port 3000
2026-07-10 06:05:16  [ERROR]: Database connection failed: getaddrinfo EAI_AGAIN mysql
2026-07-10 06:06:17  [INFO]: Server running on port 3000
2026-07-10 06:06:22  [ERROR]: Database connection failed: getaddrinfo EAI_AGAIN mysql
2026-07-10 06:07:23  [INFO]: Server running on port 3000
2026-07-10 06:07:28  [ERROR]: Database connection failed: getaddrinfo EAI_AGAIN mysql
2026-07-10 06:08:29  [INFO]: Server running on port 3000
2026-07-10 06:08:34  [ERROR]: Database connection failed: getaddrinfo EAI_AGAIN mysql
2026-07-10 06:09:36  [INFO]: Server running on port 3000
2026-07-10 06:09:41  [ERROR]: Database connection failed: getaddrinfo EAI_AGAIN mysql
2026-07-10 06:10:41  [INFO]: Server running on port 3000
2026-07-10 06:10:46  [ERROR]: Database connection failed: getaddrinfo EAI_AGAIN mysql
2026-07-10 06:11:47  [INFO]: Server running on port 3000
2026-07-10 06:11:52  [ERROR]: Database connection failed: getaddrinfo EAI_AGAIN mysql
2026-07-10 06:12:53  [INFO]: Server running on port 3000
2026-07-10 06:12:58  [ERROR]: Database connection failed: getaddrinfo EAI_AGAIN mysql
2026-07-10 06:13:59  [INFO]: Server running on port 3000
2026-07-10 06:14:04  [ERROR]: Database connection failed: getaddrinfo EAI_AGAIN mysql
2026-07-10 06:15:05  [INFO]: Server running on port 3000
2026-07-10 06:15:10  [ERROR]: Database connection failed: getaddrinfo EAI_AGAIN mysql
2026-07-10 06:16:12  [INFO]: Server running on port 3000
2026-07-10 06:16:17  [ERROR]: Database connection failed: getaddrinfo EAI_AGAIN mysql
2026-07-10 06:17:18  [INFO]: Server running on port 3000
2026-07-10 06:17:23  [ERROR]: Database connection failed: getaddrinfo EAI_AGAIN mysql
2026-07-10 06:18:24  [INFO]: Server running on port 3000
2026-07-10 06:18:29  [ERROR]: Database connection failed: getaddrinfo EAI_AGAIN mysql
2026-07-10 06:19:29  [INFO]: Server running on port 3000
2026-07-10 06:19:34  [ERROR]: Database connection failed: getaddrinfo EAI_AGAIN mysql
2026-07-10 06:20:35  [INFO]: Server running on port 3000
2026-07-10 06:20:40  [ERROR]: Database connection failed: getaddrinfo EAI_AGAIN mysql
2026-07-10 06:21:41  [INFO]: Server running on port 3000
2026-07-10 06:21:46  [ERROR]: Database connection failed: getaddrinfo EAI_AGAIN mysql
2026-07-10 06:22:47  [INFO]: Server running on port 3000
2026-07-10 06:22:52  [ERROR]: Database connection failed: getaddrinfo EAI_AGAIN mysql
2026-07-10 06:23:53  [INFO]: Server running on port 3000
2026-07-10 06:23:58  [ERROR]: Database connection failed: getaddrinfo EAI_AGAIN mysql
2026-07-10 06:24:59  [INFO]: Server running on port 3000
2026-07-10 06:25:04  [ERROR]: Database connection failed: getaddrinfo EAI_AGAIN mysql
2026-07-10 06:26:05  [INFO]: Server running on port 3000
2026-07-10 06:26:10  [ERROR]: Database connection failed: getaddrinfo EAI_AGAIN mysql
2026-07-10 06:27:11  [INFO]: Server running on port 3000
2026-07-10 06:27:16  [ERROR]: Database connection failed: getaddrinfo EAI_AGAIN mysql
2026-07-10 06:28:17  [INFO]: Server running on port 3000
2026-07-10 06:28:22  [ERROR]: Database connection failed: getaddrinfo EAI_AGAIN mysql
2026-07-10 06:29:23  [INFO]: Server running on port 3000
2026-07-10 06:29:28  [ERROR]: Database connection failed: getaddrinfo EAI_AGAIN mysql
2026-07-10 06:30:29  [INFO]: Server running on port 3000
2026-07-10 06:30:34  [ERROR]: Database connection failed: getaddrinfo EAI_AGAIN mysql
2026-07-10 06:31:35  [INFO]: Server running on port 3000
2026-07-10 06:31:40  [ERROR]: Database connection failed: getaddrinfo EAI_AGAIN mysql
2026-07-10 06:32:41  [INFO]: Server running on port 3000
2026-07-10 06:32:46  [ERROR]: Database connection failed: getaddrinfo EAI_AGAIN mysql
2026-07-10 06:33:47  [INFO]: Server running on port 3000
2026-07-10 06:33:52  [ERROR]: Database connection failed: getaddrinfo EAI_AGAIN mysql
2026-07-10 06:34:53  [INFO]: Server running on port 3000
2026-07-10 06:34:58  [ERROR]: Database connection failed: getaddrinfo EAI_AGAIN mysql
2026-07-10 06:35:59  [INFO]: Server running on port 3000
2026-07-10 06:36:04  [ERROR]: Database connection failed: getaddrinfo EAI_AGAIN mysql
2026-07-10 06:37:05  [INFO]: Server running on port 3000
2026-07-10 06:37:10  [ERROR]: Database connection failed: getaddrinfo EAI_AGAIN mysql
2026-07-10 06:38:11  [INFO]: Server running on port 3000
2026-07-10 06:38:16  [ERROR]: Database connection failed: getaddrinfo EAI_AGAIN mysql
2026-07-10 06:39:17  [INFO]: Server running on port 3000
2026-07-10 06:39:22  [ERROR]: Database connection failed: getaddrinfo EAI_AGAIN mysql
2026-07-10 06:40:23  [INFO]: Server running on port 3000
2026-07-10 06:40:28  [ERROR]: Database connection failed: getaddrinfo EAI_AGAIN mysql
2026-07-10 06:41:29  [INFO]: Server running on port 3000
2026-07-10 06:41:34  [ERROR]: Database connection failed: getaddrinfo EAI_AGAIN mysql
2026-07-10 06:42:35  [INFO]: Server running on port 3000
2026-07-10 06:42:40  [ERROR]: Database connection failed: getaddrinfo EAI_AGAIN mysql
2026-07-10 06:43:41  [INFO]: Server running on port 3000
2026-07-10 06:43:46  [ERROR]: Database connection failed: getaddrinfo EAI_AGAIN mysql
2026-07-10 06:44:47  [INFO]: Server running on port 3000
2026-07-10 06:44:52  [ERROR]: Database connection failed: getaddrinfo EAI_AGAIN mysql
2026-07-10 06:45:53  [INFO]: Server running on port 3000
2026-07-10 06:45:58  [ERROR]: Database connection failed: getaddrinfo EAI_AGAIN mysql
2026-07-10 06:46:59  [INFO]: Server running on port 3000
2026-07-10 06:47:04  [ERROR]: Database connection failed: getaddrinfo EAI_AGAIN mysql
2026-07-10 06:48:05  [INFO]: Server running on port 3000
2026-07-10 06:48:10  [ERROR]: Database connection failed: getaddrinfo EAI_AGAIN mysql
2026-07-10 06:49:11  [INFO]: Server running on port 3000
2026-07-10 06:49:16  [ERROR]: Database connection failed: getaddrinfo EAI_AGAIN mysql
2026-07-10 06:50:17  [INFO]: Server running on port 3000
2026-07-10 06:50:22  [ERROR]: Database connection failed: getaddrinfo EAI_AGAIN mysql
2026-07-10 07:22:56  [INFO]: Server running on port 3000
2026-07-10 07:23:01  [ERROR]: Database connection failed: getaddrinfo EAI_AGAIN mysql
2026-07-10 07:24:01  [INFO]: Server running on port 3000
2026-07-10 07:24:06  [ERROR]: Database connection failed: getaddrinfo EAI_AGAIN mysql
2026-07-10 07:25:07  [INFO]: Server running on port 3000
2026-07-10 07:25:12  [ERROR]: Database connection failed: getaddrinfo EAI_AGAIN mysql
2026-07-10 07:26:13  [INFO]: Server running on port 3000
2026-07-10 07:26:18  [ERROR]: Database connection failed: getaddrinfo EAI_AGAIN mysql
2026-07-10 07:27:20  [INFO]: Server running on port 3000
2026-07-10 07:27:25  [ERROR]: Database connection failed: getaddrinfo EAI_AGAIN mysql
2026-07-10 07:28:26  [INFO]: Server running on port 3000
2026-07-10 07:28:31  [ERROR]: Database connection failed: getaddrinfo EAI_AGAIN mysql
2026-07-10 07:29:31  [INFO]: Server running on port 3000
2026-07-10 07:29:36  [ERROR]: Database connection failed: getaddrinfo EAI_AGAIN mysql
2026-07-10 07:30:37  [INFO]: Server running on port 3000
2026-07-10 07:30:42  [ERROR]: Database connection failed: getaddrinfo EAI_AGAIN mysql
2026-07-10 07:31:43  [INFO]: Server running on port 3000
2026-07-10 07:31:48  [ERROR]: Database connection failed: getaddrinfo EAI_AGAIN mysql
2026-07-10 07:32:49  [INFO]: Server running on port 3000
2026-07-10 07:32:54  [ERROR]: Database connection failed: getaddrinfo EAI_AGAIN mysql
2026-07-10 07:33:55  [INFO]: Server running on port 3000
2026-07-10 07:34:00  [ERROR]: Database connection failed: getaddrinfo EAI_AGAIN mysql
2026-07-10 07:35:01  [INFO]: Server running on port 3000
2026-07-10 07:35:06  [ERROR]: Database connection failed: getaddrinfo EAI_AGAIN mysql
2026-07-10 07:36:07  [INFO]: Server running on port 3000
2026-07-10 07:36:12  [ERROR]: Database connection failed: getaddrinfo EAI_AGAIN mysql
2026-07-10 07:37:13  [INFO]: Server running on port 3000
2026-07-10 07:37:18  [ERROR]: Database connection failed: getaddrinfo EAI_AGAIN mysql
2026-07-10 07:38:19  [INFO]: Server running on port 3000
2026-07-10 07:38:24  [ERROR]: Database connection failed: getaddrinfo EAI_AGAIN mysql
2026-07-10 07:39:25  [INFO]: Server running on port 3000
2026-07-10 07:39:30  [ERROR]: Database connection failed: getaddrinfo EAI_AGAIN mysql
2026-07-10 07:40:31  [INFO]: Server running on port 3000
2026-07-10 07:40:36  [ERROR]: Database connection failed: getaddrinfo EAI_AGAIN mysql
2026-07-10 07:41:37  [INFO]: Server running on port 3000
2026-07-10 07:41:42  [ERROR]: Database connection failed: getaddrinfo EAI_AGAIN mysql
2026-07-10 07:42:43  [INFO]: Server running on port 3000
2026-07-10 07:42:48  [ERROR]: Database connection failed: getaddrinfo EAI_AGAIN mysql
2026-07-10 07:43:49  [INFO]: Server running on port 3000
2026-07-10 07:43:54  [ERROR]: Database connection failed: getaddrinfo EAI_AGAIN mysql
2026-07-10 07:44:55  [INFO]: Server running on port 3000
2026-07-10 07:45:00  [ERROR]: Database connection failed: getaddrinfo EAI_AGAIN mysql
2026-07-10 07:46:01  [INFO]: Server running on port 3000
2026-07-10 07:46:06  [ERROR]: Database connection failed: getaddrinfo EAI_AGAIN mysql
2026-07-10 07:47:07  [INFO]: Server running on port 3000
2026-07-10 07:47:12  [ERROR]: Database connection failed: getaddrinfo EAI_AGAIN mysql
2026-07-10 07:48:13  [INFO]: Server running on port 3000
2026-07-10 07:48:18  [ERROR]: Database connection failed: getaddrinfo EAI_AGAIN mysql
2026-07-10 07:49:19  [INFO]: Server running on port 3000
2026-07-10 07:49:24  [ERROR]: Database connection failed: getaddrinfo EAI_AGAIN mysql
2026-07-10 07:50:25  [INFO]: Server running on port 3000
2026-07-10 07:50:30  [ERROR]: Database connection failed: getaddrinfo EAI_AGAIN mysql
2026-07-10 07:51:30  [INFO]: Server running on port 3000
2026-07-10 07:51:35  [ERROR]: Database connection failed: getaddrinfo EAI_AGAIN mysql
2026-07-10 07:52:36  [INFO]: Server running on port 3000
2026-07-10 07:52:41  [ERROR]: Database connection failed: getaddrinfo EAI_AGAIN mysql
2026-07-10 07:53:42  [INFO]: Server running on port 3000
2026-07-10 07:53:47  [ERROR]: Database connection failed: getaddrinfo EAI_AGAIN mysql
2026-07-10 07:54:48  [INFO]: Server running on port 3000
2026-07-10 07:54:53  [ERROR]: Database connection failed: getaddrinfo EAI_AGAIN mysql
2026-07-10 07:55:54  [INFO]: Server running on port 3000
2026-07-10 07:55:59  [ERROR]: Database connection failed: getaddrinfo EAI_AGAIN mysql
2026-07-10 07:57:00  [INFO]: Server running on port 3000
2026-07-10 07:57:05  [ERROR]: Database connection failed: getaddrinfo EAI_AGAIN mysql
2026-07-10 07:58:06  [INFO]: Server running on port 3000
2026-07-10 07:58:11  [ERROR]: Database connection failed: getaddrinfo EAI_AGAIN mysql
2026-07-10 07:59:12  [INFO]: Server running on port 3000
2026-07-10 07:59:17  [ERROR]: Database connection failed: getaddrinfo EAI_AGAIN mysql
2026-07-10 08:00:18  [INFO]: Server running on port 3000
2026-07-10 08:00:23  [ERROR]: Database connection failed: getaddrinfo EAI_AGAIN mysql
2026-07-10 08:01:24  [INFO]: Server running on port 3000
2026-07-10 08:01:29  [ERROR]: Database connection failed: getaddrinfo EAI_AGAIN mysql
2026-07-10 08:02:30  [INFO]: Server running on port 3000
2026-07-10 08:02:35  [ERROR]: Database connection failed: getaddrinfo EAI_AGAIN mysql
2026-07-10 08:03:36  [INFO]: Server running on port 3000
2026-07-10 08:03:41  [ERROR]: Database connection failed: getaddrinfo EAI_AGAIN mysql
2026-07-10 08:04:42  [INFO]: Server running on port 3000
2026-07-10 08:04:47  [ERROR]: Database connection failed: getaddrinfo EAI_AGAIN mysql
2026-07-10 08:05:47  [INFO]: Server running on port 3000
2026-07-10 08:05:52  [ERROR]: Database connection failed: getaddrinfo EAI_AGAIN mysql
2026-07-10 08:06:53  [INFO]: Server running on port 3000
2026-07-10 08:06:58  [ERROR]: Database connection failed: getaddrinfo EAI_AGAIN mysql
2026-07-10 08:07:59  [INFO]: Server running on port 3000
2026-07-10 08:08:04  [ERROR]: Database connection failed: getaddrinfo EAI_AGAIN mysql
